Hauptkategorie (neu);Unterkategorie (neu);Top-Rang;Relevanz 1-5;Produktname;Bild;Beschreibung (max. 500 Zeichen);Feature / USP (Hauptbotschaft);Sekundäre Information;Link Ferronato-Shop;Sparte/Farbe;Preis CHF exkl. MwSt;Art.-Nr.;Verfügbarkeit;Alte Shop-Unterkategorie;Begründung Top
01 Messen & Anzeichnen;Laser & Distanzmesser;1;5;FLEX  Aktion Akku Linienlaser 360° ALC3/360-G/R 12 Volt;https://shop.ferronato.ch/images/product/large/6108.jpg;FLEX Akku-Linienlaser ALC3/360-G/R, eine horizontale und zwei vertikale 360°-Linien, Lotfunktion, Selbstnivellierung, Reichweite 100 m (mit Empfänger 120 m), Genauigkeit ±0,3 mm/m, IP54, Laserklasse 2, Gewicht ohne Akku 0,8 kg. Set mit Akku 2,5 Ah, Ladegerät, Empfänger, Stativ, Zieltafel, Sichtbrille, L-Boxx-Koffer.;Präzise 360°-Kreuzlinien für schnelles Ausrichten von Fliesenspiegeln.;Aktionsset inklusive Akku, Ladegerät, Empfänger und Stativ.;https://shop.ferronato.ch/de/product/6108/flex-aktion-akku-linienlaser-360-alc3-360-g-r-12-volt?CatID=216;Plattenleger;990.0;050-278;ab Lager;Elektrogeräte, Mit Akku;360°-Linienlaser als Aktion, das meistgesuchte Ausrichtwerkzeug für Fliesenspiegel.
01 Messen & Anzeichnen;Laser & Distanzmesser;2;4;FLEX Aktion Selbstnivellierender Kreuzlinien-Laser ALC 3/1-G/R;https://shop.ferronato.ch/images/product/large/7315.jpg;FLEX selbstnivellierender Kreuzlinien-Laser mit horizontaler und zwei vertikalen Linien plus Lotfunktion, grüne Laserdiode für bessere Sichtbarkeit. Arbeitsbereich 20 m, mit Empfänger bis 70 m, Genauigkeit ±0.3 mm. Laserklasse 2, integrierter Akku, inkl. Stativ.;Präziser, gut sichtbarer Kreuzlinienlaser mit grüner Laserdiode und Lot.;Aktionsset inkl. Stativ, Wandhalter und Transporttasche, Preis CHF 389.00.;https://shop.ferronato.ch/de/product/7315/flex-aktion-selbstnivellierender-kreuzlinien-laser-alc-3-1-g-r?CatID=216;Plattenleger;389.0;050-572;Nicht an Lager;Elektrogeräte, Mit Akku;Selbstnivellierender Kreuzlinienlaser mit grüner Diode, Standard auf jeder Baustelle.
01 Messen & Anzeichnen;Laser & Distanzmesser;;3;FLEX Laser Distanzmesser ADM 30 Smart;https://shop.ferronato.ch/images/product/large/6926.jpg;FLEX Laser-Distanzmesser mit Längen-, Flächen- und Volumenberechnung, kontinuierlichem Messmodus und indirekter Höhenmessung via Pythagoras. Arbeitsbereich 0.03-30 m, Genauigkeit ±3 mm, Laserklasse 2, integrierter Akku, Gewicht 38 g.;Kompakter Laser-Distanzmesser für schnelles Aufmass im Innenbereich.;Inkl. USB-Ladekabel, Preis CHF 59.00.;https://shop.ferronato.ch/de/product/6926/flex-laser-distanzmesser-adm-30-smart?CatID=216;Plattenleger;59.0;050-374;ab Lager;Plattenleger (Hauptkategorie);Praktisches Messwerkzeug, aber nicht bei jedem Auftrag zwingend.
01 Messen & Anzeichnen;Marker & Stifte;;3;Lyra China Marker Universal Wachsstift;https://shop.ferronato.ch/images/product/large/7389.jpg;Wachsstift für professionelles Anzeichnen auf glatten Oberflächen wie Glas, Kunststoff, Papier, Metall und Gummi. Hitzebeständig bis 400°C, braune Farbmine bis 800°C. Ohne Lösungsmittel. Länge 170 mm. Erhältlich in rot, gelb, blau, schwarz, weiss.;Wachsstift zum Anzeichnen auf glatten Oberflächen, hitzebeständig bis 400°C.;5 Farben erhältlich: rot, gelb, blau, schwarz, weiss, je CHF 2.30.;https://shop.ferronato.ch/de/product/7389/lyra-china-marker-universal-wachsstift?CatID=216;Plattenleger;2.3;;;Plattenleger (Hauptkategorie);Günstiges, häufig genutztes Anzeichenwerkzeug für den Alltag auf der Baustelle.
01 Messen & Anzeichnen;Marker & Stifte;;3;Lyra Ink Profi permanent Tieflochmarker, Farbe ROT;https://shop.ferronato.ch/images/product/large/7394.jpg;Permanenter Tieflochmarker mit Edelstahl-Teleskopspitze (35 mm) zum Anzeichnen von Bohrlöchern und schwer zugänglichen Stellen. Für alle Oberflächen wie Holz, Metall, Kunststoff, Glas, Keramik geeignet. Strichbreite 1 mm, ergonomisch dreiflächig, mit Köcherschoner und Clip.;Teleskopspitze markiert Bohrlöcher auch an schwer zugänglichen Stellen präzise.;Auch in Farbe Schwarz erhältlich, Preis CHF 7.65.;https://shop.ferronato.ch/de/product/7394/lyra-ink-profi-permanent-tieflochmarker-farbe-rot?CatID=216;Plattenleger / rot;7.65;040-932 ROT;ab Lager;Plattenleger (Hauptkategorie);Praktisches, oft genutztes Anzeichenwerkzeug beim Bohren.
01 Messen & Anzeichnen;Marker & Stifte;;3;Lyra Ink Profi permanent Tieflochmarker, Farbe SCHWARZ;https://shop.ferronato.ch/images/product/large/7395.png;Permanenter Tieflochmarker mit Edelstahl-Teleskopspitze (35 mm) zum Anzeichnen von Bohrlöchern und schwer zugänglichen Stellen. Für alle Oberflächen wie Holz, Metall, Kunststoff, Glas, Keramik geeignet. Strichbreite 1 mm, ergonomisch dreiflächig, mit Köcherschoner und Clip.;Teleskopspitze markiert Bohrlöcher auch an schwer zugänglichen Stellen präzise.;Auch in Farbe Rot erhältlich, Preis CHF 7.65.;https://shop.ferronato.ch/de/product/7395/lyra-ink-profi-permanent-tieflochmarker-farbe-schwarz?CatID=216;Plattenleger / schwarz;7.65;040-932 SCHWARZ;ab Lager;Plattenleger (Hauptkategorie);Praktisches, oft genutztes Anzeichenwerkzeug beim Bohren.
01 Messen & Anzeichnen;Marker & Stifte;;3;Lyra Universalschreiber, wachshaltige Mine;https://shop.ferronato.ch/images/product/large/7377.jpg;Lyra Universalschreiber mit wachshaltiger Mine, dünner Markierungsstift für glatte Oberflächen wie Metall, Keramik, Kunststoff, Stein, Beton und Glas. Leicht entfernbar von Metall, Keramik, Kunststoff und Glas. Ø 6.8 mm, Länge 17.8 cm, Karton à 12 Stück.;Vielseitiger Markierstift für glatte Oberflächen, leicht entfernbar.;In Blau, Gelb, Rot und Weiss erhältlich, Karton à 12 Stück, Preis CHF 2.40.;https://shop.ferronato.ch/de/product/7377/lyra-universalschreiber-wachshaltige-mine?CatID=216;Plattenleger;2.4;;;Plattenleger (Hauptkategorie);Häufig genutztes Anzeichenwerkzeug für unterschiedliche Materialien.
01 Messen & Anzeichnen;Marker & Stifte;;3;Lyra Zimmermannstifte 333, flachoval;https://shop.ferronato.ch/images/product/large/7374.jpg;Lyra Zimmermannstift 333, flachoval, 18 cm, mit bruchfester Mine für professionelle Markierungen auf trockenem Holz. Markierfarbe Graphit, Markierbreite mittel, Härte H.;Robuster Zimmermannstift für präzise Markierungen auf Holz.;Preis pro Stück, CHF 1.85.;https://shop.ferronato.ch/de/product/7374/lyra-zimmermannstifte-333-flachoval?CatID=216;Plattenleger;1.85;040-785;ab Lager;Plattenleger (Hauptkategorie);Häufig genutztes Anzeichenwerkzeug, günstiges Verbrauchsmaterial.
01 Messen & Anzeichnen;Marker & Stifte;;3;Pentel NN50 Filzstift;https://shop.ferronato.ch/images/product/large/1080.jpg;Pentel wasserfester Filzstift NN50, schwarz, 1 Stück. Kunststoffgehäuse mit Kappe und Clip, Strichbreite 5 mm.;Wasserfester Filzstift zum sauberen Anzeichnen auf der Baustelle.;1 Stück, Strichbreite 5 mm, Preis CHF 5.75.;https://shop.ferronato.ch/de/product/1080/pentel-nn50-filzstift?CatID=216;Plattenleger / schwarz;5.75;100-200;ab Lager;Plattenleger (Hauptkategorie);Häufiges Verbrauchsmaterial zum Anzeichnen, kein Kernprodukt.
01 Messen & Anzeichnen;Marker & Stifte;;2;Steinhauer-Bleistift flachoval;https://shop.ferronato.ch/images/product/large/3239.png;Steinhauerstift, flachoval, 30 cm lang, Profi-Ausführung, bruchfeste Mine in Spezialhärte 10H mit guten Spitzeigenschaften, für Markierungen auf Stein, Beton und rauen Oberflächen.;Bruchfester Anzeichnungsstift für raue Oberflächen wie Stein und Beton.;Länge 30 cm, Preis CHF 2.75.;https://shop.ferronato.ch/de/product/3239/steinhauer-bleistift-flachoval?CatID=216;Plattenleger;2.75;040-784;ab Lager;Plattenleger (Hauptkategorie);Günstiges, häufig benutztes Kleinwerkzeug zum Anzeichnen.
01 Messen & Anzeichnen;Schlagschnur & Rollmeter;3;4;KRAFTWERK Profi-Rollmeter 5m x 27mm;https://shop.ferronato.ch/images/product/large/6152.jpg;Profi-Rollmeter 5 m x 27 mm, extra breites schockabsorbierendes, nylonbeschichtetes Massband, 2-seitig mm-Beschriftung, grosser magnetischer Endhaken, robustes ABS-/Gummigehäuse.;Robustes 5-m-Massband mit magnetischem Endhaken für den täglichen Einsatz.;Nylonbeschichtet, 2-seitig beschriftet.;https://shop.ferronato.ch/de/product/6152/kraftwerk-profi-rollmeter-5m-x-27mm?CatID=216;Plattenleger;32.0;130-146;ab Lager;Plattenleger (Hauptkategorie);Profi-Rollmeter 5 m, günstiger Dauerläufer und typischer Mitnahmeartikel.
01 Messen & Anzeichnen;Schlagschnur & Rollmeter;4;3;Lyra Cosmos Line Alu fast rewind Schlagschnurgerät;https://shop.ferronato.ch/images/product/large/7396.jpg;Robustes Schlagschnurgerät mit Fast-Rewind-Funktion für professionelle Anwendungen an Wänden, Decken und Böden. Farbige Markierungen für gerade Linien im Innen- und Aussenbereich. Markiermittellänge 30 m.;Zieht gerade Anschlaglinien auf Wand, Decke und Boden, schnelle Rückspulung.;Markiermittellänge 30 m, Preis CHF 57.00.;https://shop.ferronato.ch/de/product/7396/lyra-cosmos-line-alu-fast-rewind-schlagschnurger-t?CatID=216;Plattenleger;57.0;040-986;ab Lager;Plattenleger (Hauptkategorie);Schlagschnurgerät mit schnellem Rücklauf, Basiswerkzeug beim Anreissen.
01 Messen & Anzeichnen;Schlagschnur & Rollmeter;;2;Lyra Schlagschnurpulver 200g rot;https://shop.ferronato.ch/images/product/large/7397.jpg;Hochpigmentiertes Schlagschnurpulver, 200 g, Farbe rot, für gut sichtbare Markierungen an Wänden, Decken und Böden im Innen- und Aussenbereich. Für Hoch-/Tiefbau, Sanitär, Fliesenleger, Schreiner und Zimmermann.;Hochpigmentiertes Pulver für sehr gut sichtbare Anschlaglinien.;Inhalt 200 g, Preis CHF 8.95.;https://shop.ferronato.ch/de/product/7397/lyra-schlagschnurpulver-200g-rot?CatID=216;Plattenleger / rot;8.95;040-988;ab Lager;Plattenleger (Hauptkategorie);Verbrauchsmaterial zum Schlagschnurgerät, Nachkaufartikel.
02 Schneiden & Trennen;Fliesenschneider & Schneidetische;5;5;Fliesenschneider TRACER 1200;https://shop.ferronato.ch/images/product/large/7467.jpg;Handgeführter Fliesenschneider für Fliesen bis 1200 mm, mit zwei wechselbaren Rollen (Ø22 mm bis 10 mm Dicke, Ø12 mm für 10-15 mm dicke Fliesen). Ganzmetallführungen, verstellbare Anschläge, eingebauter grüner Laser, Schmiersystem für die Rollen. Gewicht 18 kg. Lieferumfang: Arbeitsbereichserweiterungen, Ladegerät, Laser, Schutzbrille, Ölbehälter.;Präziser handgeführter Fliesenschneider mit Laserführung bis 1200 mm Fliesenlänge.;Zwei Rollen für Fliesen bis 15 mm Dicke, Gewicht 18 kg, Preis CHF 550.00.;https://shop.ferronato.ch/de/product/7467/fliesenschneider-tracer-1200?CatID=216;Plattenleger;550.0;032-664;ab Lager;Plattenleger (Hauptkategorie);Fliesenschneider TRACER 1200, Kernanschaffung für gerade Schnitte auf der Baustelle.
02 Schneiden & Trennen;Fliesenschneider & Schneidetische;6;4;DISTAR CeraMAX 1200 TELESCOPE 2.0 Schneidetisch;https://shop.ferronato.ch/images/product/large/7866.jpg;Höhenverstellbarer Kipptisch für rückenschonendes, präzises Schneiden und Schleifen von Fliesenkanten. Verstellbereich 800-1200 mm, neigbare Arbeitsfläche für den 45°-Winkel, verstärktes 100 mm breites Aluminiumprofil mit Gummieinlagen gegen Vibrationen, Halterungen für Winkelschleifer und Plattenhalter. Arbeitsfläche 1300x780 mm.;Höhenverstellbarer Schneidetisch für rückenschonendes Arbeiten und 45°-Schnitte.;Verstellbereich 800-1200 mm, Arbeitsfläche 1300x780 mm, Preis CHF 735.00.;https://shop.ferronato.ch/de/product/7866/distar-ceramax-1200-telescope-2-0-schneidetisch?CatID=216;Plattenleger;735.0;032-665;Nicht an Lager;Plattenleger (Hauptkategorie);DISTAR CeraMAX Schneidetisch, rückenschonende Ergänzung zum Winkelschleifer.
02 Schneiden & Trennen;Kleintrennscheiben & Graviergeräte;;4;DISTAR MasterCUT Ø76 Diamanttrennscheibe trocken für Keramik;https://shop.ferronato.ch/images/product/large/7864.jpg;DISTAR MasterCUT 76-Trennscheibe für leistungsschwache 76-mm-Winkelschleifer, schneidet Feinsteinzeug, Glas und Quarzvinyl trocken oder mit Wasserkühlung. Vakuumlöttechnologie, kompakte Grösse für wendige, sichere Schnitte auch an schwer zugänglichen Stellen, Standzeit ca. 10 lfm bei 10 mm Feinsteinzeug. Aufnahme 10 mm.;Schneidet Feinsteinzeug präzise auch mit kleinen, leistungsschwachen Winkelschleifern.;Trocken- und Nassanwendung, Standzeit ca. 10 lfm, Preis CHF 19.00.;https://shop.ferronato.ch/de/product/7864/distar-mastercut-76-diamanttrennscheibe-trocken-f-r-keramik?CatID=216;Plattenleger;19.0;032-669 76;ab Lager;Diamantwerkzeuge, Diamanttrennscheiben 45mm -125mm;Preisgünstige Kleintrennscheibe mit hoher Standzeit, oft gebraucht.
02 Schneiden & Trennen;Kleintrennscheiben & Graviergeräte;;4;DISTAR MasterCut DTS trocken für Keramik & Feinsteinzeug Ø 45mm;https://shop.ferronato.ch/images/product/large/7863.jpg;DISTAR MasterCUT-Trennscheibe für Gravurgeräte, schneidet Feinsteinzeug und Keramikfliesen im Trocken- und Nassbetrieb. Seitliche Diamantschicht von ca. 10 mm eignet sich zusätzlich zum Ausräumen von Fugen vor dem Verfugen. Durchmesser 45 mm, Dicke 0.8 mm, Aufnahme 5.8 mm, Standzeit ca. 10-15 lfm.;Vielseitige Kleinscheibe zum Schneiden und Fugenausräumen in einem Werkzeug.;Trocken- und Nassanwendung, Durchmesser 45 mm, Preis CHF 13.00.;https://shop.ferronato.ch/de/product/7863/distar-mastercut-dts-trocken-f-r-keramik-feinsteinzeug-45mm?CatID=216;Plattenleger;13.0;032-669 45;ab Lager;Diamantwerkzeuge, Diamanttrennscheiben 45mm -125mm;Günstige, vielseitige DISTAR-Kleinscheibe, oft nachgekauft.
02 Schneiden & Trennen;Kleintrennscheiben & Graviergeräte;;4;PROXXON Akku Langhals - Winkelbohrmaschine LHW/A;https://shop.ferronato.ch/images/product/large/7841.jpg;Akku-Langhals-Winkelbohrmaschine für Bohren, Schleifen, Trennen und Polieren an schwer zugänglichen Stellen, ideal für Fliesenbearbeitung. Getriebekopf aus Alu-Druckguss, glasfaserverstärktes Polyamidgehäuse, stufenlose Drehzahlregelung. Drehzahlbereich 5000-16000/min, Länge 320 mm, Gewicht 760 g, inkl. MICROMOT-Spannzangen-Set, ohne Akku und Ladegerät.;Akkubetriebene Langhals-Winkelbohrmaschine für präzise Arbeiten ohne Steckdose.;Inkl. Spannzangen-Set (6 Grössen), ohne Akku/Ladegerät, Preis CHF 199.00.;https://shop.ferronato.ch/de/product/7841/proxxon-akku-langhals-winkelbohrmaschine-lhw-a?CatID=216;Plattenleger;199.0;060-210 A;ab Lager;Elektrogeräte, Mit Akku;Zentrales Präzisionswerkzeug fürs Feinsteinzeug-Bohren, starke PROXXON-Marke.
02 Schneiden & Trennen;Kleintrennscheiben & Graviergeräte;;4;PROXXON Akku Langhals - Winkelbohrmaschine LWB/A;https://shop.ferronato.ch/images/product/large/7843.png;Akku-Langhals-Winkelbohrmaschine für Bohren, Schleifen, Trennen und Polieren an schwer zugänglichen Stellen, ideal für Fliesenbearbeitung. Getriebekopf aus Alu-Druckguss, glasfaserverstärktes Polyamidgehäuse, stufenlose Drehzahlregelung. Drehzahlbereich 5000-16000/min, Länge 320 mm, Gewicht 760 g, inkl. MICROMOT-Spannzangen-Set, ohne Akku und Ladegerät.;Akkubetriebene Langhals-Winkelbohrmaschine für präzise Arbeiten ohne Steckdose.;Inkl. Spannzangen-Set (6 Grössen), ohne Akku/Ladegerät, Preis CHF 199.00.;https://shop.ferronato.ch/de/product/7843/proxxon-akku-langhals-winkelbohrmaschine-lwb-a?CatID=216;Plattenleger;199.0;060-212 A;ab Lager;Plattenleger (Hauptkategorie);Zentrales Präzisionswerkzeug fürs Feinsteinzeug-Bohren, starke PROXXON-Marke.
02 Schneiden & Trennen;Kleintrennscheiben & Graviergeräte;;4;PROXXON/DISTAR Starter Set;https://shop.ferronato.ch/images/product/large/7878.jpg;Ferronato-Starterset mit zwei PROXXON Akku-Langhals-Winkelbohrmaschinen (LHW/A und LWB/A), DISTAR Druckflasche, DISTAR MasterCut- und Butterfly-Trennscheibe Ø45mm, Spraynozzle mit Schutz, Schaumstützteller Ø50mm sowie 4 CoolPAD-Polierscheiben #1-4. Nassanwendung nur mit Akku-Maschinen.;Komplettes Einsteiger-Set für Feinbearbeitung von Feinsteinzeug zum Aktionspreis.;Enthält 2 Maschinen und alle Verbrauchszubehörteile, Preis CHF 499.00.;https://shop.ferronato.ch/de/product/7878/proxxon-distar-starter-set?CatID=216;Plattenleger;499.0;060-211 S1;Nicht an Lager;Elektrogeräte;Attraktives Komplettset zum Einstieg, spart Einzelbeschaffung.
02 Schneiden & Trennen;Kleintrennscheiben & Graviergeräte;;4;TERMIT Diamanttrennscheibe Ø76mm;https://shop.ferronato.ch/images/product/large/7472.jpg;DISTAR Termit Kleintrennscheibe in Turbo-Ausführung für ultrastarken Feinsteinzeug bis 10 mm Dicke, saubere Schnitte ohne Absplitterungen. Hohe Manövrierfähigkeit für schwer zugängliche Stellen. Durchmesser 76 mm, Diamantschicht 1.0 mm, Körperdicke 0.8 mm, Aufnahme 10 mm, Trockenanwendung.;Kleine, wendige Trennscheibe für schwer zugängliche Schnitte an dickem Feinsteinzeug.;Aufnahme 10 mm, Trockenanwendung, Preis CHF 39.00.;https://shop.ferronato.ch/de/product/7472/termit-diamanttrennscheibe-76mm?CatID=216;Plattenleger;39.0;032-668;ab Lager;Diamantwerkzeuge, Diamanttrennscheiben 45mm -125mm;Beliebte DISTAR-Kleintrennscheibe für Detailarbeiten, starke Marke.
02 Schneiden & Trennen;Kleintrennscheiben & Graviergeräte;;3;BUTTERFLY DTS Ø45mm x 0.58mm x 0.45mm trocken für Keramik & Feinsteinzeug;https://shop.ferronato.ch/images/product/large/7728.jpg;DISTAR Butterfly-Kleintrennscheibe für Schmuckpräzision beim Schneiden feiner Elemente aus Feinsteinzeug wie Knöpfe, Klappen oder Möbeldetails. Durchgehende Diamantschicht 0.6 mm für minimale Schnittbreite, hohe Steifigkeit, nur mit Wasserkühlung. Durchmesser 45 mm, Aufnahme 5.8 mm, Dorn Ø3 mm.;Präzisionsscheibe für feinste Feinsteinzeug-Details mit minimaler Schnittbreite.;Nur Nassanwendung, Durchmesser 45 mm, Preis CHF 31.00.;https://shop.ferronato.ch/de/product/7728/butterfly-dts-45mm-x-0-58mm-x-0-45mm-trocken-f-r-keramik-feinsteinzeug?CatID=216;Plattenleger;31.0;032-730;ab Lager;Diamantwerkzeuge, DISTAR Technik, Diamanttrennscheiben 45mm -125mm;Spezialscheibe für feinste Detailschnitte, gezielt eingesetzt.
02 Schneiden & Trennen;Kleintrennscheiben & Graviergeräte;;3;COLIBRI Diamanttrennscheibe Ø76mm;https://shop.ferronato.ch/images/product/large/7473.jpg;DISTAR Colibri-Kleintrennscheibe für präzise, komplexe Schnitte mit minimaler Schnittbreite, z.B. Spültasten oder Revisionsklappen. Durchgehende Diamantschicht 0.8 mm, Schnittbreite bis 1.0 mm nach Nachbearbeitung, für akku- und netzbetriebene Winkelschleifer. Durchmesser 76 mm, Aufnahme 10 mm, Trockenanwendung.;Präzisionsscheibe für feinste, komplexe Ausschnitte wie Spültasten oder Klappen.;Für Akku- und Netz-Winkelschleifer, Preis CHF 50.00.;https://shop.ferronato.ch/de/product/7473/colibri-diamanttrennscheibe-76mm?CatID=216;Plattenleger;50.0;032-666;ab Lager;Diamantwerkzeuge, Diamanttrennscheiben 45mm -125mm;Spezialscheibe für feine Ausschnitte, seltener gebraucht als Standardscheiben.
02 Schneiden & Trennen;Kleintrennscheiben & Graviergeräte;;3;PROXXON Langhals-Winkelbohrmaschine LWB/E;https://shop.ferronato.ch/images/product/large/7842.jpg;Netzbetriebene Langhals-Winkelbohrmaschine zum Trennen, Schruppen, Schleifen, Feinschleifen, Polieren und Formgeben in Stahl, NE-Metall, Glas, Keramik, Holz und Kunststoff. Balancierter DC-Spezialmotor, Getriebekopf aus Aluminium-Druckguss, glasfaserverstärktes Polyamidgehäuse. Inkl. Schleif-, Lamellen- und Trennscheibe sowie PP-Aufbewahrungskoffer.;Netzbetriebene Langhals-Winkelbohrmaschine für präzise Arbeiten an vielen Materialien.;Inkl. Zubehörscheiben und stabilem PP-Koffer, Preis CHF 128.00.;https://shop.ferronato.ch/de/product/7842/proxxon-langhals-winkelbohrmaschine-lwb-e?CatID=216;Plattenleger;128.0;060-212 E;ab Lager;Plattenleger (Hauptkategorie);Alternative zur Akku-Variante, vielseitig aber Nischenwerkzeug.
02 Schneiden & Trennen;Kleintrennscheiben & Graviergeräte;;2;Bildhauer Trennscheibefür Marmor Ø 50/6mm und 75/6 mm;https://shop.ferronato.ch/images/product/large/1678.jpg;Bildhauer-Trennscheibe für Marmor, Durchmesser 50 oder 75 mm, Bohrung 6 mm, galvanisiert D427 grob vollbelegt. Max. Drehzahl 27000 U/min (50 mm) bzw. 18000 U/min (75 mm), für Trockenanwendung. Schaftaufnahme separat erhältlich.;Galvanisierte Kleintrennscheibe für feine Marmorarbeiten.;Durchmesser 60 mm oder 75 mm, Schaft separat, ab CHF 45.00.;https://shop.ferronato.ch/de/product/1678/bildhauer-trennscheibef-r-marmor-50-6mm-und-75-6-mm?CatID=216;Plattenleger;45.0;;;Diamantwerkzeuge, Diamanttrennscheiben 45mm -125mm;Nischenprodukt für Bildhauer- und Detailarbeiten an Marmor.
02 Schneiden & Trennen;Kleintrennscheiben & Graviergeräte;;2;DISTAR Spraynozzle und Schutz für BUTTERFLY nass;https://shop.ferronato.ch/images/product/large/7852.jpg;Wasserversorgungsaufsatz Spray 115-125 für den Winkelschleifer, führt gezielt Kühlwasser in die Schneidzone beim Nassschnitt von Feinsteinzeug. Universelle Befestigung an der Schutzhaube jeder Marke, gibt eine Hand frei, minimale Wassermenge ohne unnötigen Schmutz. Zwei Düsenpositionen für 125 mm und 101.6 mm Scheiben, nur für Akku-Geräte geeignet.;Kühlt Trennscheiben beim Nassschnitt gezielt, ohne die Hand zu belasten.;Nur für Akku-Geräte, für Trennscheiben 101 und 125 mm, Preis CHF 33.00.;https://shop.ferronato.ch/de/product/7852/distar-spraynozzle-und-schutz-f-r-butterfly-nass?CatID=216;Plattenleger;33.0;032-731;ab Lager;Diamantwerkzeuge, Diamanttrennscheiben 45mm -125mm;Zubehör für Wasserkühlung, für Standardanwendung nicht zwingend nötig.
02 Schneiden & Trennen;Kleintrennscheiben & Graviergeräte;;2;DISTAR Spraynozzle und Schutz für BUTTERFLY nass für Keramik & Feinsteinzeug - Proxxon;https://shop.ferronato.ch/images/product/large/7868.jpg;Spraynozzle mit Schutz für die Butterfly-Trennscheibe am Proxxon-Gerät, führt Kühlwasser gezielt in die Schneidzone. Lieferung mit 2 Meter Schlauch, ohne Diamanttrennscheibe und Proxxon-Gerät. Für 45 mm Trennscheiben.;Kühlt die Butterfly-Trennscheibe am Proxxon-Gravurgerät gezielt mit Wasser.;Inkl. 2 m Schlauch, für 45 mm Trennscheiben, Preis CHF 58.00.;https://shop.ferronato.ch/de/product/7868/distar-spraynozzle-und-schutz-f-r-butterfly-nass-f-r-keramik-feinsteinzeug-proxxon?CatID=216;Plattenleger;58.0;032-731 SA;ab Lager;Diamantwerkzeuge, Diamanttrennscheiben 45mm -125mm;Zubehörteil für das Proxxon-Nassschnitt-System, gezielter Bedarf.
02 Schneiden & Trennen;Kleintrennscheiben & Graviergeräte;;2;DISTAR Support Adapter Ø19mm;https://shop.ferronato.ch/images/product/large/7985.png;Präzisions-Adapter-Set, ersetzt herkömmliche Spannzangen an Proxxon-Winkelgravierern und Mini-Schleifern und verhindert deren Durchrutschen. Verkürzte Bauform reduziert Werkzeugüberhang und schont die Kugellager, sorgt für perfekte Zentrierung. Passend für Distar-Trennscheiben und Schleiftöpfe mit 5.8 mm und 9.6 mm Bohrung.;Verhindert das Durchrutschen von Spannzangen und schont die Maschinenlager.;Passend für Proxxon LWB/LWH/WP-Modelle, Preis CHF 19.50.;https://shop.ferronato.ch/de/product/7985/distar-support-adapter-19mm?CatID=216;Plattenleger;19.5;032-758;ab Lager;DISTAR Technik;Präzisionszubehör für Proxxon-Systeme, ergänzendes Nischenteil.
02 Schneiden & Trennen;Kleintrennscheiben & Graviergeräte;;2;Diamant Trenn- und Schleifscheibe Ø 30 mm M14;https://shop.ferronato.ch/images/product/large/5993.png;Diamant Trenn- und Schleifscheibe mit vakuumgelöteten Diamanten, Ø30 mm, Höhe über alles 40 mm, Aufnahme M14, Trockenanwendung.;Kleine Trenn- und Schleifscheibe für filigrane Bearbeitung an Ecken und Kanten.;Auch als Ø40 mm Version erhältlich.;https://shop.ferronato.ch/de/product/5993/diamant-trenn-und-schleifscheibe-30-mm-m14?CatID=216;Plattenleger;16.0;031-952;ab Lager;Plattenleger (Hauptkategorie);Nützliches Kleinwerkzeug für Detailarbeiten, kein Standardartikel.
02 Schneiden & Trennen;Kleintrennscheiben & Graviergeräte;;2;Diamant Trenn- und Schleifscheibe Ø40 mm M14;https://shop.ferronato.ch/images/product/large/5994.png;Diamant Trenn- und Schleifscheibe mit vakuumgelöteten Diamanten, Ø40 mm, Höhe über alles 40 mm, Aufnahme M14, Trockenanwendung.;Kleine Trenn- und Schleifscheibe für filigrane Bearbeitung an Ecken und Kanten.;Auch als Ø30 mm Version erhältlich.;https://shop.ferronato.ch/de/product/5994/diamant-trenn-und-schleifscheibe-40-mm-m14?CatID=216;Plattenleger;18.4;031-954;ab Lager;Plattenleger (Hauptkategorie);Nützliches Kleinwerkzeug für Detailarbeiten, kein Standardartikel.
02 Schneiden & Trennen;Kleintrennscheiben & Graviergeräte;;2;KGS Kleintrennscheibe ø 50/75 mm x  Ø 6 mm;https://shop.ferronato.ch/images/product/large/1370.png;KGS Kleintrennscheibe, gesintert, zwei Durchmesser 50 und 75 mm, Aufnahme 6 mm ohne Schaft, dieser ist separat zu bestellen.;Gesinterte Kleintrennscheibe für feine Trennarbeiten.;Durchmesser 50 mm oder 75 mm, Schaft separat, ab CHF 64.00.;https://shop.ferronato.ch/de/product/1370/kgs-kleintrennscheibe-50-75-mm-x-6-mm?CatID=216;Plattenleger;64.0;;;Diamantwerkzeuge, Diamanttrennscheiben 45mm -125mm;Nischenprodukt für kleine Trennarbeiten, seltener Bedarf.
02 Schneiden & Trennen;Kleintrennscheiben & Graviergeräte;;2;Wassergefäss zu Proxxon mit Messing Nozzle;https://shop.ferronato.ch/images/product/large/7912.png;Druckflasche mit Spraydüse aus Messing für den Schlauchanschluss an die DISTAR Butterfly-Schutzhaube. Liefert Kühlwasser für den Nassschnitt am Proxxon-Gerät.;Druckflasche für die gezielte Wasserkühlung der Butterfly-Trennscheibe.;Mit Messing-Spraydüse, Preis CHF 24.00.;https://shop.ferronato.ch/de/product/7912/wassergef-ss-zu-proxxon-mit-messing-nozzle?CatID=216;Plattenleger;24.0;032-731 FL;ab Lager;Plattenleger (Hauptkategorie);Kleinzubehör des Proxxon-Nasssystems, ergänzendes Verbrauchsteil.
02 Schneiden & Trennen;Kleintrennscheiben & Graviergeräte;;1;Schaft ø 6mm zu Kleintrennscheiben;https://shop.ferronato.ch/images/product/large/171.jpg;Aufnahmeschaft für Kleintrennscheiben Ø6x50 mm, Verschraubung mit M6-Gewinde, Aufnahme 6 mm.;Passender Aufnahmeschaft für alle 6-mm-Kleintrennscheiben.;Aufnahme 6 mm, Preis CHF 31.00.;https://shop.ferronato.ch/de/product/171/schaft-6mm-zu-kleintrennscheiben?CatID=216;Plattenleger;31.0;031-144;ab Lager;Diamantwerkzeuge, Diamanttrennscheiben 45mm -125mm;Reines Zubehörteil zu Kleintrennscheiben, kein Kaufhäufigkeitstreiber.
02 Schneiden & Trennen;Kleintrennscheiben & Graviergeräte;;1;TRED Diamanttrennscheibe Ø22mm;https://shop.ferronato.ch/images/product/large/4699.png;Montierte Diamanttrennscheibe HP Ø22 mm, Schaft Ø2,35 mm, Dicke 0,25 mm, Länge 46 mm, galvanisiert. Für feinste Präzisionsschnitte an kleinen Bauteilen.;Feinste Präzisionsschnitte an kleinen Bauteilen mit Handstück.;Schaftaufnahme Ø2,35 mm, für Multitool-Handstück geeignet.;https://shop.ferronato.ch/de/product/4699/tred-diamanttrennscheibe-22mm?CatID=216;Plattenleger;49.0;020-266;ab Lager;Plattenleger (Hauptkategorie);Sehr spezifisches Nischenwerkzeug, kaum Alltagsrelevanz.
02 Schneiden & Trennen;Trennscheiben ab 150 mm;;5;FERRIX DTS EPIC Ø150 Ceramics Aufnahme 22.2mm;https://shop.ferronato.ch/images/product/large/6366.jpg;Schmale Diamanttrennscheibe für Keramik und Feinsteinzeug, auch für Dekton, Lapitec, Neolith, Marmor und Granit geeignet. Ø 150 mm, Aufnahme 22.2 mm, durchgehender Rand, Randhöhe 11 mm, viele Kühllöcher, max. 10000 U/min, 80 m/s. Trocken- und Nassschnitt.;Grössere Variante für saubere Schnitte in Keramik und Feinsteinzeug.;Teil der FERRIX EPIC Ceramics Serie, auch als Ø 125 mm und Ø 180 mm erhältlich.;https://shop.ferronato.ch/de/product/6366/ferrix-dts-epic-150-ceramics-aufnahme-22-2mm?CatID=216;Plattenleger;47.0;031-199 150;ab Lager;Diamantwerkzeuge, Diamanttrennscheiben 150mm -230mm;Kernprodukt: gängige Grösse für Feinsteinzeug-Trennscheiben.
02 Schneiden & Trennen;Trennscheiben ab 150 mm;;5;FERRIX DTS EPIC Ø230 Ceramics Aufnahme 22.2mm;https://shop.ferronato.ch/images/product/large/6359.png;FERRIX Trennscheibe DTS EPIC Ø230 mm für Keramik und Porzellan, hohe Geschwindigkeit auf Feinsteinzeug und ultrakompakten Materialien, durchgehender Rand, Randhöhe 11 mm, auch für Dekton, Lapitec, Neolith sowie Marmor und Granit. Aufnahme 22,2 mm, max. 6800 U/min, nass und trocken einsetzbar.;Präzise Grossformat-Trennscheibe für Keramik, Feinsteinzeug und Kompaktmaterialien.;Nass und trocken einsetzbar, auch in Ø115 und 250 mm erhältlich.;https://shop.ferronato.ch/de/product/6359/ferrix-dts-epic-230-ceramics-aufnahme-22-2mm?CatID=216;Plattenleger;89.0;031-199 230;ab Lager;Diamantwerkzeuge, Diamanttrennscheiben 150mm -230mm;Kernprodukt für Feinsteinzeug-Schnitte, hohe Kaufhäufigkeit bei Plattenlegern.
02 Schneiden & Trennen;Trennscheiben ab 150 mm;;5;NORTON DTS Ø230mm/22,2mm Mr. Invincible;https://shop.ferronato.ch/images/product/large/7230.png;NORTON Mr. Invincible Diamanttrennscheibe für alle Baumaterialien, mit iHD-Infiltrationstechnologie der zweiten Generation für unzerstörbare Segmente. Geeignet für Akku- und kabelbetriebene Winkelschleifer. Ø 230 mm, Bohrung 22.23 mm, Nass- und Trockenschnitt.;Vielseitige, robuste Universal-Trennscheibe für grosse Winkelschleifer.;Auch in Ø 115 mm und Ø 125 mm erhältlich, Preis CHF 59.00.;https://shop.ferronato.ch/de/product/7230/norton-dts-230mm-22-2mm-mr-invincible?CatID=216;Plattenleger;59.0;030-600 230;ab Lager;Diamantwerkzeuge, Diamanttrennscheiben 150mm -230mm;Starke Marke NORTON, universelle Kern-Trennscheibe mit hoher Kaufhäufigkeit.
02 Schneiden & Trennen;Trennscheiben ab 150 mm;;4;FERRIX DTS EPIC Ø180 Ceramics Aufnahme 22.2mm;https://shop.ferronato.ch/images/product/large/6367.png;Schmale Diamanttrennscheibe für Keramik und Feinsteinzeug, auch für Dekton, Lapitec, Neolith, Marmor und Granit geeignet. Ø 180 mm, Aufnahme 22.2 mm, durchgehender Rand, Randhöhe 11 mm, viele Kühllöcher, max. 8500 U/min, 80 m/s. Trocken- und Nassschnitt.;Grösste Variante der EPIC Ceramics-Serie für Feinsteinzeug.;Teil der FERRIX EPIC Ceramics Serie, auch als Ø 125 mm und Ø 150 mm erhältlich.;https://shop.ferronato.ch/de/product/6367/ferrix-dts-epic-180-ceramics-aufnahme-22-2mm?CatID=216;Plattenleger;61.0;031-199 180;ab Lager;Diamantwerkzeuge, Diamanttrennscheiben 150mm -230mm;Standardgrösse, aber seltener gekauft als 125/150 mm.
02 Schneiden & Trennen;Trennscheiben ab 150 mm;;4;FERRIX DTS EPIC Ø250 Ceramics Aufnahme 25.4mm;https://shop.ferronato.ch/images/product/large/6360.png;FERRIX Trennscheibe DTS EPIC Ø250 mm für Keramik und Porzellan, hohe Geschwindigkeit auf Feinsteinzeug und ultrakompakten Materialien, durchgehender Rand, Randhöhe 11 mm, auch für Dekton, Lapitec, Neolith sowie Marmor und Granit. Aufnahme 25,4 mm, max. 4500 U/min, nass und trocken einsetzbar.;Grossformat-Trennscheibe für Keramik und Kompaktmaterialien mit hoher Randhöhe.;Aufnahme 25,4 mm, nass und trocken einsetzbar.;https://shop.ferronato.ch/de/product/6360/ferrix-dts-epic-250-ceramics-aufnahme-25-4mm?CatID=216;Plattenleger;118.0;031-199 250;ab Lager;Plattenleger (Hauptkategorie);Wichtig für Grossformatschnitte, spezielle Aufnahme 25,4 mm.
02 Schneiden & Trennen;Trennscheiben ab 150 mm;;3;DTS ø150 X M14 LASER Performer ohne Kühllöcher;https://shop.ferronato.ch/images/product/large/6322.png;Diamanttrennscheibe Laser-Performer Ø150 mm, gesintert, Segmente 10 mm, ohne Kühllöcher, Aufnahme M14 Innengewinde, Trockenanwendung. Super-Universalscheibe für leicht armierten Stein und Beton.;Universelle Trennscheibe für Stein und leicht armierten Beton.;Gesintert, ohne Kühllöcher für höhere Standzeit.;https://shop.ferronato.ch/de/product/6322/dts-150-x-m14-laser-performer-ohne-k-hll-cher?CatID=216;Plattenleger;95.0;032-115;ab Lager;Diamantwerkzeuge, Diamanttrennscheiben 150mm -230mm;Vielseitig einsetzbar, aber kein spezifisches Fliesen-Kernprodukt.
02 Schneiden & Trennen;Trennscheiben ab 150 mm;;2;Diamantscheibe Bildhauer Ø 230 mm Aufnahme 22,2 mm;https://shop.ferronato.ch/images/product/large/6777.jpg;Bildhauer-Diamanttrennscheibe für Trockenschnitt mit galvanisiertem Vollmantelbelag, für Marmor und Kalkstein. Ø 230 mm, Dicke 1.8 mm, Schnittbreite 2.8 mm, mit montiertem Seiten-Flansch, Aufnahme 22.2 mm, max. 6000 U/min.;Spezial-Trennscheibe für präzise Bildhauerarbeiten in Marmor und Kalkstein.;Hochpreisiges Spezialprodukt, CHF 457.50, mit Seiten-Flansch geliefert.;https://shop.ferronato.ch/de/product/6777/diamantscheibe-bildhauer-230-mm-aufnahme-22-2-mm?CatID=216;Plattenleger;457.5;030-594;Nicht an Lager;Diamantwerkzeuge, Diamanttrennscheiben 150mm -230mm;Sehr spezialisiertes Nischenprodukt für Bildhauerarbeiten.
02 Schneiden & Trennen;Trennscheiben bis 125 mm;1;5;FERRIX DTS EPIC Ø125 Ceramics Aufnahme 22.2mm;https://shop.ferronato.ch/images/product/large/6365.png;Schmale Diamanttrennscheibe für Keramik und Feinsteinzeug, auch für Dekton, Lapitec, Neolith, Marmor und Granit geeignet. Ø 125 mm, Aufnahme 22.2 mm, durchgehender Rand, Randhöhe 11 mm, viele Kühllöcher, max. 12000 U/min, 80 m/s. Trocken- und Nassschnitt.;Schnelle, präzise Schnitte in Keramik und Feinsteinzeug ohne Ausbrüche.;Auch in Ø 150 mm und Ø 180 mm erhältlich, Aufnahme jeweils 22.2 mm.;https://shop.ferronato.ch/de/product/6365/ferrix-dts-epic-125-ceramics-aufnahme-22-2mm?CatID=216;Plattenleger;38.0;031-199 125;ab Lager;Diamantwerkzeuge, Diamanttrennscheiben 45mm -125mm;FERRIX EPIC Ø125 Ceramics, die Standardscheibe für Feinsteinzeug am Winkelschleifer.
02 Schneiden & Trennen;Trennscheiben bis 125 mm;2;5;NORTON DTS Ø125mm/22,2mm Mr. Invincible;https://shop.ferronato.ch/images/product/large/7229.jpg;NORTON Mr. Invincible Diamanttrennscheibe für alle Baumaterialien, mit iHD-Infiltrationstechnologie der zweiten Generation für unzerstörbare Segmente. Geeignet für Akku- und kabelbetriebene Winkelschleifer. Ø 125 mm, Bohrung 22.23 mm, Segment 12/2.2 mm, Nass- und Trockenschnitt.;Vielseitige, robuste Universal-Trennscheibe für Akku- und Netzwinkelschleifer.;Auch in Ø 115 mm und Ø 230 mm erhältlich, Preis CHF 29.00.;https://shop.ferronato.ch/de/product/7229/norton-dts-125mm-22-2mm-mr-invincible?CatID=216;Plattenleger;29.0;030-600 125;ab Lager;Diamantwerkzeuge, Diamanttrennscheiben 45mm -125mm;NORTON Mr. Invincible Ø125, starke Marke im meistverkauften Durchmesser.
02 Schneiden & Trennen;Trennscheiben bis 125 mm;3;5;DISTAR MasterCUT Ø125mm Diamanttrennscheibe trocken für Keramik;https://shop.ferronato.ch/images/product/large/7865.jpg;DISTAR MasterCUT-Trennscheibe für Feinsteinzeug und extrastarke Materialien wie Glas, trocken auf Winkelschleifer oder mit Wasserkühlung auf Fliesenschneider. Vakuumgelötete Diamantschicht, Standzeit 20-30 lfm trocken bzw. 30-40 lfm gekühlt bei 10 mm starkem Feinsteinzeug, minimale Abplatzungen. Durchmesser 125 mm, Aufnahme 22.23 mm.;Hohe Standzeit von bis zu 40 Metern bei Feinsteinzeug, Trocken- und Nassbetrieb.;Standzeit 20-40 lfm je nach Kühlung, Preis CHF 22.00.;https://shop.ferronato.ch/de/product/7865/distar-mastercut-125mm-diamanttrennscheibe-trocken-f-r-keramik?CatID=216;Plattenleger;22.0;032-669 125;ab Lager;Diamantwerkzeuge, Diamanttrennscheiben 45mm -125mm;DISTAR MasterCUT Ø125 zu CHF 22, bestes Preis-Leistungs-Verhältnis im Sortiment.
02 Schneiden & Trennen;Trennscheiben bis 125 mm;4;5;Diamanttrennscheibe PERFECT Ø125mm x 1.5mm M14;https://shop.ferronato.ch/images/product/large/7471.png;DISTAR DTS Perfect Diamanttrennscheibe für den Trockenschnitt bei 90° auf Keramik und Feinsteinzeug. 1.5 mm Schichtdicke mit zusätzlichem Flanschgehäuse für Stabilität, Sandwich-Konstruktion für sauberen Schnitt. Durchmesser 125 mm, Aufnahme M14.;Robuste 1.5-mm-Trennscheibe für saubere, stabile Schnitte in Feinsteinzeug.;Aufnahme M14, Trockenanwendung, Preis CHF 72.00.;https://shop.ferronato.ch/de/product/7471/diamanttrennscheibe-perfect-125mm-x-1-5mm-m14?CatID=216;Plattenleger;72.0;032-674;ab Lager;Diamantwerkzeuge, Diamanttrennscheiben 45mm -125mm;DISTAR PERFECT Ø125 x 1.5 mm M14 für saubere Schnitte ohne Ausbrüche.
02 Schneiden & Trennen;Trennscheiben bis 125 mm;;5;FERRIX DTS EPIC Ø115 mm Ceramics Aufnahme 22.2mm;https://shop.ferronato.ch/images/product/large/6364.png;FERRIX Trennscheibe DTS EPIC Ø115 mm für Keramik und Porzellan, hohe Geschwindigkeit auf Feinsteinzeug und ultrakompakten Materialien, durchgehender Rand, Randhöhe 11 mm, auch für Dekton, Lapitec, Neolith sowie Marmor und Granit. Aufnahme 22,2 mm, max. 13000 U/min, nass und trocken einsetzbar.;Kompakte Trennscheibe für präzise Feinsteinzeug-Schnitte am Winkelschleifer.;Nass und trocken einsetzbar, auch in Ø230 und 250 mm erhältlich.;https://shop.ferronato.ch/de/product/6364/ferrix-dts-epic-115-mm-ceramics-aufnahme-22-2mm?CatID=216;Plattenleger;33.0;031-199 115;ab Lager;Diamantwerkzeuge, Diamanttrennscheiben 45mm -125mm;Kernprodukt, Standardgrösse Ø115 mm, hohe Kaufhäufigkeit.
02 Schneiden & Trennen;Trennscheiben bis 125 mm;;5;NORTON DTS Ø115mm/22,2mm Mr. Invincible;https://shop.ferronato.ch/images/product/large/7235.jpg;NORTON Mr. Invincible Diamanttrennscheibe für alle Baumaterialien, mit iHD-Infiltrationstechnologie der zweiten Generation für unzerstörbare Segmente. Geeignet für Akku- und kabelbetriebene Winkelschleifer. Ø 115 mm, Bohrung 22.23 mm, Nass- und Trockenschnitt.;Kompakte, robuste Universal-Trennscheibe für kleine Winkelschleifer.;Auch in Ø 125 mm und Ø 230 mm erhältlich, Preis CHF 29.00.;https://shop.ferronato.ch/de/product/7235/norton-dts-115mm-22-2mm-mr-invincible?CatID=216;Plattenleger;29.0;030-600 115;ab Lager;Diamantwerkzeuge, Diamanttrennscheiben 45mm -125mm;Starke Marke NORTON, universelle Kern-Trennscheibe mit hoher Kaufhäufigkeit.
02 Schneiden & Trennen;Trennscheiben bis 125 mm;;4;BETCUT NSTTB CERAMICS;https://shop.ferronato.ch/images/product/large/4243.jpg;BETCUT NSTTB Ceramics, Keramik-Trennscheibe New Shape Turbo Thin Blade für Trockenschnitt, Grössen Ø125, 150 und 230 mm, Aufnahme 22.2 mm mit Kernflansch, Diamantbelag 10x1.2 mm.;Dünne Turbo-Trennscheibe für präzisen Trockenschnitt von Keramik.;Durchmesser 125, 150 und 230 mm, ab CHF 55.00.;https://shop.ferronato.ch/de/product/4243/betcut-nsttb-ceramics?CatID=216;Plattenleger;55.0;;;Diamantwerkzeuge, Diamanttrennscheiben 45mm -125mm, Diamanttrennscheiben 150mm -230mm;Häufig gebrauchte Keramik-Trennscheibe für Trockenschnitt.
02 Schneiden & Trennen;Trennscheiben bis 125 mm;;4;BETCUT NSTTB1,2 Ø125mm / 150 mm Keramik mit M14 Premium CH Flansch;https://shop.ferronato.ch/images/product/large/5937.png;BETCUT Keramik-Trennscheibe New Shape Turbo Thin Blade für Trockenschnitt, Ø125 mm oder 150 mm, Aufnahme M14 mit Swiss Premium Flansch, Diamantbelag 10x1,2 mm.;Präzise Dünnschnitte in Keramik dank Swiss-Premium-M14-Flansch.;Erhältlich in Ø125 mm und Ø150 mm.;https://shop.ferronato.ch/de/product/5937/betcut-nsttb1-2-125mm-150-mm-keramik-mit-m14-premium-ch-flansch?CatID=216;Plattenleger;79.0;;;Diamantwerkzeuge, Diamanttrennscheiben 45mm -125mm, Diamanttrennscheiben 150mm -230mm;Kernscheibe für Feinsteinzeug- und Keramikschnitte, regelmässiger Bedarf.
02 Schneiden & Trennen;Trennscheiben bis 125 mm;;4;DISTAR Edge Dry DTS für Keramik 45° Ø125mm mit M14 Flansch;https://shop.ferronato.ch/images/product/large/7862.png;DISTAR Edge-Trennscheibe speziell für den 45°-Gehrungsschnitt (Jolly-Schnitt) an Keramikfliesen, mit M14-Flanschaufnahme. 25 mm breite beidseitige Diamantbeschichtung für hohe Festigkeit, Wabenmuster für weichen, produktiven Schnitt und geschliffene Kante zugleich. Durchmesser 125 mm, Dicke 1.6 mm, Trockenanwendung.;Schneidet und schleift den 45°-Jolly-Schnitt in einem Arbeitsgang, M14-Aufnahme.;Empfohlen ab 1.2 kW Winkelschleifer-Leistung, Preis CHF 85.00.;https://shop.ferronato.ch/de/product/7862/distar-edge-dry-dts-f-r-keramik-45-125mm-mit-m14-flansch?CatID=216;Plattenleger;85.0;032-667 M14;ab Lager;Diamantwerkzeuge, Diamanttrennscheiben 45mm -125mm;Zentrale Trennscheibe für den häufigen Jolly-Schnitt, starke DISTAR-Marke.
02 Schneiden & Trennen;Trennscheiben bis 125 mm;;4;DISTAR Edge Dry Diamanttrennscheibe für Keramik 45° Schnitt Ø125mm;https://shop.ferronato.ch/images/product/large/7861.jpg;DISTAR Edge-Trennscheibe speziell für den 45°-Gehrungsschnitt (Jolly-Schnitt) an Keramikfliesen. 25 mm breite beidseitige Diamantbeschichtung für hohe Festigkeit, Wabenmuster für weichen, produktiven Schnitt und geschliffene Kante zugleich. Durchmesser 125 mm, Dicke 1.6 mm, Aufnahme 22.23 mm, Trockenanwendung.;Schneidet und schleift den 45°-Jolly-Schnitt in einem Arbeitsgang.;Empfohlen ab 1.2 kW Winkelschleifer-Leistung, Preis CHF 73.00.;https://shop.ferronato.ch/de/product/7861/distar-edge-dry-diamanttrennscheibe-f-r-keramik-45-schnitt-125mm?CatID=216;Plattenleger;73.0;032-667;ab Lager;Plattenleger (Hauptkategorie);Zentrale Trennscheibe für den häufigen Jolly-Schnitt, starke DISTAR-Marke.
02 Schneiden & Trennen;Trennscheiben bis 125 mm;;4;DISTAR Shine Ø125/0.6mm DTS für Akku Geräte;https://shop.ferronato.ch/images/product/large/7845.jpg;DISTAR Shine-Trennscheibe mit nur 0.6 mm dünner Diamantschicht für splitterfreie Schnitte in Feinsteinzeug ohne Nachbearbeitung, für Akku-Winkelschleifer mit Spray-Nassanwendung. PTFE-Verstärkungsflansche machen sie fast geräuschlos, Akku hält 2-3 mal länger als bei Standardscheiben. Durchmesser 125 mm, Aufnahme 22.23 mm.;Splitterfreier Schnitt ohne Nachbearbeitung, spart Akkulaufzeit durch dünnes Blatt.;Nur für Akku-Winkelschleifer, Nassanwendung, Preis CHF 60.00.;https://shop.ferronato.ch/de/product/7845/distar-shine-125-0-6mm-dts-f-r-akku-ger-te?CatID=216;Plattenleger;60.0;032-671 125;ab Lager;DISTAR Technik;Innovative DISTAR-Scheibe, spart Nachbearbeitung und schont den Akku.
02 Schneiden & Trennen;Trennscheiben bis 125 mm;;4;DTS Trenn-u. Schruppscheibe für Fliesen und Feinsteinzeug Ø125mm M14;https://shop.ferronato.ch/images/product/large/4987.jpg;Diamant Trenn- und Schruppscheibe KJC Master Ø125 mm, Aufnahme M14, Trockenanwendung, Gewicht 0,19 kg. Premium-Scheibe für Bündigschnitte und Anfasen an Fliesen und Feinsteinzeug.;Trennen und Schruppen in einem Arbeitsgang an Fliesen und Feinsteinzeug.;M14-Aufnahme, reine Trockenanwendung.;https://shop.ferronato.ch/de/product/4987/dts-trenn-u-schruppscheibe-f-r-fliesen-und-feinsteinzeug-125mm-m14?CatID=216;Plattenleger;65.0;031-826;ab Lager;Plattenleger (Hauptkategorie);Häufig genutzte Kombischeibe für Fliesenkanten.
02 Schneiden & Trennen;Trennscheiben bis 125 mm;;4;ESTHETE 2.0 Diamanttrennscheibe Ø115mm x 1.1mm x 22.23mm;https://shop.ferronato.ch/images/product/large/7469.jpg;DISTAR-Diamanttrennscheibe zum Trockenschneiden von keramischen Materialien mit dekorativen Beschichtungen. Extradünnes Segment für sauberen Schnitt auch bei feinsten Glasuren. Durchmesser 115 mm, Dicke 1.1 mm, Aufnahme 22.23 mm. Für Keramikfliesen und Feinsteinzeug.;Schneidet feinste Glasuren sauber dank extradünnem Diamantsegment.;Auch in 125 mm erhältlich, Trockenanwendung, Preis CHF 56.00.;https://shop.ferronato.ch/de/product/7469/esthete-2-0-diamanttrennscheibe-115mm-x-1-1mm-x-22-23mm?CatID=216;Plattenleger;56.0;032-670;ab Lager;Diamantwerkzeuge, Diamanttrennscheiben 45mm -125mm;DISTAR-Trennscheibe für Feinsteinzeug, häufig benötigtes Verbrauchsmaterial.
02 Schneiden & Trennen;Trennscheiben bis 125 mm;;4;KGS RED FINE CUT K840 CERAMICS;https://shop.ferronato.ch/images/product/large/4242.jpg;KGS Red Fine Cut K840 Ceramics, Ø125/22.2 mm, gesinterte Diamanttrennscheibe mit Vollbelag, 5 Segmente, Breite 1.1 mm, für Keramik und Naturstein, Swiss Diamond Technology.;Feinschnitt-Trennscheibe für saubere Keramik- und Natursteinschnitte.;Durchmesser 125 mm, Aufnahme 22.2 mm, Preis CHF 46.00.;https://shop.ferronato.ch/de/product/4242/kgs-red-fine-cut-k840-ceramics?CatID=216;Plattenleger;46.0;032-080;ab Lager;Diamantwerkzeuge, Diamanttrennscheiben 45mm -125mm;Starke KGS-Marke, Kernprodukt für präzise Feinsteinzeug-Schnitte.
02 Schneiden & Trennen;Trennscheiben bis 125 mm;;4;KGS RED K810 Diamant Trennscheibe für Granit Trockenschnitt;https://shop.ferronato.ch/images/product/large/3897.jpg;KGS Red K810 Diamant-Trennscheibe für Beton, Betonpflaster, Ziegel, Dachziegel, Granit, Verbundstein, Kalksandstein, Marmor, Porenbeton und Pflasterstein. Bohrung 22.23 mm, Höhe 7 mm, Breite 2.2 mm, Schutzsegmente gegen Unterschneiden, gewellter Stahlkern, hohe Standzeit.;Universelle Premium-Trennscheibe für Beton, Naturstein und Verbundstein.;Durchmesser 115, 125, 150 und 230 mm, ab CHF 46.00.;https://shop.ferronato.ch/de/product/3897/kgs-red-k810-diamant-trennscheibe-f-r-granit-trockenschnitt?CatID=216;Plattenleger;46.0;;;Diamantwerkzeuge, Diamanttrennscheiben 45mm -125mm, Diamanttrennscheiben 150mm -230mm;Starke KGS-Marke, universelle Scheibe für viele Materialien.
02 Schneiden & Trennen;Trennscheiben bis 125 mm;;4;KGS RED K810 Diamanttrennscheibe 115-230 mm  Aufnahme M14;https://shop.ferronato.ch/images/product/large/4241.jpg;KGS Red K810 Diamant-Trennscheibe für Granit, Durchmesser 115 bis 230 mm, Aufnahme M14, Höhe 7 mm, Breite 2.2 mm, für Trockenschnitt. Für Beton, Betonpflaster, Ziegel, Granit, Verbundstein, Kalksandstein, Marmor, Porenbeton, Pflasterstein, gewellter Stahlkern, Swiss Diamond Technology.;Premium-Trennscheibe mit M14-Aufnahme für Granit-Trockenschnitt.;Durchmesser 115 bis 230 mm, ab CHF 57.00.;https://shop.ferronato.ch/de/product/4241/kgs-red-k810-diamanttrennscheibe-115-230-mm-aufnahme-m14?CatID=216;Plattenleger;57.0;;;Diamantwerkzeuge, Diamanttrennscheiben 45mm -125mm, Diamanttrennscheiben 150mm -230mm;Starke KGS-Marke, universelle Scheibe mit M14 direkt einsetzbar.
02 Schneiden & Trennen;Trennscheiben bis 125 mm;;3;Elegant  DTS Ø100mm x 1mm x 10mm trocken für Keramik & Feinsteinzeug;https://shop.ferronato.ch/images/product/large/7726.jpg;DISTAR Elegant-Trennscheibe für splitterfreien Feinschnitt glasierter, glänzender Fliesen und Feinsteinzeug. Sehr feine Diamanten mit selbstschärfender Bindung, kleiner Durchmesser 100 mm reduziert Durchbiegung und Vibration. Dicke 1.2 mm, Aufnahme 22.23 mm bzw. 10 mm, für manuelle Winkelschleifer ohne Kühlung.;Splitterfreier Feinschnitt auf glasierten Fliesen ohne Nachbearbeitung nötig.;Durchmesser 100 mm, Trockenanwendung, Preis CHF 60.00.;https://shop.ferronato.ch/de/product/7726/elegant-dts-100mm-x-1mm-x-10mm-trocken-f-r-keramik-feinsteinzeug?CatID=216;Plattenleger;60.0;032-724;ab Lager;Diamantwerkzeuge, Diamanttrennscheiben 45mm -125mm;Spezialscheibe für heikle Glasurschnitte, gezielter Einsatz.
02 Schneiden & Trennen;Trennscheiben bis 125 mm;;3;KGS Swiflex-COBRA Diamanttrennscheibe mit Aufnahme M14;https://shop.ferronato.ch/images/product/large/2652.jpg;KGS Swiflex-Cobra Diamanttrennscheibe mit Flansch M14, galvanisiert Korn 50/60, doppelseitig belegt, Durchmesser 115 bis 230 mm, seitlicher Alu-Flansch. Universale Trenn- und Schruppscheibe für Beton, Granit, Marmor und Keramik.;Universelle Trenn- und Schruppscheibe für alle gängigen Materialien.;Durchmesser 115, 125 und 230 mm, ab CHF 93.00.;https://shop.ferronato.ch/de/product/2652/kgs-swiflex-cobra-diamanttrennscheibe-mit-aufnahme-m14?CatID=216;Plattenleger;93.0;;;Plattenleger (Hauptkategorie);Vielseitige Universalscheibe, häufig im Materialmix gebraucht.
02 Schneiden & Trennen;Trennscheiben bis 125 mm;;2;Bildhauer Diamanttrennscheiben für Trockenschnitt;https://shop.ferronato.ch/images/product/large/4026.jpg;Bildhauer-Diamanttrennscheibe mit galvanisiertem Vollmantelbelag D427, Durchmesser 125 oder 150 mm, mit montiertem Flansch, Aufnahme M14, maximal 6000-8000 U/min je nach Grösse.;Vollmantel-Trennscheibe für präzise Bildhauerarbeiten.;Durchmesser 125 oder 150 mm, Aufnahme M14, Preis CHF 211.00.;https://shop.ferronato.ch/de/product/4026/bildhauer-diamanttrennscheiben-f-r-trockenschnitt?CatID=216;Plattenleger;211.0;;;Plattenleger (Hauptkategorie);Spezialscheibe für Bildhauerbedarf, kein Alltagsprodukt.
02 Schneiden & Trennen;Trennscheiben für Tisch- und Brückensägen;;4;CERAMIC TS 300x30mm EXTREME Gres Silencio;https://shop.ferronato.ch/images/product/large/6862.jpg;Clipper Extreme Gres Silencio Diamanttrennscheibe, speziell für Naturstein und Keramikfliesen bis 4 cm Dicke, mit poröser iHD-Segmenttechnologie. Ø 300 mm, Aufnahme 30 mm, Segmenthöhe 15 mm, Dicke 2.2 mm, für Nassschnitt, bis zu 8x leiser als herkömmliche Scheiben.;Leise, langlebige Trennscheibe für harte Fliesen und Feinsteinzeug bis 4 cm.;Silencio-Version, bleibt auch nach über 150 Schnitten scharf, Preis CHF 351.00.;https://shop.ferronato.ch/de/product/6862/ceramic-ts-300x30mm-extreme-gres-silencio?CatID=216;Plattenleger;351.0;030-562;ab Lager;Plattenleger (Hauptkategorie);Wichtige Profi-Trennscheibe für Tischsägen bei dicken Formaten.
02 Schneiden & Trennen;Trennscheiben für Tisch- und Brückensägen;;3;BETCUT CERAMICS Turbo Nassanwendung;https://shop.ferronato.ch/images/product/large/4066.png;BETCUT Ceramics Turbo, Durchmesser 300 oder 350 mm, Turbo-Vollbelag 7.0 mm für Nassanwendung, Diamanttrennscheibe für Keramik, Feinsteinzeug und Naturstein-Baumaterial. Für Tischfräsen, gute Schnittleistung auch mit wenig Wasserzuführung, auch im Materialmix mit Stahlarmierung.;Nasstrennscheibe für Tischfräsen im Mix aus Keramik und Naturstein.;Durchmesser 300 oder 350 mm, Aufnahme 25.4 mm, ab CHF 124.00.;https://shop.ferronato.ch/de/product/4066/betcut-ceramics-turbo-nassanwendung?CatID=216;Plattenleger;124.0;;;Plattenleger (Hauptkategorie);Häufig gebraucht auf Tischfräsen für grosse Formate.
02 Schneiden & Trennen;Trennscheiben für Tisch- und Brückensägen;;3;Diamant TS Ceramics soft Extreme mit Vollbelag 9 mm;https://shop.ferronato.ch/images/product/large/1375.jpg;Gesinterte Diamanttrennscheibe mit Vollbelag 9 mm und Stahlkern für den Nassschnitt auf Tischkreissägen, mit lasergeschnittenen Schlitzen. Für glasierte Fliesen, Granit, Marmor, Schiefer und Naturstein. Bohrung 25.4 mm, Höhe Diamant 9 mm, 5500-6650 RPM, 80-100 m/s.;Vollbelag-Trennscheibe für sauberen Nassschnitt an Naturstein und Keramik.;Durchmesser 200 bis 350 mm, Preis CHF 223.00.;https://shop.ferronato.ch/de/product/1375/diamant-ts-ceramics-soft-extreme-mit-vollbelag-9-mm?CatID=216;Plattenleger;223.0;;;Plattenleger (Hauptkategorie);Solides Sägeblatt für Tischkreissägen, aber preislich gehoben.
02 Schneiden & Trennen;Trennscheiben für Tisch- und Brückensägen;;3;FERRAMICS Ø350/60 Blau;https://shop.ferronato.ch/images/product/large/4901.png;Segmentierte Diamanttrennscheibe Keramik Ø350/60 mm mit Sandwich-Stahlkern, 28 Segmente 44x3,2x7 mm engverzahnt, ca. 2000 U/min. Für Brückenfräsen an DEKTON, LAMINAM, NEOLITH, auch für Maschinen unter 20 PS.;Schnelle, präzise Schnitte in ultrakompakten Materialien wie Dekton und Laminam.;Für Brückenfräsen, auch für schwächer motorisierte Maschinen geeignet.;https://shop.ferronato.ch/de/product/4901/ferramics-350-60-blau?CatID=216;Plattenleger / blau;239.0;031-215 350;Nicht an Lager;Plattenleger (Hauptkategorie);Wichtig für Grossformat-Verarbeitung, aber nur für Brückenfräsen-Betriebe.
02 Schneiden & Trennen;Trennscheiben für Tisch- und Brückensägen;;3;FERRAMICS Ø400/60 Blau;https://shop.ferronato.ch/images/product/large/5444.png;Segmentierte Diamanttrennscheibe Keramik Ø400/60 mm mit Sandwich-Stahlkern, 28 Segmente 44x3,2x7 mm engverzahnt, ca. 2000 U/min. Für Brückenfräsen an DEKTON, LAMINAM, NEOLITH, auch für Maschinen unter 20 PS.;Schnelle, präzise Schnitte in ultrakompakten Materialien wie Dekton und Laminam.;Für Brückenfräsen, auch für schwächer motorisierte Maschinen geeignet.;https://shop.ferronato.ch/de/product/5444/ferramics-400-60-blau?CatID=216;Plattenleger / blau;296.0;031-215 400;ab Lager;Plattenleger (Hauptkategorie);Wichtig für Grossformat-Verarbeitung, aber nur für Brückenfräsen-Betriebe.
02 Schneiden & Trennen;Trennscheiben für Tisch- und Brückensägen;;1;FERRIX DTS ICON Ø400 mm Step 2.5 mm Bohrung 60mm + BRETON NL;https://shop.ferronato.ch/images/product/large/6476.jpg;Brücken- und CNC-Sägeblatt für ultrakompakte Oberflächen wie Dekton, Neolith, Techlam, Inalco, Laminam und Lapitec. Ø 400 mm, Bohrung 60 mm, Blattbreite 2.5 mm, Silent-Ausführung, für Nassschnitt, extrem schnelles Schneiden auch bei niedrigen Drehzahlen.;Schnelles, leises Sägeblatt für Grossformatplatten aus Sinterstein.;Kompatibel mit BRETON NL Maschinen, Preis CHF 299.00.;https://shop.ferronato.ch/de/product/6476/ferrix-dts-icon-400-mm-step-2-5-mm-bohrung-60mm-breton-nl?CatID=216;Plattenleger;299.0;031-297 400;ab Lager;Plattenleger (Hauptkategorie);Nur für CNC-/Brückensägen relevant, kleine Zielgruppe.
02 Schneiden & Trennen;Trennschleifer & Tischsägen;;3;Husqvarna K 540i Akku Trennschleifer;https://shop.ferronato.ch/images/product/large/6689.jpg;Husqvarna K 540i Akku-Trennschleifer für Mauerwerk und Landschaftsbau, mit X-Halt-Bremsfunktion. Schnitttiefe 100 mm, max. Trennscheibendurchmesser 267 mm, Aufnahme 25.4 mm, Nass- und Trockenschnitt, geringe Vibrationen, emissionsfrei im Betrieb. Gewicht 4.17 kg.;Emissionsfreier Akku-Trennschleifer mit hoher Betriebssicherheit.;Lieferung ohne Akku/Ladegerät, inkl. Tacti Cut S 35S 250 mm Trennscheibe.;https://shop.ferronato.ch/de/product/6689/husqvarna-k-540i-akku-trennschleifer?CatID=216;Plattenleger;949.0;050-342;Nicht an Lager;Plattenleger (Hauptkategorie);Starkes Markengerät, aber Investitionsgut mit selteneren Neukäufen.
02 Schneiden & Trennen;Trennschleifer & Tischsägen;;3;"Husqvarna K970 III 16"" 400mm Trennschleifer";https://shop.ferronato.ch/images/product/large/6490.jpg;Benzin-Trennschleifer, 16 Zoll, max. Trennscheibendurchmesser 400 mm, Schnitttiefe 155 mm. Ausgangsleistung 4.8 kW, 2-Takt-Motor, Magnesium-Trennscheibenschutz, Gewicht 11.6 kg. Aufnahme 25.4/20 mm, max. Trennscheibenstärke 5 mm, 90 m/s.;Robuster, kraftvoller Benzin-Trennschleifer für schwere Baustellenschnitte.;Lieferung ohne Trennscheibe, Husqvarna K970 III.;https://shop.ferronato.ch/de/product/6490/husqvarna-k970-iii-16-400mm-trennschleifer?CatID=216;Plattenleger;1.0;050-244;ab Lager;Plattenleger (Hauptkategorie);Starkes Markengerät, aber Nischeneinsatz gegenüber Akku-Trennschleifern.
02 Schneiden & Trennen;Trennschleifer & Tischsägen;;3;"Husqvarna Set 1 / K1 Pace 14""";https://shop.ferronato.ch/images/product/large/6709.jpg;Husqvarna K1 Pace Akku-Trennschleifer mit 2x 94-V-Akku (B 380 X) und Ladegerät (C 900 X) in Holzbox. Max. Schnitttiefe 144.5 mm, max. Trennscheibendurchmesser 361 mm, Trennscheibenstärke 1.8 mm. X-Halt-Bremsfunktion, Konnektivität via FOTA, Gewicht 7.4 kg.;Leistungsstarker Akku-Trennschleifer mit Konnektivität und Schnelllade-System.;Set inkl. 2 Akkus und Schnellladegerät in Husqvarna-Holzkiste.;https://shop.ferronato.ch/de/product/6709/husqvarna-set-1-k1-pace-14?CatID=216;Plattenleger;6.0;050-362;Nicht an Lager;Plattenleger (Hauptkategorie);Hochwertiges Investitionsgut, seltener Neukauf pro Betrieb.
02 Schneiden & Trennen;Trennschleifer & Tischsägen;;3;Husqvarna Tischsäge TS 73 R;https://shop.ferronato.ch/images/product/large/6609.png;Husqvarna Fliesen-Brückensäge mit Schienenführungssystem, für Fliesen und Klinker bis Schnittlänge 730 mm. Kapp- und Gehrungsschnitte 45-90°, diagonale Schnitte bis 50x50 cm. 230 V, 1 kW, max. Trennscheibendurchmesser 230 mm, Wassertank 15 l, Gewicht 47 kg.;Präzise Brückensäge für grosse Fliesen und Gehrungsschnitte.;Schnitttiefe max. 50 mm, Produktlänge 1060 mm, Preis auf Anfrage.;https://shop.ferronato.ch/de/product/6609/husqvarna-tischs-ge-ts-73-r?CatID=216;Plattenleger;1.0;050-410;Nicht an Lager;Plattenleger (Hauptkategorie);Wichtige Profi-Maschine, aber seltener Neukauf pro Betrieb.
02 Schneiden & Trennen;Trennschleifer & Tischsägen;;2;Tischfräse ACHILLI ALU130PL;https://shop.ferronato.ch/images/product/large/6485.png;Tischfräse/Bausäge für Fliesen, Steine und Baumaterialien, 230 V, 2.2 kW, 2800 U/min, Trennscheibe 350 mm. Manueller Betrieb, 45° neigbar, Arbeitsbreite 530 mm, Wasserauffangwanne mit Umlaufsystem, klappbare Beine für Transport. Gewicht 118 kg.;Robuste, präzise Bausäge für den mobilen Baustelleneinsatz.;Exklusive Trennscheibe, Winkelanschlag und Transport, Masse 1790x690x1370 mm.;https://shop.ferronato.ch/de/product/6485/tischfr-se-achilli-alu130pl?CatID=216;Plattenleger;2.0;070-028 1300;Nicht an Lager;Plattenleger (Hauptkategorie);Wichtige Maschine, aber hoher Preis und seltenerer Neukauf.
03 Bohren & Fräsen;Bohrhammer;2;4;FLEX CHE 2-26 18.0 EC C Akku Kombi-Bohrhammer;https://shop.ferronato.ch/images/product/large/6540.jpg;FLEX Akku-Kombi-Bohrhammer mit bürstenlosem Motor, 2.6 J Schlagenergie, für Bohren, Hammerbohren und Meisseln in Beton, Mauerwerk, Holz und Metall. SDS-Plus- oder 13-mm-Schnellspannbohrfutter, 18 V, max. Bohr-Ø Beton 26 mm. Lieferung ohne Akku und Ladegerät.;Kraftvoller Akku-Bohrhammer für Bohren, Hammerbohren und Meisseln.;Betrieb mit FLEX 18-V-Akkus 2.5/5.0/8.0 Ah, Gewicht 3.18 kg ohne Akku.;https://shop.ferronato.ch/de/product/6540/flex-che-2-26-18-0-ec-c-akku-kombi-bohrhammer?CatID=216;Plattenleger;360.0;050-328;ab Lager;Elektrogeräte, Mit Akku;FLEX Akku-Kombi-Bohrhammer, die meistgekaufte Bohrmaschine der Kategorie.
03 Bohren & Fräsen;Bohrhammer;3;4;FLEX CHE 2-28 R SDS-plus Kombi-Bohrhammer;https://shop.ferronato.ch/images/product/large/7307.jpg;FLEX CHE 2-28 R SDS-plus Kombi-Bohrhammer, 800 Watt, mit Rechts-/Linkslauf und Drehstopp zum Meisseln. Werkzeug-Schnellwechselsystem mit SDS-plus oder 13-mm-Bohrfutter, max. Bohr-Ø Beton 28 mm. Für Bohren, Hammerbohren und leichte Stemmarbeiten wie Putz- und Fliesenentfernung.;Kombi-Bohrhammer für Bohren, Hammerbohren und leichtes Stemmen.;Inkl. beide Bohrfutter, Seitenhandgriff, Koffer, Preis CHF 310.00.;https://shop.ferronato.ch/de/product/7307/flex-che-2-28-r-sds-plus-kombi-bohrhammer?CatID=216;Plattenleger;310.0;050-558;Nicht an Lager;Plattenleger (Hauptkategorie);FLEX CHE 2-28 R SDS-plus, der 230-V-Klassiker für Dübellöcher.
03 Bohren & Fräsen;Bohrhammer;;4;FLEX CHE 5-40 SDS-max Kombi Bohrhammer;https://shop.ferronato.ch/images/product/large/6306.jpg;FLEX Bohr- und Meisselhammer CHE 5-40, SDS-max, 1050 Watt, Einzelschlagenergie 10 J, Bohrdurchmesser bis 40 mm in Beton, Sicherheitsrutschkupplung, Funktionsschalter für Hammerbohren/Meisseln, Gewicht 6,4 kg. Für Bohrungen und Stemmarbeiten wie Putz- und Fliesenentfernung.;Kraftvoller Kombihammer für Bohren, Meisseln und Fliesenentfernen.;Bis 90 mm Bohrdurchmesser in Mauerwerk mit HM-Bohrkrone.;https://shop.ferronato.ch/de/product/6306/flex-che-5-40-sds-max-kombi-bohrhammer?CatID=216;Plattenleger;715.0;050-191;Nicht an Lager;Elektrogeräte, 230 Volt;Häufig gebrauchte Maschine für Untergrundvorbereitung und Stemmarbeiten.
03 Bohren & Fräsen;Bohrhammer;;4;FLEX Kombi-Bohrhammer Akku CHE 18.0-EC C;https://shop.ferronato.ch/images/product/large/6863.jpg;FLEX Akku-Kombi-Bohrhammer mit bürstenlosem Motor, Funktionsschalter für Bohren, Hammerbohren und Meisseln. SDS-plus-Werkzeugaufnahme, max. Einzelschlagenergie 1.7 J, max. Bohr-Ø Beton 18 mm, 18 V, Gewicht 2.0 kg ohne Akku.;Kompakter Akku-Bohrhammer für Bohren und leichte Meisselarbeiten.;Betrieb mit FLEX 18-V-Akkus 2.5/5.0/8.0 Ah, ohne Akku und Ladegerät geliefert.;https://shop.ferronato.ch/de/product/6863/flex-kombi-bohrhammer-akku-che-18-0-ec-c?CatID=216;Plattenleger;18.0;050-356;ab Lager;Elektrogeräte, Mit Akku;Vielseitiges, kompaktes Kernwerkzeug für den täglichen Baustelleneinsatz.
03 Bohren & Fräsen;Bohrkronen & Kernbohren;1;5;BETCUT DRY M14 Diamantbohrkronen trocken/grob;https://shop.ferronato.ch/images/product/large/4031.jpg;BETCUT DRY M14 Diamantbohrkrone, Trockenbohrkrone vacuum brazed, mit vollem, grobkörnigem Diamantbelag, stabiler Stahlkörper mit M14-Innengewinde, geeignet für alle Materialien im Trockenbohrverfahren, Drehgeschwindigkeit 2000-10000 U/min.;Robuste Trocken-Diamantbohrkrone für Löcher in allen Materialien.;Durchmesser 5 bis 150 mm, Aufnahme M14, ab CHF 20.00.;https://shop.ferronato.ch/de/product/4031/betcut-dry-m14-diamantbohrkronen-trocken-grob?CatID=216;Plattenleger;20.0;;;Diamantwerkzeuge, Diamantbohrkronen;BETCUT DRY M14 Bohrkronen, tägliches Verbrauchswerkzeug für Armaturenlöcher.
03 Bohren & Fräsen;Bohrkronen & Kernbohren;4;3;CoolGEL zum bohren in Keramik & Feinsteinzeug, Inhalt 250ml;https://shop.ferronato.ch/images/product/large/7465.jpg;Kühlendes Bohrgel für sauberes, staubfreies Bohren in Feinsteinzeug und Keramik. Bindet Bohrschmutz, kühlt den Bohrer effektiv wie Wasserkühlung, erhöht Bohrgeschwindigkeit und Standzeit. Für horizontale und vertikale Flächen geeignet. Für Bohrer bis 35 mm Durchmesser, Inhalt 250 g, reicht für ca. 20-25 Löcher.;Staubfreies, sauberes Bohren in Feinsteinzeug ohne Wasser, dank kühlendem Gel.;Inhalt 250 g, reicht für rund 20-25 Löcher, Preis CHF 10.50.;https://shop.ferronato.ch/de/product/7465/coolgel-zum-bohren-in-keramik-feinsteinzeug-inhalt-250ml?CatID=216;Plattenleger;10.5;032-660;ab Lager;Plattenleger (Hauptkategorie);CoolGEL 250 ml, günstige Bohrhilfe, die zu jeder Bohrkrone dazugekauft wird.
03 Bohren & Fräsen;Bohrkronen & Kernbohren;;3;FLEX BWE 16-9 14 Sacklochbohrer;https://shop.ferronato.ch/images/product/large/3136.jpg;FLEX BWE 16-9 14 Sacklochbohrer mit VR-Elektronik, Schnellkupplung aus Messing für 1/2-Zoll-Wasserschlauch, integrierte Wasserzuführung durch die Abtriebswelle, PRCD-Personenschutzschalter im Kabel. Leistung 1600 Watt, Drehzahl 3500-10000 U/min, Aufnahme M14, Bohrerdurchmesser 5-14 mm.;Wassergekühlter FLEX-Bohrer für schnelles, sauberes Sacklochbohren.;1600 Watt, inkl. Bügelgriff und Metallkoffer, Preis CHF 985.00.;https://shop.ferronato.ch/de/product/3136/flex-bwe-16-9-14-sacklochbohrer?CatID=216;Plattenleger;985.0;050-190;ab Lager;Plattenleger (Hauptkategorie);Starke FLEX-Marke, zentrale Maschine für Diamantbohren.
03 Bohren & Fräsen;Bohrkronen & Kernbohren;;3;Husqvarna DMS 240 Bohrsystem;https://shop.ferronato.ch/images/product/large/3788.jpg;Husqvarna DMS 240 Bohrsystem, bestehend aus Kernbohrmaschine und Bohrständer, für Bohrlöcher bis Ø250 mm in Wänden, Böden und Dächern. Spannung 230 Volt, Eingangsleistung 2.4 kW, 2 Gänge, Gewicht 20.4 kg, Spindelgewinde 1 1/4 Zoll aussen, abwinkelbar 0-60 Grad, ohne Bohrkrone.;Vollständiges Kernbohrsystem mit Bohrständer für mittelgrosse Bohrlöcher.;Max. Kronendurchmesser 250 mm, ohne Bohrkrone, Preis auf Anfrage.;https://shop.ferronato.ch/de/product/3788/husqvarna-dms-240-bohrsystem?CatID=216;Plattenleger;3.0;050-212;Nicht an Lager;Plattenleger (Hauptkategorie);Starke Husqvarna-Marke, zentrales System für professionelles Kernbohren.
03 Bohren & Fräsen;Bohrkronen & Kernbohren;;2;Husqvarna DS 250 Kernbohrständer, für BK mit max. Ø250mm;https://shop.ferronato.ch/images/product/large/7048.jpg;Husqvarna DS 250 Kernbohrständer aus Aluminium, kombinierter Fuss für Vakuum- und Dübelbefestigung. Für Bohrungen bis Ø 250 mm, geeignet für Durchbruch- und Winkelbohrungen im Heizungs- und Sanitärbau. Gewicht 16 kg, abwinkelbar 0-60°.;Präziser Kernbohrständer für Durchbrüche und Winkelbohrungen bis Ø 250 mm.;Max. Transportlänge 685 mm, leicht zu transportieren.;https://shop.ferronato.ch/de/product/7048/husqvarna-ds-250-kernbohrst-nder-f-r-bk-mit-max-250mm?CatID=216;Plattenleger;1.0;050-319;Nicht an Lager;Plattenleger (Hauptkategorie);Wichtiges Zubehör für Kernbohrungen, aber seltener Neukauf pro Betrieb.
03 Bohren & Fräsen;Fräser & Frässcheiben;5;3;Fingerfräser BETCUT DRY Vollbelag;https://shop.ferronato.ch/images/product/large/4030.jpg;Diamantfingerfräser BETCUT DRY, galvanisiert mit 45-Grad-Kragen und rundum Vollbelag, für Winkelschleifer zum Erweitern von Bohrungen, Innenflächen und Konturen. Trockenanwendung, für alle Materialien, Drehgeschwindigkeit ca. 10000 U/min, Nutzlänge 40 mm, Aufnahme M14.;Diamant-Fingerfräser zum sauberen Erweitern von Bohrlöchern und Konturen.;Durchmesser 10 bis 30 mm, Aufnahme M14, ab CHF 70.00.;https://shop.ferronato.ch/de/product/4030/fingerfr-ser-betcut-dry-vollbelag?CatID=216;Plattenleger;70.0;;;Plattenleger (Hauptkategorie);Fingerfräser BETCUT DRY zum Erweitern und Ausfräsen von Bohrungen.
03 Bohren & Fräsen;Fräser & Frässcheiben;;3;BETCUT-FAT Ø 90 - 113mm Fugenfräser;https://shop.ferronato.ch/images/product/large/4040.jpg;BETCUT-FAT Fugenfräser, Durchmesser 90 bis 113 mm, Aufnahme 22.2 mm, für Granit und universal einsetzbar, Turbo-Fräsbelag 6.0x10.0 mm, max. Drehzahl 10000 U/min.;Turbo-Fugenfräser für universelle Granit- und Fugenarbeiten.;Durchmesser 90 mm, Aufnahme 22.2 mm, Preis CHF 60.75.;https://shop.ferronato.ch/de/product/4040/betcut-fat-90-113mm-fugenfr-ser?CatID=216;Plattenleger;60.75;;;Diamantwerkzeuge, Diamanttrennscheiben 45mm -125mm;Häufig benötigtes Fräswerkzeug für Fugen- und Kantenarbeiten.
03 Bohren & Fräsen;Fräser & Frässcheiben;;3;Fingerfräser Ferrix Ø 25mm M14 mit Rundkopf;https://shop.ferronato.ch/images/product/large/6427.png;Diamantfingerfräser, galvanisiert mit Rundkopf und Vollbelag rundum, für Winkelschleifer. Erweitert Bohrungen, Innenflächen und Konturen in allen Materialien. Ø 25 mm, Nutzlänge 40 mm, Aufnahme M14, Trockenanwendung, ca. 10000 U/min.;Erweitert und bearbeitet Bohrungen und Konturen präzise am Winkelschleifer.;Nur für Trockenanwendung, Aufnahme M14 passend für gängige Winkelschleifer.;https://shop.ferronato.ch/de/product/6427/fingerfr-ser-ferrix-25mm-m14-mit-rundkopf?CatID=216;Plattenleger;119.0;030-693;Nicht an Lager;Plattenleger (Hauptkategorie);Nützlich für Ausschnitte, aber Spezialwerkzeug ohne Alltagseinsatz.
03 Bohren & Fräsen;Fräser & Frässcheiben;;2;FERRIX Diamant Frässcheibe Ø125 mm / 10 mm;https://shop.ferronato.ch/images/product/large/5545.png;Diamant-Frässcheibe Ø125 mm für Mauerschlitz-/Mauernutfräsen und Fugenfräser am Winkelschleifer. Aufnahme 22,2 mm, Segmentbreite 10 mm, Trocken- und Nassanwendung möglich, eingelötete Schutzsegmente für Kernschutz.;Präzises Fräsen von Mauerschlitzen mit geschütztem Diamantkern.;Segmentbreite 10 mm, auch als 6-mm- und 8-mm-Version erhältlich.;https://shop.ferronato.ch/de/product/5545/ferrix-diamant-fr-sscheibe-125-mm-10-mm?CatID=216;Plattenleger;168.0;031-900 10;ab Lager;Diamantwerkzeuge, Diamanttrennscheiben 45mm -125mm;Spezialisiert auf Mauernutfräsen, kein Fliesenleger-Kernprodukt.
03 Bohren & Fräsen;Fräser & Frässcheiben;;2;FERRIX Diamant Frässcheibe Ø125 mm / 8 mm;https://shop.ferronato.ch/images/product/large/5546.png;Diamant-Frässcheibe Ø125 mm für Mauerschlitz-/Mauernutfräsen und Fugenfräser am Winkelschleifer. Aufnahme 22,2 mm, Segmentbreite 8 mm, Trocken- und Nassanwendung möglich.;Präzises Fräsen von Mauerschlitzen mit robuster Segmentbreite.;Segmentbreite 8 mm, auch als 6-mm- und 10-mm-Version erhältlich.;https://shop.ferronato.ch/de/product/5546/ferrix-diamant-fr-sscheibe-125-mm-8-mm?CatID=216;Plattenleger;198.0;031-900 8;ab Lager;Diamantwerkzeuge, Diamanttrennscheiben 45mm -125mm;Spezialisiert auf Mauernutfräsen, kein Fliesenleger-Kernprodukt.
03 Bohren & Fräsen;Fräser & Frässcheiben;;2;FERRIX Diamant Frässcheibe Ø125 x22.2 mm / 6 mm;https://shop.ferronato.ch/images/product/large/5543.png;Diamant-Frässcheibe Ø125 mm für Mauerschlitz-/Mauernutfräsen und Fugenfräser am Winkelschleifer. Aufnahme 22,2 mm, Segmentbreite 6 mm, Trocken- und Nassanwendung möglich, eingelötete Schutzsegmente für Kernschutz.;Präzises Fräsen von Mauerschlitzen mit geschütztem Diamantkern.;Segmentbreite 6 mm, auch als 8-mm- und 10-mm-Version erhältlich.;https://shop.ferronato.ch/de/product/5543/ferrix-diamant-fr-sscheibe-125-x22-2-mm-6-mm?CatID=216;Plattenleger;148.0;031-900 6;ab Lager;Diamantwerkzeuge, Diamanttrennscheiben 45mm -125mm;Spezialisiert auf Mauernutfräsen, kein Fliesenleger-Kernprodukt.
03 Bohren & Fräsen;Fräser & Frässcheiben;;1;FERRIX Diamant V Fräser Ø125 mm;https://shop.ferronato.ch/images/product/large/5544.png;Diamant-V-Nut-Fräser Ø125 mm für Winkelschleifer, reine Nassanwendung, Aufnahme 22,2 mm, Segmenthöhe 12 mm, Segmentbreite 9,5 mm. Für Beton, armierten Beton, Kalksandstein, Sandstein, Estrich, Asphalt, zur Rissreparatur.;Öffnet Risse V-förmig für die fachgerechte Reparaturverfugung.;Nur für Nassanwendung, Segmenthöhe 12 mm.;https://shop.ferronato.ch/de/product/5544/ferrix-diamant-v-fr-ser-125-mm?CatID=216;Plattenleger;154.0;031-900 12K;Nicht an Lager;Diamantwerkzeuge, Diamanttrennscheiben 45mm -125mm;Sehr spezifisches Reparaturwerkzeug für Risse, selten gebraucht.
04 Schleifen, Kanten & Polieren;Frässtifte & Schleifkörper;;2;Diamant Schleifkegel gekröpft Ø 48 mm M14;https://shop.ferronato.ch/images/product/large/6001.png;Gekröpfter Diamant-Schleifkegel mit vakuumgelöteten Diamanten, Ø48 mm, Höhe ohne Aufnahme 45 mm, Plafond Ø20 mm, Aufnahme M14, Trockenanwendung.;Gekröpfte Form für Schleifarbeiten in schwer zugänglichen Ecken und an Decken.;Plafond-Durchmesser 20 mm für Deckenanschlüsse.;https://shop.ferronato.ch/de/product/6001/diamant-schleifkegel-gekr-pft-48-mm-m14?CatID=216;Plattenleger;32.0;031-970;ab Lager;Plattenleger (Hauptkategorie);Spezialform, nur für bestimmte Kantenarbeiten gebraucht.
04 Schleifen, Kanten & Polieren;Frässtifte & Schleifkörper;;2;Diamant Schleifkegel Ø 35 mm M14;https://shop.ferronato.ch/images/product/large/5999.png;Diamant-Schleifkegel Ø35 mm, Höhe ohne Aufnahme 40 mm, Aufnahme M14, Trockenanwendung.;Feiner Diamant-Schleifkegel für Kanten- und Formbearbeitung.;Auch in Ø38, 48 (gekröpft) und 50 mm erhältlich.;https://shop.ferronato.ch/de/product/5999/diamant-schleifkegel-35-mm-m14?CatID=216;Plattenleger;24.0;031-966;ab Lager;Plattenleger (Hauptkategorie);Spezialform, nur für bestimmte Kantenarbeiten gebraucht.
04 Schleifen, Kanten & Polieren;Frässtifte & Schleifkörper;;2;Diamant Schleifkegel Ø 38 mm M14;https://shop.ferronato.ch/images/product/large/6000.png;Diamant-Schleifkegel mit vakuumgelöteten Diamanten, Ø38 mm, Höhe ohne Aufnahme 35 mm, Aufnahme M14, Trockenanwendung.;Feiner Diamant-Schleifkegel für Kanten- und Formbearbeitung.;Auch in Ø35, 48 (gekröpft) und 50 mm erhältlich.;https://shop.ferronato.ch/de/product/6000/diamant-schleifkegel-38-mm-m14?CatID=216;Plattenleger;27.2;031-968;Nicht an Lager;Plattenleger (Hauptkategorie);Spezialform, nur für bestimmte Kantenarbeiten gebraucht.
04 Schleifen, Kanten & Polieren;Frässtifte & Schleifkörper;;2;Diamant Schleifkegel Ø 50 mm M14;https://shop.ferronato.ch/images/product/large/6002.png;Diamant-Schleifkegel mit vakuumgelöteten Diamanten, Ø50 mm, Höhe ohne Aufnahme 50 mm, Aufnahme M14, Trockenanwendung.;Feiner Diamant-Schleifkegel für Kanten- und Formbearbeitung.;Auch in Ø35, 38 und 48 (gekröpft) erhältlich.;https://shop.ferronato.ch/de/product/6002/diamant-schleifkegel-50-mm-m14?CatID=216;Plattenleger;36.0;031-972;ab Lager;Plattenleger (Hauptkategorie);Spezialform, nur für bestimmte Kantenarbeiten gebraucht.
04 Schleifen, Kanten & Polieren;Frässtifte & Schleifkörper;;2;Diamantfrässtift fein / spitz 0.8x8x2.35mm Pack à 10 Stück;https://shop.ferronato.ch/images/product/large/8043.png;Feiner, spitzer Diamantfrässtift zur präzisen Detailbearbeitung, Durchmesser 0.8 mm, Frästeillänge 8 mm, Gesamtlänge 43 mm, Aufnahme 2.35 mm. Verpackungseinheit 10 Stück.;Feiner Diamantfrässtift für präzise Detailarbeiten, 10er-Pack.;Aufnahme 2.35 mm, 10 Stück pro Packung, Preis CHF 24.00.;https://shop.ferronato.ch/de/product/8043/diamantfr-sstift-fein-spitz-0-8x8x2-35mm-pack-10-st-ck?CatID=216;Plattenleger;24.0;032-760;ab Lager;Plattenleger (Hauptkategorie);Kleinteil-Verbrauchsmaterial für Detailfräsarbeiten, Nischenbedarf.
04 Schleifen, Kanten & Polieren;Frässtifte & Schleifkörper;;1;DSK 3mm Set Gravurstifte gesintert 10 verschiedene Formen;https://shop.ferronato.ch/images/product/large/4207.png;DSK 3 mm Set Gravurstifte, gesintert, grob D427, Schaft Ø3x30 mm, 10-teiliges Set mit 10 verschiedenen Formen, geliefert in Plastikbox, für Trockenanwendung.;10-teiliges Gravurstift-Set für vielseitige Detailarbeiten.;10 Formen in Plastikbox, Preis CHF 180.00.;https://shop.ferronato.ch/de/product/4207/dsk-3mm-set-gravurstifte-gesintert-10-verschiedene-formen?CatID=216;Plattenleger;180.0;031-554;ab Lager;Plattenleger (Hauptkategorie);Spezialset für Gravurarbeiten, seltener Bedarf.
04 Schleifen, Kanten & Polieren;Frässtifte & Schleifkörper;;1;KSK 6 Flammenform keramisch ø16x32mm K24/36;https://shop.ferronato.ch/images/product/large/2635.png;Kleinschleifkörper KSK, Flammenform, Ø16x32 mm, Schaft Ø6x40 mm, Korn 24/36, aus Siliziumcarbid, Form E, Aufnahme 6 mm.;Kleiner Schleifkörper zum präzisen Schleifen von Detailformen.;Aufnahme 6 mm, Korn 24/36, Preis CHF 4.70.;https://shop.ferronato.ch/de/product/2635/ksk-6-flammenform-keramisch-16x32mm-k24-36?CatID=216;Plattenleger;4.7;010-072;ab Lager;Plattenleger (Hauptkategorie);Kleinteil-Zubehör für spezielle Detailarbeiten.
04 Schleifen, Kanten & Polieren;Frässtifte & Schleifkörper;;1;KSK 6 Kegelform lang keramisch ø22x70mm K36;https://shop.ferronato.ch/images/product/large/370.png;Kleinschleifkörper KSK, Kegelform lang, Ø22x70 mm, Schaft Ø6x40 mm, Korn 24/36, aus Siliziumcarbid, Form F, Aufnahme 6 mm.;Kleiner Schleifkörper zum präzisen Schleifen von Detailformen.;Aufnahme 6 mm, Korn 24/36, Preis CHF 9.60.;https://shop.ferronato.ch/de/product/370/ksk-6-kegelform-lang-keramisch-22x70mm-k36?CatID=216;Plattenleger;9.6;010-070;ab Lager;Plattenleger (Hauptkategorie);Kleinteil-Zubehör für spezielle Detailarbeiten.
04 Schleifen, Kanten & Polieren;Frässtifte & Schleifkörper;;1;KSK 6 Kegelform stumpf keramisch ø20x30mm K36;https://shop.ferronato.ch/images/product/large/374.png;Kleinschleifkörper KSK, Kegelform stumpf, Ø20x30 mm, Schaft Ø6x40 mm, Korn 24/36, aus Siliziumcarbid, Form G, Aufnahme 6 mm.;Kleiner Schleifkörper zum präzisen Schleifen von Detailformen.;Aufnahme 6 mm, Korn 24/36, Preis CHF 6.50.;https://shop.ferronato.ch/de/product/374/ksk-6-kegelform-stumpf-keramisch-20x30mm-k36?CatID=216;Plattenleger;6.5;010-071;ab Lager;Plattenleger (Hauptkategorie);Kleinteil-Zubehör für spezielle Detailarbeiten.
04 Schleifen, Kanten & Polieren;Frässtifte & Schleifkörper;;1;KSK 6 Kugelform keramisch ø25mm K36;https://shop.ferronato.ch/images/product/large/371.png;Kleinschleifkörper KSK, Kugelform, Ø25 mm, Schaft Ø6x40 mm, Korn 24/36, aus Siliziumcarbid, Form H, Aufnahme 6 mm.;Kleiner Schleifkörper zum präzisen Schleifen von Detailformen.;Aufnahme 6 mm, Korn 24/36, Preis CHF 5.10.;https://shop.ferronato.ch/de/product/371/ksk-6-kugelform-keramisch-25mm-k36?CatID=216;Plattenleger;5.1;010-074;Nicht an Lager;Plattenleger (Hauptkategorie);Kleinteil-Zubehör für spezielle Detailarbeiten.
04 Schleifen, Kanten & Polieren;Frässtifte & Schleifkörper;;1;KSK 6 Zylinder mit Rundung konkav keramisch ø25x25mm K36;https://shop.ferronato.ch/images/product/large/397.png;Kleinschleifkörper KSK, Zylinder mit konkaver Rundung, Ø25x25 mm oben Mulde nach innen, Schaft Ø6x40 mm, Korn 24/36, aus Siliziumcarbid, Form C, Aufnahme 6 mm.;Kleiner Schleifkörper zum präzisen Schleifen von Detailformen.;Aufnahme 6 mm, Korn 24/36, Preis CHF 4.80.;https://shop.ferronato.ch/de/product/397/ksk-6-zylinder-mit-rundung-konkav-keramisch-25x25mm-k36?CatID=216;Plattenleger;4.8;010-077;ab Lager;Plattenleger (Hauptkategorie);Kleinteil-Zubehör für spezielle Detailarbeiten.
04 Schleifen, Kanten & Polieren;Frässtifte & Schleifkörper;;1;KSK 6 Zylinder mit Rundung konvex keramisch ø25x25mm K36;https://shop.ferronato.ch/images/product/large/373.png;Kleinschleifkörper KSK, Zylinder mit konvexer Rundung, Ø25x25 mm oben bombiert, Schaft Ø6x40 mm, Korn 24/26, aus Siliziumcarbid, Form D, Aufnahme 6 mm.;Kleiner Schleifkörper zum präzisen Schleifen von Detailformen.;Aufnahme 6 mm, Korn 24/26, Preis CHF 4.40.;https://shop.ferronato.ch/de/product/373/ksk-6-zylinder-mit-rundung-konvex-keramisch-25x25mm-k36?CatID=216;Plattenleger;4.4;010-073;ab Lager;Plattenleger (Hauptkategorie);Kleinteil-Zubehör für spezielle Detailarbeiten.
04 Schleifen, Kanten & Polieren;Frässtifte & Schleifkörper;;1;KSK 6 Zylinderform lang keramisch ø25x38 K24/36;https://shop.ferronato.ch/images/product/large/345.png;Kleinschleifkörper KSK, Zylinderform lang, Ø25x38 mm, Schaft Ø6x40 mm, Korn 24/36, aus Siliziumcarbid, Form A, Aufnahme 6 mm.;Kleiner Schleifkörper zum präzisen Schleifen von Detailformen.;Aufnahme 6 mm, Korn 24/36, Preis CHF 6.80.;https://shop.ferronato.ch/de/product/345/ksk-6-zylinderform-lang-keramisch-25x38-k24-36?CatID=216;Plattenleger;6.8;010-075;ab Lager;Plattenleger (Hauptkategorie);Kleinteil-Zubehör für spezielle Detailarbeiten.
04 Schleifen, Kanten & Polieren;Handpads & Feilen;5;3;KGS HANDPAD DIFLEX 75x75mm;https://shop.ferronato.ch/images/product/large/6242.jpg;Diamant-Handpad dünn und flexibel, 75x75 mm, 10 mm Schaumstoffträger, für manuelles Schleifen und Polieren von Naturstein, Glas, Keramik, Metall in Nassanwendung. Metall- oder kunststoffgebunden, Körnungen 60 bis 800 verfügbar.;Flexibles Handpad für Profilflächen ohne Elektrowerkzeug.;Körnungen von 60 NI bis 800 CP1 erhältlich.;https://shop.ferronato.ch/de/product/6242/kgs-handpad-diflex-75x75mm?CatID=216;Plattenleger;44.9;;;Plattenleger (Hauptkategorie);KGS Handpad DIFLEX 75x75 mm, günstiges Handwerkzeug für Nacharbeiten.
04 Schleifen, Kanten & Polieren;Handpads & Feilen;;3;KGS TELUM® Handrutscher 90 x 55 mm Körnung 50-3000;https://shop.ferronato.ch/images/product/large/2390.png;KGS Telum Diamant-Handrutscher 90x55 mm, Körnung 50 bis 3000, Schaumstoffträger mit diamantbeschichteter Schleif- und Polierfläche. Für den Handschliff schwer zugänglicher Stellen, Ecken, Kanten, Rundungen, zum Entgraten, Anfasen und Schärfen an Naturstein, Glas, Keramik und Metall.;Diamant-Handrutscher für Ecken und Kanten, wo Maschinen nicht hinkommen.;Körnung 50 bis 3000 einzeln erhältlich, ab CHF 37.00.;https://shop.ferronato.ch/de/product/2390/kgs-telum-handrutscher-90-x-55-mm-k-rnung-50-3000?CatID=216;Plattenleger;37.0;;;Plattenleger (Hauptkategorie);Bewährte KGS-Marke, oft im Handschliff gebraucht.
04 Schleifen, Kanten & Polieren;Handpads & Feilen;;2;DMT-Diamantrutscher / Abziehstein DAS 150;https://shop.ferronato.ch/images/product/large/3901.png;DMT-Diamantrutscher, Abziehstein DAS 150, in 4 Körnungen von extragrob D76 bis extrafein D15, in Holzschachtel mit Deckel. Zum Anschärfen von Bildhauerwerkzeugen, trocken oder mit Wasser, ohne Öl, gleichmässige Diamantkorngrösse für dauerhafte Leistung.;Präziser Diamant-Abziehstein zum Schärfen von Bildhauerwerkzeugen.;Grösse 150x50 mm, 4 Körnungen einzeln erhältlich, ab CHF 209.00.;https://shop.ferronato.ch/de/product/3901/dmt-diamantrutscher-abziehstein-das-150?CatID=216;Plattenleger;209.0;;;Plattenleger (Hauptkategorie);Spezialwerkzeug fürs Schärfen, eher für Bildhauerbedarf.
04 Schleifen, Kanten & Polieren;Handpads & Feilen;;2;KGS FILEX Diamant Hand-Feilen flach 40x20 mm;https://shop.ferronato.ch/images/product/large/4094.jpg;KGS Filex Diamant-Handfeile flach, 40x20 mm, Körnungen 120 bis 800, für Nass- und Trockenschleifen, lange Lebensdauer bei Nassschliff, Diamantfläche 38.5x19 mm, empfohlen für Kalkstein, Marmor, Granit und Serpentin.;Diamant-Handfeile für präzises manuelles Schleifen von Stein.;Körnung 120 bis 800, farblich codiert, ab CHF 13.90.;https://shop.ferronato.ch/de/product/4094/kgs-filex-diamant-hand-feilen-flach-40x20-mm?CatID=216;Plattenleger;13.9;;;Plattenleger (Hauptkategorie);Nützliches Handwerkzeug für Detailschliff, kein Massenartikel.
04 Schleifen, Kanten & Polieren;Jolly-Kante;2;4;DISTAR Glider 45 PRO 2.0 für die perfekte Jolly Kante;https://shop.ferronato.ch/images/product/large/7466.jpg;Winkelschleifer-Aufsatz für den vibrationsfreien 45°-Gehrungsschnitt (Jolly-Schnitt) an Feinsteinzeug. Direkte Montage am Getriebe für starre Verbindung, passt auf gängige 115 und 125 mm Winkelschleifer, tatsächlicher Schnittwinkel 50-52°. Verstellbare Absaughaube bis 14 mm Materialstärke, für Fliesenlängen von 600 bis 3600 mm.;Macht den anspruchsvollen 45°-Jolly-Schnitt vibrationsfrei und industriell wiederholbar.;Passt auf 115/125 mm Winkelschleifer aller Marken, Preis CHF 285.00.;https://shop.ferronato.ch/de/product/7466/distar-glider-45-pro-2-0-f-r-die-perfekte-jolly-kante?CatID=216;Plattenleger / weiss;285.0;032-662;ab Lager;Plattenleger (Hauptkategorie);DISTAR Glider 45 PRO 2.0, gefragtestes Hilfsmittel für die perfekte Jolly-Kante.
04 Schleifen, Kanten & Polieren;Jolly-Kante;3;3;DISTAR Duster 45° für 115 & 125mm Trennscheiben;https://shop.ferronato.ch/images/product/large/7849.jpg;Winkelschleiferaufsatz für sauberes, staubarmes Fliesenschneiden im 45°-Winkel. Führt nahezu den gesamten Staub in den Sauger ab, Kunststoffstütze ermöglicht ermüdungsfreies Arbeiten, offene Bauweise erlaubt visuelle Kontrolle des Schnitts. Einsetzbar mit allen 115 und 125 mm Winkelschleifern.;Staubarmes 45°-Fliesenschneiden mit visueller Schnittkontrolle.;Passt auf 115/125 mm Winkelschleifer aller Marken, Preis CHF 78.00.;https://shop.ferronato.ch/de/product/7849/distar-duster-45-f-r-115-125mm-trennscheiben?CatID=216;Plattenleger;78.0;032-663;ab Lager;Plattenleger (Hauptkategorie);DISTAR Duster 45° für 115/125 mm, staubarmes Gehrungsschneiden zum kleinen Preis.
04 Schleifen, Kanten & Polieren;Polierpads;;3;BETCUT HONEYCOMB PAD Ø150 mm 1- 6;https://shop.ferronato.ch/images/product/large/4424.jpg;BETCUT Honeycomb Pad, Ø150 mm, Körnung 50 bis 10000 mit Velcrobelag, für Hartgestein und Beton, Nass- und Trockenanwendung, durchnummeriert von 1 bis 6.;Honeycomb-Pad-Set für stufenloses Polieren von Hartgestein und Beton.;6-teiliges Set, Körnung 50 bis 10000, Preis CHF 77.20.;https://shop.ferronato.ch/de/product/4424/betcut-honeycomb-pad-150-mm-1-6?CatID=216;Plattenleger;77.2;;;Plattenleger (Hauptkategorie);Komplettes Pad-Set, häufig für den Politurprozess gebraucht.
04 Schleifen, Kanten & Polieren;Polierpads;;3;BETCUT SPIRALBRICK Ø 100mm, Trockenanwendung;https://shop.ferronato.ch/images/product/large/4069.jpg;BETCUT Spiralbrick, Durchmesser 100 mm, Korn 50 bis 3000 sowie Shine-Buff-Pad, Klettverbindung, für Granit und Hartgestein, Trockenanwendung.;Bewährtes Spiralbrick-Pad für den Trockenschliff auf Granit.;Körnung 50 bis 3000, Klettverbindung, ab CHF 18.00.;https://shop.ferronato.ch/de/product/4069/betcut-spiralbrick-100mm-trockenanwendung?CatID=216;Plattenleger;18.0;;;Plattenleger (Hauptkategorie);Häufig genutztes Pad im Trockenschliff von Hartgestein.
04 Schleifen, Kanten & Polieren;Polierpads;;3;DISTAR CoolPAD Ø50mm x3 mm x 7mm  Polierer #1;https://shop.ferronato.ch/images/product/large/7856.jpg;Diamant-Polierscheibe CoolPAD Nr. 1 für Gravurmaschinen, entwickelt für das Trockenschleifen von Feinsteinzeug. Ersetzt mehrere Körnungen in einer Scheibe (ca. 30-120). Durchmesser 50 mm, Dicke 3 mm, Aufnahme 7 mm.;Schleift Feinsteinzeug in grober Körnung mit einer einzigen Scheibe an.;Vor Erstgebrauch anschleifen, Durchmesser 50 mm, Preis CHF 16.00.;https://shop.ferronato.ch/de/product/7856/distar-coolpad-50mm-x3-mm-x-7mm-polierer-1?CatID=216;Plattenleger;16.0;032-733 1;ab Lager;Plattenleger (Hauptkategorie);Praktisches Polierpad-System für Feinsteinzeug, Teil einer 4er-Serie.
04 Schleifen, Kanten & Polieren;Polierpads;;3;DISTAR CoolPAD Ø50mm x3 mm x 7mm  Polierer #2;https://shop.ferronato.ch/images/product/large/7855.jpg;Diamant-Polierscheibe CoolPAD Nr. 2 für Gravurmaschinen, entwickelt für das Trockenschleifen von Feinsteinzeug. Ersetzt mehrere Körnungen in einer Scheibe (ca. 120-400). Durchmesser 50 mm, Dicke 3 mm, Aufnahme 7 mm.;Poliert Feinsteinzeug in mittlerer Körnung mit einer einzigen Scheibe.;Vor Erstgebrauch anschleifen, Durchmesser 50 mm, Preis CHF 16.00.;https://shop.ferronato.ch/de/product/7855/distar-coolpad-50mm-x3-mm-x-7mm-polierer-2?CatID=216;Plattenleger;16.0;032-733 2;ab Lager;Plattenleger (Hauptkategorie);Praktisches Polierpad-System für Feinsteinzeug, Teil einer 4er-Serie.
04 Schleifen, Kanten & Polieren;Polierpads;;3;DISTAR CoolPAD Ø50mm x3 mm x 7mm  Polierer #3;https://shop.ferronato.ch/images/product/large/7854.jpg;Diamant-Polierscheibe CoolPAD Nr. 3 für Gravurmaschinen, entwickelt für das Trockenschleifen von Feinsteinzeug. Ersetzt mehrere Körnungen in einer Scheibe (ca. 400-1000). Durchmesser 50 mm, Dicke 3 mm, Aufnahme 7 mm.;Poliert Feinsteinzeug in feiner Körnung mit einer einzigen Scheibe.;Vor Erstgebrauch anschleifen, Durchmesser 50 mm, Preis CHF 16.00.;https://shop.ferronato.ch/de/product/7854/distar-coolpad-50mm-x3-mm-x-7mm-polierer-3?CatID=216;Plattenleger;16.0;032-733 3;ab Lager;Plattenleger (Hauptkategorie);Praktisches Polierpad-System für Feinsteinzeug, Teil einer 4er-Serie.
04 Schleifen, Kanten & Polieren;Polierpads;;3;DISTAR CoolPAD Ø50mm x3 mm x 7mm  Polierer #4;https://shop.ferronato.ch/images/product/large/7853.jpg;Diamant-Polierscheibe CoolPAD Nr. 4 für Gravurmaschinen, entwickelt für das Trockenschleifen von Feinsteinzeug. Ersetzt mehrere Körnungen in einer Scheibe, Nr. 4 dient dem Hochglanzpolieren mit einer einzigen Berührung. Durchmesser 50 mm, Dicke 3 mm, Aufnahme 7 mm.;Poliert Feinsteinzeug mit einer einzigen Scheibe bis zum Hochglanz.;Vor Erstgebrauch anschleifen, Durchmesser 50 mm, Preis CHF 16.00.;https://shop.ferronato.ch/de/product/7853/distar-coolpad-50mm-x3-mm-x-7mm-polierer-4?CatID=216;Plattenleger;16.0;032-733 4;ab Lager;Plattenleger (Hauptkategorie);Praktisches Polierpad-System für Feinsteinzeug, Teil einer 4er-Serie.
04 Schleifen, Kanten & Polieren;Polierpads;;2;"KGS Flexis FM  Ø150mm/6""";https://shop.ferronato.ch/images/product/large/4388.jpg;KGS Flexis FM System, Ø150 mm/6 Zoll, Korn 100 bis 3000, Bodenpads zum Reinigen und Polieren mit Ferrzon+-Technologie, Aufnahme QRS-Loop, weisses Trägerpad für Polituren oder Reinigungsmittel separat erhältlich.;Bodenpad-System für professionelle Reinigung und Politur von Böden.;Körnung 100 bis 3000, Aufnahme QRS-Loop, ab CHF 26.90.;https://shop.ferronato.ch/de/product/4388/kgs-flexis-fm-150mm-6?CatID=216;Plattenleger;26.9;;;Plattenleger (Hauptkategorie);Nützliches Pad-System, eher für spezialisierte Bodenpflege.
04 Schleifen, Kanten & Polieren;Schleif- & Polierteller;;3;DISTAR Aufnahmeteller Click & Lock Pro Ø100mm M14;https://shop.ferronato.ch/images/product/large/7799.jpg;Magnetischer Aufnahmeteller Click-Lock Pro für schnellen Wechsel von Polierscheiben beim Schleifen von Feinsteinzeug und Granit. Ersetzt zeitaufwändige Klett- oder Basiswechsel, Halter rasten magnetisch ein. Max. Drehzahl 3500 U/min, Durchmesser 100 mm, Aufnahme M14, inkl. Basis und drei Stahlhalter.;Wechselt Polierscheiben per Magnetklick, ohne Zeitverlust und Unwucht.;Inkl. 3 Stahlhalter für Polierscheiben, Preis CHF 75.00.;https://shop.ferronato.ch/de/product/7799/distar-aufnahmeteller-click-lock-pro-100mm-m14?CatID=216;Plattenleger;75.0;050-736;ab Lager;Plattenleger (Hauptkategorie);Effizientes Zubehör für schnellen Polierscheibenwechsel, für Profis lohnend.
04 Schleifen, Kanten & Polieren;Schleif- & Polierteller;;2;Aufnahmeteller SF HART Ø130 SF M14 hart;https://shop.ferronato.ch/images/product/large/5931.jpg;Aufnahmeteller SF Ø130 mm, M14 hart mit Innengewinde, Bajonettaufnahme flach.;Stabiler Hart-Aufnahmeteller für Klettschleifmittel Ø130 mm.;Bajonettaufnahme, Innengewinde M14.;https://shop.ferronato.ch/de/product/5931/aufnahmeteller-sf-hart-130-sf-m14-hart?CatID=216;Plattenleger;58.0;050-146;ab Lager;Plattenleger (Hauptkategorie);Standard-Zubehörteil, wird nachgekauft, kein Highlight.
04 Schleifen, Kanten & Polieren;Schleif- & Polierteller;;2;Aufnahmeteller ø100/120x10 M14 für Lammfelle;https://shop.ferronato.ch/images/product/large/6420.jpg;Aufnahmeteller M14 für Lammfellhaube, Durchmesser 100/120 mm bei 10 mm Höhe, maschinenseitiger Anschluss M14. Passend für Lammfellhauben mit Ø 120 mm.;Aufnahmeteller für Lammfellpolitur am Winkelschleifer.;Grössere Variante ø 140/180x20 mm für Lammfellhauben Ø 180/190 mm ebenfalls erhältlich.;https://shop.ferronato.ch/de/product/6420/aufnahmeteller-100-120x10-m14-f-r-lammfelle?CatID=216;Plattenleger;29.5;050-158;ab Lager;Plattenleger (Hauptkategorie);Zubehörteil für Poliermaschine, seltener Einzelkauf.
04 Schleifen, Kanten & Polieren;Schleif- & Polierteller;;2;Aufnahmeteller ø140/180x20 M14 für Lammfelle;https://shop.ferronato.ch/images/product/large/6421.jpg;Aufnahmeteller M14 für Lammfellhaube, Durchmesser 140/180 mm bei 20 mm Höhe, maschinenseitiger Anschluss M14. Passend für Lammfellhauben mit Ø 180/190 mm.;Grösserer Aufnahmeteller für Lammfellpolitur am Winkelschleifer.;Kleinere Variante ø 100/120x10 mm für Lammfellhauben Ø 120 mm ebenfalls erhältlich.;https://shop.ferronato.ch/de/product/6421/aufnahmeteller-140-180x20-m14-f-r-lammfelle?CatID=216;Plattenleger;37.5;050-160;ab Lager;Plattenleger (Hauptkategorie);Zubehörteil für Poliermaschine, seltener Einzelkauf.
04 Schleifen, Kanten & Polieren;Schleif- & Polierteller;;2;DISTAR Schaumstützteller Ø50mm PROXXON;https://shop.ferronato.ch/images/product/large/7867.jpg;Schaumstützteller mit vollflächiger Hartschaum-Klettaufnahme für Polierschwämme, Lammfell-Polierhauben, Filzscheiben, Schleifscheiben und Schleifvlies. Sorgt für gleichmässige Druckverteilung bei Schleif- und Polierarbeiten. Durchmesser 50 mm, Höhe 18.5 mm, passend für Proxxon-Poliergeräte WP/E, WP/A, EP/E, EP/A.;Sichere Klett-Basis für alle gängigen Polier- und Schleifaufsätze am Proxxon-Gerät.;Durchmesser 50 mm, für Proxxon WP/EP-Serie, Preis CHF 4.90.;https://shop.ferronato.ch/de/product/7867/distar-schaumst-tzteller-50mm-proxxon?CatID=216;Plattenleger;4.9;060-213 50;ab Lager;Plattenleger (Hauptkategorie);Kleines Verschleissteil, nur bei Proxxon-System relevant.
04 Schleifen, Kanten & Polieren;Schleif- & Polierteller;;2;Ferrix Schleifteller Keramik Ø100 mm M14;https://shop.ferronato.ch/images/product/large/4986.png;Schleifteller für Keramik Ø100 mm, Aufnahme M14, Körnung 50, hart, für Nass- und Trockenanwendung.;Robuster Hartschleifteller speziell für Keramik.;Körnung 50, nass und trocken einsetzbar.;https://shop.ferronato.ch/de/product/4986/ferrix-schleifteller-keramik-100-mm-m14?CatID=216;Plattenleger;104.0;031-824;ab Lager;Plattenleger (Hauptkategorie);Nützliches Zubehör, aber Nischenkörnung.
04 Schleifen, Kanten & Polieren;Schleiftöpfe & Schleifscheiben;1;5;DIA Schleiftopf 125mm Aufnahme 22.2 mm / M14;https://shop.ferronato.ch/images/product/large/2812.png;Premium Diamantschleifteller, Durchmesser 125 mm, Aufnahme 22.2 mm oder M14, 6 bzw. 7 präzisionsgeschweisste Diamant-Segmente, Segmenthöhe 5 mm, Gesamthöhe 30 mm, für Trockenanwendung auf Sanierungsschleifern. Für Beton, Granit, Fliesenkleber und Epoxidharz, auch für Estrich- und Kleberreste.;Robuster Schleiftopf für Sanierungsschleifer mit hoher Abtragsleistung.;Aufnahme 22.2 mm oder M14, nur mit Schutzhaube, Preis CHF 124.00.;https://shop.ferronato.ch/de/product/2812/dia-schleiftopf-125mm-aufnahme-22-2-mm-m14?CatID=216;Plattenleger;124.0;;;Plattenleger (Hauptkategorie);DIA Schleiftopf 125 mm M14, Dauerläufer zum Abtragen von Kleber und Beton.
04 Schleifen, Kanten & Polieren;Schleiftöpfe & Schleifscheiben;4;3;Telum Dry Diamantschleifscheibe ø115x25 QRS grau K50-800;https://shop.ferronato.ch/images/product/large/6342.jpg;KGS Telum Dry Diamant-Schleifscheibe mit Klettverschluss, harte Zwischenschicht, Pfeilstruktur, metallgebundener Diamant, für Trockenschliff an hartem Kalkstein, Serpentin, Marmor, Granit. Bohrungsdurchmesser 15 mm, Körnungen 50-800.;Hohe Standzeit und Abtragsleistung beim Trockenschliff von Hartgestein.;Körnungen von 50 bis 800 erhältlich, mit Klett montiert.;https://shop.ferronato.ch/de/product/6342/telum-dry-diamantschleifscheibe-115x25-qrs-grau-k50-800?CatID=216;Plattenleger / grau;69.9;;;Plattenleger (Hauptkategorie);KGS Telum Dry Ø115 Klett-Schleifscheibe, Standard für Kanten- und Flächenschliff.
04 Schleifen, Kanten & Polieren;Schleiftöpfe & Schleifscheiben;6;3;KGS Hybrid Flap Disc M14 WET & DRY;https://shop.ferronato.ch/images/product/large/4059.jpg;KGS Hybrid Flap Disc M14, Körnung 50-200, für Nass- und Trockenanwendung, Diamant-Lamellenschleifscheibe Ø115 mm mit M14-Aufnahme. Ultraschnelles, vibrationsfreies Schleifen und Schruppen auch auf sehr harten Oberflächen und Kanten, für Naturstein, Marmor, Granit und Terrazzo, Swiss Diamond Technology.;Vibrationsarme Diamant-Lamellenscheibe für schnelles Schleifen und Schruppen.;Körnung 50 bis 200, Aufnahme M14, Preis CHF 93.00.;https://shop.ferronato.ch/de/product/4059/kgs-hybrid-flap-disc-m14-wet-dry?CatID=216;Plattenleger;93.0;;;Plattenleger (Hauptkategorie);KGS Hybrid Flap Disc M14, flexible Lamellenscheibe für nass und trocken.
04 Schleifen, Kanten & Polieren;Schleiftöpfe & Schleifscheiben;;3;DISTAR DGM Schleiftopf Soft Edge Ø45mm;https://shop.ferronato.ch/images/product/large/7984.jpg;DISTAR Soft Edge-Fräser für Graviergeräte, speziell entwickelt für die Bearbeitung anspruchsvoller Fliesen. Diamantschicht wird durch Graphitspäne gekühlt und verhindert zuverlässig Abplatzungen, ideal zum Schleifen von glasiertem oder sprödem Feinsteinzeug. Durchmesser 45 mm, Aufnahme 5.8 mm, Körnung 100, inkl. Aufnahmedorn für Proxxon.;Schleift glasiertes, sprödes Feinsteinzeug abplatzungsfrei dank Graphitkühlung.;Körnung 100, inkl. Aufnahmedorn für Proxxon, Preis CHF 42.00.;https://shop.ferronato.ch/de/product/7984/distar-dgm-schleiftopf-soft-edge-45mm?CatID=216;Plattenleger;42.0;032-756;ab Lager;DISTAR Technik;Spezial-Schleiftopf für heikle Feinsteinzeug-Oberflächen.
04 Schleifen, Kanten & Polieren;Schleiftöpfe & Schleifscheiben;;3;DISTAR MasterGRIND Ø115x1.8x30mm für Keramik und Glas;https://shop.ferronato.ch/images/product/large/7729.jpg;DISTAR MasterGRIND 2-in-1-Werkzeug zum Schneiden und Schleifen von Keramik und Glas. Vakuumgelötete Diamantschicht (30 mm breit), gebogene Topfform verhindert Kontakt des Flanschs mit dem Material, stabiler Schnitt bei 90° und 45°. Bei Akku-Winkelschleifern auch mit Wasserzufuhr nutzbar. Durchmesser 115 mm, Aufnahme 22.23 mm, max. 13'000 U/min.;Kombiniert Schneiden und Schleifen von Keramik und Glas in einem Werkzeug.;Trocken- und Nassanwendung möglich, Preis CHF 24.00.;https://shop.ferronato.ch/de/product/7729/distar-mastergrind-115x1-8x30mm-f-r-keramik-und-glas?CatID=216;Plattenleger;24.0;032-728;ab Lager;Diamantwerkzeuge, Diamanttrennscheiben 45mm -125mm;Vielseitiges 2-in-1-Werkzeug, praktisch aber nicht Standard-Kernprodukt.
04 Schleifen, Kanten & Polieren;Schleiftöpfe & Schleifscheiben;;3;FLEX Thermo Super Ø150/22.2mm Diamantschleiftopf;https://shop.ferronato.ch/images/product/large/7023.jpg;FLEX Thermo Super Diamantschleiftopf zum Abschleifen von Betonteilen, Anschleifen von Altbeton und hartem Zementputz, Entfernen von Schalungsübergängen, Epoxidharzbeschichtungen und Sinterschicht. Ø 150 mm, Bohrung 22.2 mm, hohe Schleifleistung und Lebensdauer.;Leistungsstarker Schleiftopf für Betonvorbereitung und Beschichtungsentfernung.;Segmentkonstruktion für lange Lebensdauer, Preis CHF 245.00.;https://shop.ferronato.ch/de/product/7023/flex-thermo-super-150-22-2mm-diamantschleiftopf?CatID=216;Plattenleger;245.0;050-520;Nicht an Lager;Plattenleger (Hauptkategorie);Wichtig für Betonvorbereitung, aber kein täglicher Bedarf.
04 Schleifen, Kanten & Polieren;Schleiftöpfe & Schleifscheiben;;3;KGS Telum Dry Diamantschleifscheibe ø100x15 QRS K50-800;https://shop.ferronato.ch/images/product/large/6413.png;Diamantschleifscheibe mit Klettverschluss, metallgebunden, für Trockenschliff von hartem Kalkstein, Serpentin, Marmor und Granit. Ø 100 mm, Bohrung 15 mm, hohe Standzeit und Abtragsleistung, geringe Wärmeentwicklung. Erhältlich in Körnung 50 bis 800.;Langlebige Trockenschleifscheibe für harten Naturstein.;Körnungen 50, 60, 120, 200, 400, 800 einzeln erhältlich, ab CHF 63.00.;https://shop.ferronato.ch/de/product/6413/kgs-telum-dry-diamantschleifscheibe-100x15-qrs-k50-800?CatID=216;Plattenleger;63.0;;;Plattenleger (Hauptkategorie);Regelmässig gebraucht bei Naturstein-Reparaturen, aber Spezialanwendung.
04 Schleifen, Kanten & Polieren;Schleiftöpfe & Schleifscheiben;;3;NECTAR DSK Ø45mm x 5.8 mm trocken für Keramik & Feinsteinzeug;https://shop.ferronato.ch/images/product/large/7727.jpg;DISTAR Nectar-Schleiftopf für ausbruchsfreies, schnelles Schleifen von Feinsteinzeug, auch mit leistungsschwachen Winkelschleifern. Kompaktes Design für schwer zugängliche Stellen, schützt den Motor vor Überhitzung. Aussendurchmesser 45 mm, Aufnahme 5.8 mm, inkl. 3 mm Aufnahmedorn.;Ausbruchsfreies Schleifen von Feinsteinzeug, auch an schwer zugänglichen Stellen.;Inkl. Aufnahmedorn 3 mm, Preis CHF 43.00.;https://shop.ferronato.ch/de/product/7727/nectar-dsk-45mm-x-5-8-mm-trocken-f-r-keramik-feinsteinzeug?CatID=216;Plattenleger;43.0;032-732;ab Lager;Diamantwerkzeuge, DISTAR Technik, Diamanttrennscheiben 45mm -125mm;Spezial-Schleiftopf für Detailarbeiten an Feinsteinzeug.
04 Schleifen, Kanten & Polieren;Schleiftöpfe & Schleifscheiben;;2;Diamant Topfscheibe Ø100mm M14;https://shop.ferronato.ch/images/product/large/5997.png;Topfscheibe mit vakuumgelöteten Diamanten, Ø100 mm, Aufnahme M14, Trockenanwendung.;Robuste Diamant-Topfscheibe für schnellen Materialabtrag.;Auch als Ø115 mm Version erhältlich.;https://shop.ferronato.ch/de/product/5997/diamant-topfscheibe-100mm-m14?CatID=216;Plattenleger;44.0;031-962;ab Lager;Plattenleger (Hauptkategorie);Standardzubehör, austauschbar mit vergleichbaren Produkten.
04 Schleifen, Kanten & Polieren;Schleiftöpfe & Schleifscheiben;;2;Diamant Topfscheibe Ø115 mm M14;https://shop.ferronato.ch/images/product/large/5998.png;Topfscheibe mit vakuumgelöteten Diamanten, Ø115 mm, Aufnahme M14, Trockenanwendung.;Robuste Diamant-Topfscheibe für schnellen Materialabtrag.;Auch als Ø100 mm Version erhältlich.;https://shop.ferronato.ch/de/product/5998/diamant-topfscheibe-115-mm-m14?CatID=216;Plattenleger;48.0;031-964;ab Lager;Plattenleger (Hauptkategorie);Standardzubehör, austauschbar mit vergleichbaren Produkten.
04 Schleifen, Kanten & Polieren;Schleiftöpfe & Schleifscheiben;;2;PKD Schleiftopf blau 125mm;https://shop.ferronato.ch/images/product/large/4928.png;PKD-Spezialschleiftopf Ø125 mm, Höhe 22 mm, Aufnahme 22,23 mm, 12200 U/min, 6 Segmente, für Trockenanwendung. Schneller, effektiver Abtrag ohne Verkleben.;Starker PKD-Abtrag ohne Verkleben bei Trockenschliff.;Auch als Ø180 mm Version in blau oder schwarz erhältlich.;https://shop.ferronato.ch/de/product/4928/pkd-schleiftopf-blau-125mm?CatID=216;Plattenleger / blau;180.0;031-604;Nicht an Lager;Plattenleger (Hauptkategorie);Spezialwerkzeug für Abtrag, kein Standardsortiment jedes Betriebs.
04 Schleifen, Kanten & Polieren;Schleiftöpfe & Schleifscheiben;;2;PKD Schleiftopf blau 180mm;https://shop.ferronato.ch/images/product/large/4929.png;PKD-Spezialschleiftopf Ø180 mm, Höhe 30 mm, Aufnahme 22,23 mm, 8700 U/min, 6 Segmente, für Trockenanwendung. Schneller, effektiver Abtrag ohne Verkleben.;Starker PKD-Abtrag ohne Verkleben bei Trockenschliff.;Auch als Ø125 mm oder in schwarz mit 12 Segmenten erhältlich.;https://shop.ferronato.ch/de/product/4929/pkd-schleiftopf-blau-180mm?CatID=216;Plattenleger / blau;220.0;031-606;ab Lager;Plattenleger (Hauptkategorie);Spezialwerkzeug für Abtrag, kein Standardsortiment jedes Betriebs.
04 Schleifen, Kanten & Polieren;Schleiftöpfe & Schleifscheiben;;2;PKD Schleiftopf schwarz 180mm;https://shop.ferronato.ch/images/product/large/4931.png;PKD-Spezialschleiftopf Ø180 mm, Höhe 30 mm, Aufnahme 22,23 mm, 8700 U/min, 12 Segmente, für Trockenanwendung. Schneller, effektiver Abtrag ohne Verkleben.;Starker PKD-Abtrag mit 12 Segmenten für feineren Trockenschliff.;Auch als Ø125 mm oder in blau mit 6 Segmenten erhältlich.;https://shop.ferronato.ch/de/product/4931/pkd-schleiftopf-schwarz-180mm?CatID=216;Plattenleger / schwarz;174.0;031-610;ab Lager;Plattenleger (Hauptkategorie);Spezialwerkzeug für Abtrag, kein Standardsortiment jedes Betriebs.
05 Verlegen, Heben & Klopfen;Fliesenrüttler;2;5;FLEX Akku Fliesenrüttler TV 18-EC C;https://shop.ferronato.ch/images/product/large/7936.jpg;Akku-Fliesenrüttler mit bürstenlosem Motor, vermeidet Hohlräume und Blasenbildung im Kleber für eine perfekte Verbindung zwischen Fliese und Kleber. Integrierte Drehzahlregulierung, handlich und leicht, für grossformatige Wand- und Bodenfliesen. Vibrationsplatte Ø120 mm, Akku-Spannung 18V, max. Fliesengrösse 1200x2400 mm, Schutzklasse IPX4.;Rüttelt grossformatige Fliesen vollflächig blasenfrei in den Kleber ein.;FLEX 18V-System, max. Fliesengrösse 1200x2400 mm, Preis CHF 175.00.;https://shop.ferronato.ch/de/product/7936/flex-akku-fliesenr-ttler-tv-18-ec-c?CatID=216;Plattenleger;175.0;050-754;ab Lager;Plattenleger (Hauptkategorie);FLEX Akku-Fliesenrüttler TV 18-EC C, verhindert Hohlstellen und ist gefragt.
05 Verlegen, Heben & Klopfen;Kniehocker & Montagehilfen;6;5;PROBST KNEESEAT Kniehocker KS;https://shop.ferronato.ch/images/product/large/5687.png;Kniehocker KNEESEAT von PROBST, entlastet Rücken, Schultern und Nacken durch optimale Positionierung von Hüfte, Knie- und Sprunggelenk. Verzinkte Stahlrohre, Tragfähigkeit 120 kg, Eigengewicht 1,8 kg. Entspricht DIN EN 14404:2010-05 Typ 4/Stufe 0.;Entlastet Rücken und Knie beim Verlegen spürbar.;Tragfähigkeit 120 kg, geprüft nach DIN EN 14404.;https://shop.ferronato.ch/de/product/5687/probst-kneeseat-kniehocker-ks?CatID=216;Plattenleger;112.0;081-193;ab Lager;PSA Plattenleger;PROBST KNEESEAT Kniehocker, Dauerbrenner für rückenschonendes Arbeiten.
05 Verlegen, Heben & Klopfen;Kniehocker & Montagehilfen;;2;FERROFIX-Montagegerät;https://shop.ferronato.ch/images/product/large/2192.jpg;FERROFIX-Montagegerät für Keramikkochfelder, 2-teilig, aus der Praxis entwickelt, damit flächenbündige Glaskeramik-Kochfelder schneller und genauer montiert werden können.;Präzisionswerkzeug für schnelles, sauberes Montieren von Glaskeramik-Kochfeldern.;2-teiliges Set, Preis CHF 449.00.;https://shop.ferronato.ch/de/product/2192/ferrofix-montageger-t?CatID=216;Plattenleger;449.0;080-006;ab Lager;Plattenleger (Hauptkategorie);Sehr spezifisches Nischenwerkzeug für Kochfeldmontage.
05 Verlegen, Heben & Klopfen;Plattenleger- & Schonhämmer;4;5;PICARD Plattenlegerhammer BlackTec®;https://shop.ferronato.ch/images/product/large/8365.jpg;PICARD Plattenlegerhammer für Wege- und Pflasterarbeiten mit rundem, austauschbarem, rückschlaghemmendem Gummikopf, schwarz pulverlackiert und korrosionsgeschützt. Aus legiertem PICARD-Spezialstahl gehärtet, 3-Komponenten-Kunststoffstiel mit Fiberglaskern, gummierte Grifffläche. Gewicht 2300 g, Länge 365 mm.;Rückschlaghemmender Plattenlegerhammer für Pflaster- und Plattenverlegearbeiten.;Gewicht 2300 g, Länge 365 mm, Preis CHF 98.00.;https://shop.ferronato.ch/de/product/8365/picard-plattenlegerhammer-blacktec?CatID=216;Plattenleger / schwarz;98.0;041-572;ab Lager;Plattenleger (Hauptkategorie);PICARD Plattenlegerhammer BlackTec, klassischer Handwerkzeug-Kauf.
05 Verlegen, Heben & Klopfen;Plattenleger- & Schonhämmer;5;5;PICARD Gummihammer Grösse 2 + 3, zum Festschlagen von empfindlichen Bauteilen;https://shop.ferronato.ch/images/product/large/8401.jpg;PICARD Gummihammer zum präzisen, schonenden Festschlagen empfindlicher Bauteile. Gummierte Schlagfläche, robuste Verarbeitung für den professionellen Alltag. Erhältlich in Grösse 2 (Ø65 mm, 0.72 kg) und Grösse 3 (Ø75 mm, 0.8 kg).;Schont empfindliche Bauteile beim Festschlagen dank gummierter Schlagfläche.;Zwei Grössen Ø65 mm und Ø75 mm erhältlich, Preis CHF 24.90.;https://shop.ferronato.ch/de/product/8401/picard-gummihammer-gr-sse-2-3-zum-festschlagen-von-empfindlichen-bauteilen?CatID=216;Plattenleger;24.9;;;Plattenleger (Hauptkategorie);PICARD Gummihammer Grösse 2 und 3 zum Festschlagen empfindlicher Bauteile.
05 Verlegen, Heben & Klopfen;Plattenleger- & Schonhämmer;;4;PICARD Fliesenlegerhammer;https://shop.ferronato.ch/images/product/large/7383.jpg;PICARD Fliesenlegerhammer mit 2-Komponenten-Griff, leicht und robust, mit integrierter Hartmetallspitze und Aufhängeöse. Rutschfeste Griffzonen für ergonomisches, schwingungsreduziertes Arbeiten.;Robuster, ergonomischer Fliesenlegerhammer von PICARD mit Hartmetallspitze.;2-Komponenten-Griff, Preis CHF 31.50.;https://shop.ferronato.ch/de/product/7383/picard-fliesenlegerhammer?CatID=216;Plattenleger;31.5;040-839;ab Lager;Hämmer;Starke Marke PICARD, klassisches Kernwerkzeug für den Plattenleger.
05 Verlegen, Heben & Klopfen;Plattenleger- & Schonhämmer;;4;SIMPLEX Schonhammer mit verstärktem  Ø30mm, TPE-soft / Nylon;https://shop.ferronato.ch/images/product/large/7675.jpg;HALDER Simplex-Schonhammer mit Einsatzkombination TPE-soft (blau, weich, abriebfrei) und Nylon (weiss, hart, verschleissfest, splittert nicht bei Minustemperaturen). Verstärktes Tempergussgehäuse, Fiberglasstiel mit rutschsicherem Griff, alle Teile austauschbar. Durchmesser 30 mm, Kopflänge 90 mm, Gesamtlänge 300 mm, Gewicht 0.453 kg.;Zwei Schlageinsätze in einem Hammer, austauschbar, kein schwarzer Abrieb.;Fiberglasstiel, Gewicht 0.45 kg, Preis CHF 59.00.;https://shop.ferronato.ch/de/product/7675/simplex-schonhammer-mit-verst-rktem-30mm-tpe-soft-nylon?CatID=216;Plattenleger / blau;59.0;040-845;ab Lager;Hämmer;Vielseitiger, hochwertiger Schonhammer für schonendes Einschlagen.
05 Verlegen, Heben & Klopfen;Plattenleger- & Schonhämmer;;3;HALDER SUPERCRAFT-Schonhammer Ø60mm und Ø70mm;https://shop.ferronato.ch/images/product/large/8288.png;Rückschlagfreier Schonhammer mit stahlschrotgefülltem Kopfrohr für kraftvolle, geräuscharme und gelenkschonende Schläge. Schwingungsdämpfender, lackierter Hickorystiel mit Stielschutzhülse, robotergeschweisste Verbindung, Stiel und Schlageinsätze austauschbar. Erhältlich in Ø60 mm (1705 g) und Ø70 mm (2272 g).;Rückschlagfreier Schonhammer für besonders kraftvolle, gelenkschonende Schläge.;Zwei Grössen Ø60 mm und Ø70 mm, Preis CHF 84.00.;https://shop.ferronato.ch/de/product/8288/halder-supercraft-schonhammer-60mm-und-70mm?CatID=216;Plattenleger;84.0;;;Plattenleger (Hauptkategorie);Hochwertiger Profi-Hammer, aber Ergänzung zum Standard-Schonhammer.
05 Verlegen, Heben & Klopfen;Plattenleger- & Schonhämmer;;3;Pflastererhammer Berliner Form 1000-2000g, Eschenstiel geschweift;https://shop.ferronato.ch/images/product/large/7240.jpg;Pflastererhammer Berliner Form, gewalzte Qualität, fertig eingestielt mit geschweiftem Eschenstiel, aus Spezialstahl geschmiedet und gehärtet. Für Pflästerer- und Handwerkeranwendungen. Erhältlich in 1000, 1250, 1500 und 2000 Gramm.;Robuster Pflastererhammer für Verlegearbeiten mit Naturstein und Platten.;Gewicht wählbar von 1000 bis 2000 Gramm, Preis ab CHF 22.50.;https://shop.ferronato.ch/de/product/7240/pflastererhammer-berliner-form-1000-2000g-eschenstiel-geschweift?CatID=216;Plattenleger;22.5;;;Plattenleger (Hauptkategorie);Nützliches Handwerkzeug, aber nicht bei jeder Verlegeart im Einsatz.
05 Verlegen, Heben & Klopfen;Plattenleger- & Schonhämmer;;3;SIMPLEX Schonhammer extra kurz, Ø60mm Stiel 205mm;https://shop.ferronato.ch/images/product/large/7378.jpg;SIMPLEX-Schonhammer mit extra kurzem Stiel, Gehäuse aus Temperguss mit Standfuss, Einsatzkombination Gummikomposition/Superplastik. Kompakte Bauform verhindert Anschlagen bei Pflasterarbeiten, verschleissarm und dämpfend. Ø 60 mm, Gewicht 1.45 kg, Länge mit Stiel 270 mm.;Kompakter Schonhammer mit Standfuss für ergonomisches Arbeiten.;Alle Komponenten austauschbar nach SIMPLEX-Prinzip, Preis CHF 56.00.;https://shop.ferronato.ch/de/product/7378/simplex-schonhammer-extra-kurz-60mm-stiel-205mm?CatID=216;Plattenleger;56.0;040-831;ab Lager;Hämmer;Bewährtes Handwerkzeug, aber nicht bei jeder Verlegeart nötig.
05 Verlegen, Heben & Klopfen;Plattenleger- & Schonhämmer;;3;SIMPLEX Schonhammer mit Alu-Gehäuse und Holzstiel, Ø 30/40/50/60 mm;https://shop.ferronato.ch/images/product/large/7379.png;SIMPLEX-Schonhammer mit Aluminiumgehäuse und Holzstiel, Einsatzkombination TPE-soft/TPE-mid ohne Farbabrieb. Weicher blauer Einsatz für sensible Arbeiten, mittelharter grauer Einsatz für höhere Schlagkraft. Erhältlich in Ø 30, 40, 50 und 60 mm.;Leichter Schonhammer ohne Farbabrieb, Komponenten austauschbar.;4 Grössen Ø 30-60 mm einzeln erhältlich, Preis ab CHF 35.00.;https://shop.ferronato.ch/de/product/7379/simplex-schonhammer-mit-alu-geh-use-und-holzstiel-30-40-50-60-mm?CatID=216;Plattenleger;35.0;;;Hämmer;Bewährtes Handwerkzeug, aber nicht bei jeder Verlegeart nötig.
05 Verlegen, Heben & Klopfen;Vakuum- & Saugheber;1;5;FLEX GRABO VLP 18 C Vakuumheber;https://shop.ferronato.ch/images/product/large/6243.jpg;FLEX-GRABO VLP 18.0/2.5 Akku-Vakuumheber, elektrisch, Haltekraft bis 120 kg, automatische Konstantsaugfunktion mit digitaler Vakuumanzeige, für Fliesen, Gipskarton, Betonsteine, Glas, Metall. Läuft mit allen FLEX 18-V-Akkus, ohne Akku und Ladegerät.;Hebt und positioniert Fliesen und Platten bis 120 kg sicher und mühelos.;Ohne Akku und Ladegerät geliefert, digitale Vakuumanzeige.;https://shop.ferronato.ch/de/product/6243/flex-grabo-vlp-18-c-vakuumheber?CatID=216;Plattenleger;510.0;050-292;Nicht an Lager;Elektrogeräte, Mit Akku;FLEX GRABO VLP 18 Vakuumheber, das Kernwerkzeug beim Verlegen von Grossformaten.
05 Verlegen, Heben & Klopfen;Vakuum- & Saugheber;3;5;FLEX Aktion Grabo VLP + Fliesenrüttler TV 18-EC C;https://shop.ferronato.ch/images/product/large/7969.jpg;Kombi-Set aus Akku-Vakuumheber VLP 18 C und Akku-Fliesenrüttler TV 18-EC C für Heben, Positionieren und Verlegen im FLEX 18V-System. Vakuumheber mit automatischer Konstantsaugfunktion, digitaler Vakuumanzeige und Haltekraft bis 130 kg. Inkl. Akku-Set P-Set 22 Q (2x2.5 Ah + Ladegerät). Fliesenrüttler max. Fliesengrösse 1200x2400 mm.;Kombiniert Heben und Einrütteln von Fliesen in einem Akku-Set mit Ladeset.;Inkl. Akku- und Ladeset, Haltekraft bis 130 kg, Preis CHF 539.00.;https://shop.ferronato.ch/de/product/7969/flex-aktion-grabo-vlp-fliesenr-ttler-tv-18-ec-c?CatID=216;Plattenleger;539.0;050-664;Nicht an Lager;Plattenleger (Hauptkategorie);Aktionsset Grabo VLP plus Fliesenrüttler, starkes Bundle für Grossformate.
05 Verlegen, Heben & Klopfen;Vakuum- & Saugheber;;5;FLEX Aktion Twinpack 18V Akku Vakuumheber VLP 18.0 Grabo;https://shop.ferronato.ch/images/product/large/6957.jpg;FLEX Akku-Vakuumheber (Grabo) zum Heben, Bewegen und Platzieren von Fliesen, Trockenbauplatten, Betonsteinen, Glas und Metall. Haltekraft bis 170 kg, Tragfähigkeit 130 kg, automatische Nachsaugfunktion, digitales Display. 18 V, IP54, Gewicht 1.48 kg ohne Akku.;Sicherer, mobiler Vakuumheber für schwere Platten und Fliesen.;Twinpack-Aktion mit 2x Gerät, 2 Akkus 2.5 Ah und Ladegerät, Preis CHF 749.00.;https://shop.ferronato.ch/de/product/6957/flex-aktion-twinpack-18v-akku-vakuumheber-vlp-18-0-grabo?CatID=216;Plattenleger;749.0;050-000 AKT62;ab Lager;Elektrogeräte, Mit Akku;Kernprodukt: Vakuumheber ist unverzichtbar für sicheres Plattenhandling.
05 Verlegen, Heben & Klopfen;Vakuum- & Saugheber;;5;NEMO GRABO PRO Hard-Case;https://shop.ferronato.ch/images/product/large/3279.jpg;NEMO Grabo Pro Akku-Vakuum-Handsauger, 16 Volt Li-Ion-Akku, 2 Std. Ladezeit, 1.5 Std. Laufzeit, Eigengewicht 1.5 kg, Saugplatte 255x120 mm, Tragfähigkeit bis 120 kg. Für Fliesen, Naturstein, Terrassenplatten, Metall, Glas, Gipskarton und Holz, im Hardcase Systainer.;Akku-Vakuumsauger hält grossformatige Fliesen und Platten sicher fest.;Tragfähigkeit bis 120 kg je nach Material, inkl. Systainer, CHF 490.00.;https://shop.ferronato.ch/de/product/3279/nemo-grabo-pro-hard-case?CatID=216;Plattenleger;490.0;081-270;ab Lager;Plattenleger (Hauptkategorie);Kernwerkzeug beim Heben grossformatiger Platten, weltweit erster Akku-Vakuumsauger.
05 Verlegen, Heben & Klopfen;Vakuum- & Saugheber;;4;Ferro Plattengreifer Gecko V3 Tragkraft 80kg;https://shop.ferronato.ch/images/product/large/7140.png;Ferro Plattengreifer Gecko V3, Hebewerkzeug für den komfortablen Transport von Steinplatten. Rutschsichere Innenbeschichtung, Eigengewicht der Werkstücke wird in Klemmkraft umgesetzt. Greiffläche 112x240 mm, Klemmbereich 5-45 mm, Tragkraft 80 kg pro Stück, Gewicht 4 kg.;Sicherer, materialschonender Plattengreifer für den Plattentransport.;Tragkraft 80 kg pro Stück, Preis CHF 208.00.;https://shop.ferronato.ch/de/product/7140/ferro-plattengreifer-gecko-v3-tragkraft-80kg?CatID=216;Plattenleger;208.0;081-374;Nicht an Lager;Plattenleger (Hauptkategorie);Häufig genutztes Hilfsmittel für sicheren Plattentransport.
05 Verlegen, Heben & Klopfen;Vakuum- & Saugheber;;4;Ferro Saugheber Porter Compo;https://shop.ferronato.ch/images/product/large/7141.png;Ferro Saugheber Porter Compo, kräftig und robust für schwere, grosse Werkstücke mit glatter Oberfläche. Eingebaute Vakuumpumpe im Griff, Handpumpe aus Messing, Warnmarkierung zur Vakuumkontrolle. Saugplatte 200 mm, Tragkraft max. horizontal 100 kg, vertikal 50 kg, inkl. Transportkoffer.;Robuster Saugheber für sicheren Transport schwerer, glatter Platten.;Tragkraft bis 100 kg horizontal, inkl. Transportkoffer, Preis CHF 132.00.;https://shop.ferronato.ch/de/product/7141/ferro-saugheber-porter-compo?CatID=216;Plattenleger / schwarz;132.0;081-376;ab Lager;Plattenleger (Hauptkategorie);Wichtiges Hilfsmittel für den täglichen Plattentransport.
05 Verlegen, Heben & Klopfen;Vakuum- & Saugheber;;4;Saugheber Typ 2 aus Alu 80kg;https://shop.ferronato.ch/images/product/large/2086.jpg;Saugheber Typ 2 aus Aluminium, Tragkraft 80 kg horizontal, 40 kg vertikal. Handlicher Heber für Werkstücke mit glatter, dichter Oberfläche, Vakuum wird durch Umlegen des Kipphebels erzeugt.;Handlicher Saugheber zum sicheren Heben glatter Platten.;Tragkraft bis 80 kg, Preis CHF 121.00.;https://shop.ferronato.ch/de/product/2086/saugheber-typ-2-aus-alu-80kg?CatID=216;Plattenleger;121.0;080-072;ab Lager;Plattenleger (Hauptkategorie);Kernwerkzeug beim Heben von Platten, häufig im Einsatz.
05 Verlegen, Heben & Klopfen;Zubehör Heben;;3;FLEX Handtragegriff VLP-HCH Duo;https://shop.ferronato.ch/images/product/large/7692.jpg;Höhenverstellbarer Handtragegriff für den ergonomischen Transport schwerer Platten mit dem Vakuumheber VLP 18 Grabo, zu zweit tragbar. Lösen des Vakuums über integrierte Fusspedale. Höhe 550-800 mm, Griffausladung bis 1600 mm, drehbar 90°, Tragkraft bis 130 kg, Gewicht 9.9 kg ohne Gerät.;Erlaubt aufrechtes, rückenschonendes Tragen schwerer Platten zu zweit.;Für 2 Personen, Tragkraft bis 130 kg, ohne VLP 18 Grabo, Preis CHF 365.00.;https://shop.ferronato.ch/de/product/7692/flex-handtragegriff-vlp-hch-duo?CatID=216;Plattenleger;365.0;050-704 DUO;Nicht an Lager;Plattenleger (Hauptkategorie);Ergonomisches Zubehör zum Vakuumheber, nützlich bei grossen/schweren Platten.
05 Verlegen, Heben & Klopfen;Zubehör Heben;;3;FLEX Handtragegriff VLP-HCH Solo;https://shop.ferronato.ch/images/product/large/7693.jpg;Höhenverstellbarer Handtragegriff für den ergonomischen Transport schwerer Platten mit dem Vakuumheber VLP 18 Grabo, für eine Person. Lösen des Vakuums über integrierte Fusspedale. Höhe 550-800 mm, Griffausladung 510 mm, drehbar 90°, Tragkraft bis 130 kg, Gewicht 4.5 kg ohne Gerät.;Erlaubt aufrechtes, rückenschonendes Tragen schwerer Platten allein.;Für 1 Person, Tragkraft bis 130 kg, ohne VLP 18 Grabo, Preis CHF 300.00.;https://shop.ferronato.ch/de/product/7693/flex-handtragegriff-vlp-hch-solo?CatID=216;Plattenleger;300.0;050-704 SOLO;Nicht an Lager;Plattenleger (Hauptkategorie);Ergonomisches Zubehör zum Vakuumheber für den Einzelbetrieb.
05 Verlegen, Heben & Klopfen;Zubehör Heben;;2;NEMO GRABO - SlenderSeal;https://shop.ferronato.ch/images/product/large/6158.jpg;Slender Seal Dichtlippe für alle GRABO-Modelle, 100x400 mm, Innenabmessung 371x65 mm, Tragkraft bis 60 kg, für schmale Oberflächen wie Fliesen, Holzbalken, Rohre. Befestigung mit 2 Metallclips, Lebensdauer ca. 900 Kompressionen.;Ermöglicht sicheres Ansaugen und Tragen schmaler Fliesen und Bauteile mit GRABO-Hebern.;Tragkraft je nach Material bis 60 kg, ersetzt Standard-Gummidichtung.;https://shop.ferronato.ch/de/product/6158/nemo-grabo-slenderseal?CatID=216;Plattenleger;99.0;081-370;ab Lager;Plattenleger (Hauptkategorie);Nützliches Zubehörteil, nur relevant mit GRABO-Vakuumheber.
06 Rühren, Kleben & Fugen;Farben & Klebezubehör;;3;AKEMI Jollynator Set 90°+  135°;https://shop.ferronato.ch/images/product/large/5531.jpg;Abziehwerkzeug- und Reinigungsspatel-Set für 90° und 135° Aussenkanten in Verbindung mit AKEMI COLOUR BOND P+. Für Waschtische, Treppenstufen, Fensterbänke, Duschnischen. Für Naturstein, Granit, Marmor, Quarzkomposit, Keramik, Solid-Surface.;Perfekte 90°- und 135°-Aussenkanten direkt mit COLOUR BOND P+.;Set mit je einem Abziehwerkzeug und Reinigungsspatel pro Winkel.;https://shop.ferronato.ch/de/product/5531/akemi-jollynator-set-90-135?CatID=216;Plattenleger;36.0;;;AKEMI Produkte;Nützliches AKEMI-Zubehör für Kantenverklebung, ergänzend zum Kleber.
06 Rühren, Kleben & Fugen;Farben & Klebezubehör;;2;AKEMI Farbfächer Colourchart + Colour Chart 2.0 APP;https://shop.ferronato.ch/images/product/large/2052.jpg;AKEMI Farbfächer Colourchart mit über 50 Farben des AKEMI Colour Matching Systems (Colour Bond P+, Spectrum Pastes, Composil, EVERCLEAR 300, AKEPOX 5010) zur Farbzuordnung bei Natur- und Kunststein sowie Keramik, inklusive Colour Chart 2.0 App.;Farbfächer zur exakten Zuordnung des passenden AKEMI-Klebers.;Über 50 Farben, mit App für Android und Apple, Preis CHF 69.40.;https://shop.ferronato.ch/de/product/2052/akemi-farbf-cher-colourchart-colour-chart-2-0-app?CatID=216;Plattenleger;69.4;020-928;ab Lager;AKEMI Produkte;Nützliches Verkaufs- und Zuordnungshilfsmittel, kein Massenartikel.
06 Rühren, Kleben & Fugen;Farben & Klebezubehör;;2;AKEMI Spectrum Pastes 51 Farben;https://shop.ferronato.ch/images/product/large/5449.jpg;Farbpaste zum Einfärben von AKEMI PLATINUM P+ und weiteren AKEMI-Klebern und Kitten, 51 Farbtöne passend zu Colour-Chart-System für Quarzkomposit- und Keramik-Hersteller. Zuordnung per AKEMI Colour Chart App.;Passgenaue Farbanpassung von Kleber an Naturstein- und Quarzkomposit-Oberflächen.;51 Farben, per App auf Herstellerdekore abstimmbar.;https://shop.ferronato.ch/de/product/5449/akemi-spectrum-pastes-51-farben?CatID=216;Plattenleger;23.2;;;AKEMI Produkte;Wichtig für saubere Fugenoptik, aber Ergänzungsprodukt zum Kleber.
06 Rühren, Kleben & Fugen;Farben & Klebezubehör;;1;AKEMI Jollynator;https://shop.ferronato.ch/images/product/large/4448.jpg;AKEMI Jollynator, Mischdüsenaufsatz für Colour Bond P+, passend auf Mischdüse 08-18, zum materialsparenden und genaueren Einbringen des Klebers in die Fuge, 12 Stück pro Tüte.;Spart Kleber durch präzises Einbringen in schmale Fugen.;12 Stück pro Tüte, Preis CHF 19.90.;https://shop.ferronato.ch/de/product/4448/akemi-jollynator?CatID=216;Plattenleger;19.9;020-280;ab Lager;AKEMI Produkte;Kleines Zubehörteil zur Colour-Bond-Mischdüse.
06 Rühren, Kleben & Fugen;Farben & Klebezubehör;;1;PULVERFARBE OXYD SCHWARZ 500 1 Kilogramm;https://shop.ferronato.ch/images/product/large/4697.jpg;Schwarzes Oxidpulver-Pigment (Fe3O4, min. 95 Prozent) zum Einfärben von Beton, Putz, Gips und Estrich. 1-kg-Büchse mit Sicherheitsdrehverschluss. Dosierung 3-7 Prozent bezogen auf Zementanteil, licht-, wasser- und wetterfest.;Kräftige, lichtechte Schwarzfärbung für Beton und Putz.;1-kg-Gebinde, Dosierung 3 bis 7 Prozent bezogen auf Zement.;https://shop.ferronato.ch/de/product/4697/pulverfarbe-oxyd-schwarz-500-1-kilogramm?CatID=216;Plattenleger / schwarz;7.75;020-260;ab Lager;Plattenleger (Hauptkategorie);Nischenprodukt für dekoratives Einfärben, geringe Kauffrequenz.
06 Rühren, Kleben & Fugen;Kartuschenpressen;3;4;FLEX Kartuschenpresse CG 310 18C;https://shop.ferronato.ch/images/product/large/7475.jpg;Akku-Kartuschenpresse für 310 ml Kartuschen und 300-600 ml Folienbeutel, Druckkraft bis 3000 N, 6 Drehzahlstufen, No-Drip-Funktion gegen Nachtropfen, LED-Licht, Metallhaken. FLEX 18V-System. Vorschub 0.5-14 mm/s, Gewicht 2.1 kg, ohne Akku und Ladegerät.;Kraftvolle Akku-Kartuschenpresse für harte Kleber ohne Nachtropfen.;FLEX 18V-System, ohne Akku/Ladegerät, Preis CHF 290.00.;https://shop.ferronato.ch/de/product/7475/flex-kartuschenpresse-cg-310-18c?CatID=216;Plattenleger;290.0;050-622;Nicht an Lager;Elektrogeräte, Mit Akku;FLEX Akku-Kartuschenpresse CG 310 18C, spart Kraft beim Verfugen.
06 Rühren, Kleben & Fugen;Kartuschenpressen;4;3;Profi 310ml Kartuschen Presse Premium-Pistole für Silikon 310 ml;https://shop.ferronato.ch/images/product/large/645.jpg;AKEMI Austrags-Pistole für 310-ml-Silikonkartuschen, No-Drop-Technik, stabile Metallausführung mit gehärteter Schubstange. Manueller Antrieb, Kraftübersetzung 12:1 und 18:1, Raupenauftrag. Auch für AKEMI Akepox 5010 Single Mix nutzbar.;Präzise, tropffreie Silikon- und Kleberapplikation aus 310-ml-Kartuschen.;Manuell betrieben, kein Service und keine Ersatzteile für dieses Modell verfügbar.;https://shop.ferronato.ch/de/product/645/profi-310ml-kartuschen-presse-premium-pistole-f-r-silikon-310-ml?CatID=216;Plattenleger;68.0;020-734;ab Lager;Plattenleger (Hauptkategorie);Profi-Kartuschenpresse 310 ml, günstiges Standardwerkzeug in jedem Koffer.
06 Rühren, Kleben & Fugen;Kartuschenpressen;;4;FLEX Kartuschenpresse CG 310/600 18;https://shop.ferronato.ch/images/product/large/7476.jpg;Akku-Kartuschenpresse für 310 ml Kartuschen und 300-600 ml Folienbeutel, Druckkraft bis 3000 N, 6 Drehzahlstufen, No-Drip-Funktion, LED-Licht. FLEX 18V-System, im Lieferumfang zusätzlich Auspressrohr für Folienbeutel und Transportkoffer. Vorschub 0.5-14 mm/s, Gewicht 2.1 kg, ohne Akku und Ladegerät.;Komplettset der Akku-Kartuschenpresse inklusive Folienbeutel-Rohr und Koffer.;FLEX 18V-System, ohne Akku/Ladegerät, Preis CHF 400.00.;https://shop.ferronato.ch/de/product/7476/flex-kartuschenpresse-cg-310-600-18?CatID=216;Plattenleger;400.0;050-624;Nicht an Lager;Elektrogeräte, Mit Akku;Erweitertes FLEX-Set inkl. Koffer, für Profis mit hohem Kartuschenverbrauch.
06 Rühren, Kleben & Fugen;Kartuschenpressen;;3;AKEMI COLOUR BOND Skelettpistole ECO 10:1;https://shop.ferronato.ch/images/product/large/2384.jpg;AKEMI Colour Bond Skelettpistole ECO 10:1, manuell betriebene Kartuschenpresse für Colour Bond 2K-Klebstoffe, Kraftübersetzung 18:1, Mischungsverhältnis 10:1, Raupenauftrag, für 250-ml-Kartuschen, schwere Qualität, Service und Ersatzteile verfügbar.;Präzise Kartuschenpresse für den Colour-Bond-2K-Kleber.;Für 250-ml-Kartuschen, Preis CHF 191.00.;https://shop.ferronato.ch/de/product/2384/akemi-colour-bond-skelettpistole-eco-10-1?CatID=216;Plattenleger;191.0;020-812;ab Lager;AKEMI Produkte;Wiederkehrend gebrauchtes Werkzeug für Colour-Bond-Verklebungen.
06 Rühren, Kleben & Fugen;Kartuschenpressen;;2;AKEMI Zylinder Pistole COX 400ml;https://shop.ferronato.ch/images/product/large/3069.jpg;AKEMI Zylinder-Pistole COX 400, Handdruckpistole für Kartuschen à 310 ml ohne Kolbenmanschette sowie für Folienbeutel à 400 ml, mit Alu-Zylinder.;Robuste Handpistole für Kartuschen und Folienbeutel.;Für 310-ml-Kartuschen und 400-ml-Beutel, Preis CHF 119.00.;https://shop.ferronato.ch/de/product/3069/akemi-zylinder-pistole-cox-400ml?CatID=216;Plattenleger;119.0;020-736;Nicht an Lager;AKEMI Produkte;Solide Zusatzpistole, aber nicht bei jeder Klebeaufgabe nötig.
06 Rühren, Kleben & Fugen;Klebstoffe;;4;AKEMI AKENOVA® ELASTIC 100;https://shop.ferronato.ch/images/product/large/5950.jpg;Elastischer 1K-Klebstoff auf Polyhybrid-Basis, hohe Anfangshaftung (>200 kg/m²), Klebefestigkeit >4 N/mm², witterungsbeständig, VOC-, silikon-, isocyanat- und zinnfrei, überlackierbar. Zum Verkleben von Naturstein, Kunststein, Fliesen mit mineralischen, metallischen oder hölzernen Untergründen, auch zum Abdichten. Farben schwarz, weiss, beige, grau.;Elastischer Hochleistungskleber ohne Randzonenverfärbung an Naturstein.;Vier Farben erhältlich, auch als 20er-Schachtel.;https://shop.ferronato.ch/de/product/5950/akemi-akenova-elastic-100?CatID=216;Plattenleger;17.4;;;AKEMI Produkte;AKEMI-Markenkleber mit breitem Einsatzbereich, regelmässiger Bedarf.
06 Rühren, Kleben & Fugen;Klebstoffe;;4;AKEMI AKENOVA® ROCKET 200;https://shop.ferronato.ch/images/product/large/5951.jpg;Schneller 1K-Klebstoff auf Polyhybrid-Basis, handfest nach 20 Minuten, hohe Anfangshaftung (>200 kg/m²), Klebefestigkeit >6,5 N/mm², wasserbeständig, auch für Unterwasserverklebungen. Zum schnellen Befestigen von Spülbecken, Fensterbänken, Treppenstufen, Sockelleisten, Spiegeln. Farben schwarz, weiss, grau.;Handfest in nur 20 Minuten für schnelle Montagearbeiten.;Drei Farben, auch für Unterwasserverklebungen geeignet.;https://shop.ferronato.ch/de/product/5951/akemi-akenova-rocket-200?CatID=216;Plattenleger;17.4;;;AKEMI Produkte;Schnellkleber mit hoher Praxisrelevanz für Montagearbeiten.
06 Rühren, Kleben & Fugen;Klebstoffe;;3;AKEMI AKEPOX 5010 Coloured;https://shop.ferronato.ch/images/product/large/6535.jpg;Vorgefärbter, witterungsbeständiger 2K-Konstruktionskleber auf Epoxidharzbasis für farbgenaues Verkleben von Sichtfugen im Innen- und Aussenbereich. Für Techno-Keramik, Quarzkomposit, Betonwerkstein und Hartgestein. Mischungsverhältnis 2:1, in Kartuschen, 12 Farben nach AKEMI Colour Matching System.;Farbgenaue, witterungsfeste Verklebung sichtbarer Fugen im Aussenbereich.;Ergänzt AKEMI Colour Bond und Composil, Farben deckungsgleich, Preis CHF 92.50.;https://shop.ferronato.ch/de/product/6535/akemi-akepox-5010-coloured?CatID=216;Plattenleger;92.5;;;AKEMI Produkte;Wichtig für Sichtfugen im Aussenbereich, aber Spezialanwendung.
06 Rühren, Kleben & Fugen;Klebstoffe;;3;AKEMI AKEPOX® 3000,  Mini Quick;https://shop.ferronato.ch/images/product/large/1319.jpg;AKEMI AKEPOX 3000 Mini Quick, schnell härtender 2K-Fixierkleber, gelartig, in Kartuschen, Mischungsverhältnis 1:1. Für leichte Belastungen, Fixieren von Natur- und Kunststein, Metall, Glas, Holz, PVC und Acryl. Ausdrücken mit Pistole und Mischdüse.;Schnell härtender 2K-Kleber zum präzisen Fixieren von Stein und Metall.;Varianten 50 ml transparent, 50 ml schwarz, 395 ml transparent, ab CHF 25.00.;https://shop.ferronato.ch/de/product/1319/akemi-akepox-3000-mini-quick?CatID=216;Plattenleger;25.0;;;AKEMI Produkte;Starke AKEMI-Marke, häufig gebrauchter Fixierkleber im Alltag.
06 Rühren, Kleben & Fugen;Klebstoffe;;3;AKEMI COLOUR BOND Maxi Power / +P6;https://shop.ferronato.ch/images/product/large/3887.jpg;AKEMI Colour Bond Kartusche 250 ml, vorgefärbter gelartiger 2K-Kleber auf Epoxyacrylat-Basis in über 50 Farben, hohe Klebekraft, Verarbeitungszeit ca. 5-7 Minuten, Mischungsverhältnis 10:1. Für unsichtbare Klebefugen bei Quarzkomposit und Naturstein, farbtongleich zu Composil.;Vorgefärbter 2K-Kleber für unsichtbare Fugen bei Quarzkomposit und Naturstein.;Über 50 Farben, einzeln oder in 6er-Schachtel, Preis CHF 53.00.;https://shop.ferronato.ch/de/product/3887/akemi-colour-bond-maxi-power-p6?CatID=216;Plattenleger;53.0;;;AKEMI Produkte;Starke AKEMI-Marke, häufig gebraucht für unsichtbare Klebefugen.
06 Rühren, Kleben & Fugen;Klebstoffe;;3;AKEMI PLATINUM P+ L-Spezial 170 Gramm;https://shop.ferronato.ch/images/product/large/2139.jpg;AKEMI Platinum P+ L-Spezial transparent 170 g, gelartiger, transparent-opaker Kleber auf Epoxyacrylat-Basis, hohe Klebekraft, schnelle Oberflächentrocknung. Zum Kleben und Kitten von Natur- und Kunststein auch im vertikalen Bereich, sowie zum Modellieren von Ecken und Kanten.;Schnelltrocknender 2K-Kleber für vertikale Kleb- und Kittarbeiten.;Gebindegrösse 170 g, Fachverkauf, Preis CHF 21.50.;https://shop.ferronato.ch/de/product/2139/akemi-platinum-p-l-spezial-170-gramm?CatID=216;Plattenleger;21.5;020-302;ab Lager;AKEMI Produkte;Starke AKEMI-Marke, oft benötigt für Kanten und Kittarbeiten.
06 Rühren, Kleben & Fugen;Klebstoffe;;3;KGS MS-Polymer High Tack 360;https://shop.ferronato.ch/images/product/large/4247.jpg;KGS MS-Polymer High Tack 360, Kartusche 290 ml, weiss oder schwarz. Kraftvoller Bau- und Montagekleber für schwere Materialien wie Stein und Keramik, dauerelastisch, gute Haftung auch auf feuchtem Untergrund, UV- und witterungsbeständig, keine Fleckenbildung auf Naturstein, schnelle Aushärtung von +5 bis -40 Grad.;Hochfester Montagekleber für sofortige Verklebung von Stein und Keramik.;290 ml, weiss oder schwarz, Preis CHF 14.70.;https://shop.ferronato.ch/de/product/4247/kgs-ms-polymer-high-tack-360?CatID=216;Plattenleger;14.7;;;Plattenleger (Hauptkategorie);Vielseitiger Montagekleber, häufig für Sofortverklebungen genutzt.
06 Rühren, Kleben & Fugen;Klebstoffe;;2;AKEPOX PANEL ADHESIVE 7030 2K-Kleber;https://shop.ferronato.ch/images/product/large/4300.jpg;AKEPOX Panel Adhesive 7030, 2-Komponentenkleber, cremig-standfest, grau, 3-kg-Gebinde (Comp. A 2.25 kg, Comp. B 0.75 kg), sehr schnelle Aushärtung binnen 2-4 Stunden, Mischungsverhältnis 3:1. Zur flächigen Verklebung von Dünnkeramik sowie Natur- und Kunststein auf zementbeschichteten Hartschaumplatten und Sandwich-Verklebungen.;2K-Flächenkleber für Dünnkeramik-Sandwichplatten mit schneller Aushärtung.;3-kg-Gebinde, nur für Fachanwender, Preis CHF 94.50.;https://shop.ferronato.ch/de/product/4300/akepox-panel-adhesive-7030-2k-kleber?CatID=216;Plattenleger;94.5;020-490;Nicht an Lager;AKEMI Produkte;Spezialkleber für Sandwichverklebungen, gezielter Einsatz.
06 Rühren, Kleben & Fugen;Rührwerke;1;5;FLEX R 2602 Rührmaschine;https://shop.ferronato.ch/images/product/large/5749.png;FLEX Rührmaschine R 2602, robustes Leichtmetallgehäuse, 1600 Watt, Leerlaufdrehzahl 2000/min, Gewicht 9,3 kg. Zum Mischen von Gips, Putz, Zement und Emulsionen. Set mit Adapter M20/M14, Rührstab 600 mm, INOX-Rührpropeller Ø150 mm, Zusatzhandgriff M14.;Robustes Rührwerk zum täglichen Anmischen von Mörtel und Kleber.;Inklusive Rührstab, Rührpropeller und Zusatzhandgriff.;https://shop.ferronato.ch/de/product/5749/flex-r-2602-r-hrmaschine?CatID=216;Plattenleger;1.0;050-015;ab Lager;Elektrogeräte, 230 Volt;FLEX R 2602 Rührmaschine, das meistverkaufte Rührwerk für Kleber und Mörtel.
06 Rühren, Kleben & Fugen;Rührwerke;2;5;FLEX 2-Gang Rührer Akku MXE 18.0 EC WR2 120;https://shop.ferronato.ch/images/product/large/6875.jpg;FLEX 2-Gang-Akku-Rührwerk mit bürstenlosem Motor, 3-Stufen-Schalter (reinigen/anrühren/aufrühren), Drehschalter für 2 Getriebestufen. Für Mischanwendungen bis 30 kg, mit Rührstab WR2 für Fliesenkleber, Fugenmasse und Ausgleichsmasse. 18 V, Werkzeugaufnahme M14, Gewicht 4.1 kg ohne Akku.;Kraftvolles Akku-Rührwerk für Kleber, Fugenmasse und Ausgleichsmasse.;Ohne Akku und Ladegerät, inkl. Rührstab WR2 120x600 mm.;https://shop.ferronato.ch/de/product/6875/flex-2-gang-r-hrer-akku-mxe-18-0-ec-wr2-120?CatID=216;Plattenleger;390.0;050-450;Nicht an Lager;Elektrogeräte, Mit Akku;FLEX Akku-Rührer MXE 18.0 mit WR2 120, kabelloser Nachfolger für die Baustelle.
06 Rühren, Kleben & Fugen;Rührwerke;;5;FLEX 2-Gang Rührer Akku MXE 18.0 EC/5.0 Set & WR2 120;https://shop.ferronato.ch/images/product/large/6876.jpg;FLEX 2-Gang-Akku-Rührwerk mit bürstenlosem Motor, 3-Stufen-Schalter, 2 Getriebestufen, für Mischanwendungen bis 30 kg. Mit Rührstab WR2 für Fliesenkleber, Fugenmasse und Ausgleichsmasse. Set mit 2 Akkus 5.0 Ah und Schnellladegerät, 18 V, Gewicht 4.1 kg ohne Akku.;Komplett-Set: Akku-Rührwerk inklusive Akkus und Ladegerät, sofort einsatzbereit.;Inkl. 2x 5.0-Ah-Akku, Ladegerät und Rührstab WR2, Preis CHF 670.00.;https://shop.ferronato.ch/de/product/6876/flex-2-gang-r-hrer-akku-mxe-18-0-ec-5-0-set-wr2-120?CatID=216;Plattenleger;670.0;050-448;Nicht an Lager;Elektrogeräte, Mit Akku;Kernprodukt als Komplett-Set, deckt sofortigen Bedarf ohne Zusatzkauf.
06 Rühren, Kleben & Fugen;Rührwerke;;5;FLEX MXE 1202 + WR2 140 Rührwerk;https://shop.ferronato.ch/images/product/large/7898.jpg;2-Gang-Rührwerk mit Vollwellenelektronik, Sanftanlauf und stufenloser Drehzahlregelung für Fliesenkleber, Fugenmasse, Ausgleichsmasse und Fertigputz bis 60 kg Mischanwendung. 3-Stufen-Schalter, Wiederanlaufschutz, Stossecken mit Gummipuffer. Leistungsaufnahme 1200 Watt, Werkzeugaufnahme M14, inkl. Wendelrührer WR2 140x600, Gewicht 4.8 kg.;Robustes 2-Gang-Rührwerk für Mischanwendungen bis 60 kg, inkl. Rührstab.;Inkl. Wendelrührer WR2 140, Werkzeugaufnahme M14, Preis CHF 310.00.;https://shop.ferronato.ch/de/product/7898/flex-mxe-1202-wr2-140-r-hrwerk?CatID=216;Plattenleger;310.0;050-688 1202;Nicht an Lager;Elektrogeräte, 230 Volt;Kernprodukt: Rührwerk wird von jedem Plattenleger regelmässig gebraucht.
06 Rühren, Kleben & Fugen;Rührwerke;;5;FLEX MXE 1602 + WR2 160 Rührwerk;https://shop.ferronato.ch/images/product/large/7899.jpg;2-Gang-Rührwerk mit Vollwellenelektronik, Sanftanlauf und stufenloser Drehzahlregelung für Fliesenkleber, Fugenmasse, Ausgleichsmasse und Fertigputz bis 90 kg Mischanwendung. Drehschalter zur Getriebestufenwahl je nach Viskosität, Stossecken mit Gummipuffer. Leistungsaufnahme 1600 Watt, Werkzeugaufnahme M14, inkl. Wendelrührer WR2 160x600, Gewicht 5.0 kg.;Kraftvolles 2-Gang-Rührwerk für grosse Mischmengen bis 90 kg.;Inkl. Wendelrührer WR2 160, Werkzeugaufnahme M14, Preis CHF 415.00.;https://shop.ferronato.ch/de/product/7899/flex-mxe-1602-wr2-160-r-hrwerk?CatID=216;Plattenleger;415.0;050-688 1602;ab Lager;Elektrogeräte, 230 Volt;Kernprodukt: leistungsstarkes Rührwerk für hohe Mischmengen, oft gebraucht.
06 Rühren, Kleben & Fugen;Rührwerke;;4;FLEX 2-Gang Rührer 1200 Watt MXE 1202 AKTIONSSET;https://shop.ferronato.ch/images/product/large/7244.jpg;FLEX 2-Gang-Rührwerk MXE 1202, 230 V, 1200 Watt, mit übergrossem Getriebe für Mischanwendungen bis 60 kg. 3-Stufen-Schalter, Vollwellenelektronik mit Sanftanlauf und Überlastungsschutz, mit Rührstab WR2 für Fliesenkleber, Fugenmasse und Ausgleichsmasse. Gewicht 4.8 kg.;Starkes 230-V-Rührwerk für grosse Mischmengen bis 60 kg.;Aktionsset inkl. Rührstab WR2 140x600 mm und Einmaulschlüssel, Preis CHF 289.00.;https://shop.ferronato.ch/de/product/7244/flex-2-gang-r-hrer-1200-watt-mxe-1202-aktionsset?CatID=216;Plattenleger;289.0;050-458;Nicht an Lager;Elektrogeräte, 230 Volt;Wichtiges Kernwerkzeug für grössere Anmischmengen ohne Akku-Limit.
06 Rühren, Kleben & Fugen;Rührwerke;;4;FLEX MXE 1000 + WR2 120 Rührwerk;https://shop.ferronato.ch/images/product/large/7933.jpg;1-Gang-Rührwerk mit Vollwellenelektronik, Sanftanlauf und stufenloser Drehzahlregelung für Fliesenkleber, Fugenmasse, Ausgleichsmasse und Fertigputz bis 40 kg Mischanwendung. Bewährter Standardmischer für den unteren Drehzahlbereich, Stossecken mit Gummipuffer. Leistungsaufnahme 1010 Watt, Werkzeugaufnahme M14, inkl. Wendelrührer WR2 120x600, Gewicht 4.5 kg.;Bewährter, kompakter Standardmischer für kleinere Mischmengen bis 40 kg.;Inkl. Wendelrührer WR2 120, Werkzeugaufnahme M14, Preis CHF 225.00.;https://shop.ferronato.ch/de/product/7933/flex-mxe-1000-wr2-120-r-hrwerk?CatID=216;Plattenleger;225.0;050-688 1010;Nicht an Lager;Plattenleger (Hauptkategorie);Günstiger Einstiegs-Rührwerk, häufig für kleinere Baustellen genutzt.
06 Rühren, Kleben & Fugen;Silikone & Fugenfüllstoffe;5;4;AKEMI Marmor Silikon 310ml Kartusche;https://shop.ferronato.ch/images/product/large/7430.jpg;1-Komponenten-Fugendichtstoff auf Siliconkautschukbasis für Dehnungs- und Anschlussfugen in Naturstein wie Marmor, Granit, Quarzit, Sandstein, Terrazzo. Reissfest, neutral vernetzend, keine Randzonenverfärbung, fungizid eingestellt. Auch für Nassräume und Schwimmbäder geeignet. 310 ml Kartusche, viele Farben.;Verfärbungsfreies Silikon speziell für Fugen an Naturstein wie Marmor und Granit.;310 ml Kartusche, zahlreiche Farbtöne erhältlich, Preis CHF 20.00.;https://shop.ferronato.ch/de/product/7430/akemi-marmor-silikon-310ml-kartusche?CatID=216;Plattenleger;20.0;;;AKEMI Produkte;AKEMI Marmor Silikon 310 ml, laufendes Verbrauchsmaterial für Anschlussfugen.
06 Rühren, Kleben & Fugen;Silikone & Fugenfüllstoffe;6;4;AKEMI Composil - Colour Matched Silicone;https://shop.ferronato.ch/images/product/large/1327.jpg;AKEMI Composil, luftfeuchtigkeitshärtender 1K-Fugendichtstoff auf Siliconbasis, reissfest, fungizid, für Dehnungs- und Anschlussfugen bei Naturstein, Quarzkomposit und Grosskeramik. Farbtongleich zum AKEMI Colour Matching System, 12 Monate lagerfähig.;Farbtongleicher Silikon-Dichtstoff für unsichtbare Anschlussfugen.;310 ml, einzeln oder in 20er-Schachtel, Preis CHF 35.00.;https://shop.ferronato.ch/de/product/1327/akemi-composil-colour-matched-silicone?CatID=216;Plattenleger;35.0;;;AKEMI Produkte;AKEMI Composil farbangepasstes Silikon, passt exakt zur verlegten Platte.
06 Rühren, Kleben & Fugen;Silikone & Fugenfüllstoffe;;3;AKEMI FLEXY-ZEM;https://shop.ferronato.ch/images/product/large/4215.jpg;AKEMI Flexy-Zem, luftfeuchtigkeitshärtender 1K-Fugenfüllstoff, 310 ml, auf Polymerbasis, fungizid, für innen und aussen, 12 Monate lagerfähig. Für Dehn- und Anschlussfugen bei Grosskeramik, Fliesen, Natur- und Kunststein, optisch einer zementären Fuge ähnlich, auch als Ersatz für Fugenmörtel.;Fugenfüllstoff in Zementoptik als Ersatz für klassischen Fugenmörtel.;310 ml, 5 Farben, einzeln oder in 20er-Schachtel, Preis CHF 33.60.;https://shop.ferronato.ch/de/product/4215/akemi-flexy-zem?CatID=216;Plattenleger;33.6;;;AKEMI Produkte;Häufig gebraucht für Dehnfugen bei Grossformaten und Fliesen.
06 Rühren, Kleben & Fugen;Silikone & Fugenfüllstoffe;;3;AKENOVA CLEAR 300 glasklar CC 2200 1K-Klebedichtstoff;https://shop.ferronato.ch/images/product/large/7174.jpg;AKENOVA CLEAR 300 glasklarer 1K-Klebedichtstoff auf Polyhybrid-Basis, Anfangshaftung über 80 kg/m², für Sichtfugen auf Natur- und Kunststein wie Granit, Quarzit, Sandstein und Terrazzo mit Glas, Metall oder Holz. VOC-, silikon- und isocyanatfrei, überlackierbar, für Innen- und Aussenbereich.;Transparenter, universell einsetzbarer 1K-Klebedichtstoff für Sichtfugen.;Geeignet für horizontale und vertikale Verklebungen, Preis CHF 19.70.;https://shop.ferronato.ch/de/product/7174/akenova-clear-300-glasklar-cc-2200-1k-klebedichtstoff?CatID=216;Plattenleger;19.7;020-098;ab Lager;AKEMI Produkte;Vielseitiger Klebedichtstoff für sichtbare Fugen, regelmässig eingesetzt.
07 Reinigen, Schützen & Reparieren;Auftragswerkzeuge;;1;AKEMI Impregnation Application Mob / Mikrofasermopp;https://shop.ferronato.ch/images/product/large/7248.jpg;AKEMI Mikrofasermopp, lösungsmittelfest und waschbar, Masse 48x15 cm. Für den grossflächigen Auftrag von AKEMI Imprägnierungen und Farbtonvertiefern.;Wiederverwendbarer Mopp für grossflächigen Imprägnierauftrag.;Passt zu allen AKEMI Mopphaltern, Preis CHF 15.80.;https://shop.ferronato.ch/de/product/7248/akemi-impregnation-application-mob-mikrofasermopp?CatID=216;Plattenleger;15.8;020-974;ab Lager;AKEMI Produkte;Kleines Auftragszubehör, ergänzt AKEMI-Imprägnierungen.
07 Reinigen, Schützen & Reparieren;Auftragswerkzeuge;;1;AKEMI Square Bucket 10 Liter;https://shop.ferronato.ch/images/product/large/7256.jpg;AKEMI Square Bucket, rechteckiger Multifunktions-Kunststoffeimer, lösungsmittelfest, mit ergonomischem Griff und gestaffelter Literskala. Fassungsvermögen 10 Liter, Grösse 55x24x19 cm, ideal zum Eintauchen rechteckiger Mopps.;Lösungsmittelfester Eimer für grossflächigen AKEMI-Produktauftrag.;10-Liter-Fassungsvermögen, rechteckige Form für Moppeintauchung, Preis CHF 40.00.;https://shop.ferronato.ch/de/product/7256/akemi-square-bucket-10-liter?CatID=216;Plattenleger;40.0;020-690 10;ab Lager;AKEMI Produkte;Kleines Auftragszubehör, ergänzt AKEMI-Mopps und Imprägnierungen.
07 Reinigen, Schützen & Reparieren;Auftragswerkzeuge;;1;AKEMI klappbarer Kunststoff-Mopphalter mit Fixierklipp 40x11cm;https://shop.ferronato.ch/images/product/large/7253.jpg;AKEMI klappbarer Kunststoff-Mopphalter mit Fixierclip, 40x11 cm, zur Aufnahme aller AKEMI-Mopps in Verbindung mit dem Teleskopstiel.;Praktischer Mopphalter für grossflächigen AKEMI-Produktauftrag.;Kompatibel mit Teleskopstiel und allen AKEMI-Mopps, Preis CHF 36.80.;https://shop.ferronato.ch/de/product/7253/akemi-klappbarer-kunststoff-mopphalter-mit-fixierklipp-40x11cm?CatID=216;Plattenleger;36.8;020-979 KH;ab Lager;AKEMI Produkte;Kleines Auftragszubehör, ergänzt AKEMI-Mopps.
07 Reinigen, Schützen & Reparieren;Ceramic Smart Repair;;3;AKEMI Ceramic Smart Repair Set;https://shop.ferronato.ch/images/product/large/7257.jpg;AKEMI Ceramic Smart Repair Set im Tragekoffer, für nahezu unsichtbare Fliesenreparaturen von Kratzern und Abplatzungen auf Keramikoberflächen. 2-Schritt-Verfahren mit PLATINUM L-Spezial und 44 Colour Cards nach AKEMI Colour Matching System, inkl. Cleaner, Solvent, Spatel und Werkzeug.;Komplettset für unsichtbare Fliesenreparaturen ohne Fliesenaustausch.;44 Farbtöne, Nachkauf einzelner Bestandteile möglich, Preis CHF 925.00.;https://shop.ferronato.ch/de/product/7257/akemi-ceramic-smart-repair-set?CatID=216;Plattenleger;925.0;021-220;ab Lager;AKEMI Produkte;Hochwertiges Spezialset, wertvoll aber selten und teuer im Neukauf.
07 Reinigen, Schützen & Reparieren;Ceramic Smart Repair;;3;AKEMI Spectrum Pastes Bonding & Repair Set;https://shop.ferronato.ch/images/product/large/3900.jpg;AKEMI Spectrum Pastes Bonding & Repair Set mit 48 Farbtuben, Colour-Chart-Farbfächer, 170 g Platinum P+ L-Spezial, 170 g Platinum P+ flüssig sowie Reinigungs- und Applikationszubehör. Zum Einfärben von Platinum P+ und weiteren AKEMI-Klebern, auch für XXL-Keramik geeignet.;Komplettes Reparatur-Set zum farbgenauen Ausbessern von Stein und Keramik.;48 Farben plus Zubehör im Koffer, Preis auf Anfrage.;https://shop.ferronato.ch/de/product/3900/akemi-spectrum-pastes-bonding-repair-set?CatID=216;Plattenleger;1.0;020-426;ab Lager;AKEMI Produkte;Umfangreiches AKEMI-Reparatursystem, gezielter, aber wiederkehrender Bedarf.
07 Reinigen, Schützen & Reparieren;Ceramic Smart Repair;;2;AKEMI Cleaner I à 30ml - lösungsmittelhaltiger Reiniger auf Alkoholbasis;https://shop.ferronato.ch/images/product/large/7831.jpg;Lösungsmittelhaltiger Reiniger auf Alkoholbasis, nicht filmbildend, mit leicht verzögerter Ablüftung. Zum schonenden Reinigen von Keramik (Böden, Stufen, Fensterbänke, Theken, Waschtische) vor dem Reparieren. Flasche zu 30 ml, mit Literflasche nachfüllbar, nur für professionellen Gebrauch.;Reinigt Keramikoberflächen schonend als Vorbereitung für Reparaturarbeiten.;Gebinde 30 ml, mit Literflasche nachfüllbar, Preis CHF 31.00.;https://shop.ferronato.ch/de/product/7831/akemi-cleaner-i-30ml-l-sungsmittelhaltiger-reiniger-auf-alkoholbasis?CatID=216;Plattenleger;31.0;021-224;ab Lager;AKEMI Produkte;Vorbereitungsmittel für Reparaturen, gezielter Einsatz statt Alltagsartikel.
07 Reinigen, Schützen & Reparieren;Ceramic Smart Repair;;2;AKEMI Hobel;https://shop.ferronato.ch/images/product/large/7834.jpg;Handlicher Spezialhobel zum Abtragen von Materialüberschüssen auf Oberflächenniveau von Stein oder Keramik, ohne die Glanzgradveränderung der Oberfläche. Lieferung 2 Stück.;Trägt Reparaturmaterial exakt bündig ab, ohne den Oberflächenglanz zu verändern.;Lieferung 2 Stück, Preis CHF 76.80.;https://shop.ferronato.ch/de/product/7834/akemi-hobel?CatID=216;Plattenleger;76.8;021-230;ab Lager;AKEMI Produkte;Spezialwerkzeug fürs Repair-System, bei Reparaturaufträgen wichtig.
07 Reinigen, Schützen & Reparieren;Ceramic Smart Repair;;2;AKEMI Solvent à 50ml - Zum Anlösen der Farbe von den CERAMIC Colour Cards;https://shop.ferronato.ch/images/product/large/7830.jpg;Lösungsmittel zum Anlösen der Farbe von AKEMI Ceramic Colour Cards für Reparaturarbeiten an Keramik und Stein. Flasche zu 50 ml, nur für den professionellen Gebrauch, leicht entzündbar, Sicherheitshinweise beachten.;Löst die Farbe der Colour Cards für präzises Farbmischen bei Reparaturen.;Gebinde 50 ml, nur für professionellen Gebrauch, Preis CHF 68.50.;https://shop.ferronato.ch/de/product/7830/akemi-solvent-50ml-zum-anl-sen-der-farbe-von-den-ceramic-colour-cards?CatID=216;Plattenleger;68.5;021-222;ab Lager;AKEMI Produkte;Zubehör für das Smart-Repair-System, gezielt bei Reparaturaufträgen genutzt.
07 Reinigen, Schützen & Reparieren;Ceramic Smart Repair;;1;AKEMI Mischglas für Lösungsmittel;https://shop.ferronato.ch/images/product/large/7833.jpg;Standfestes, wiederverschliessbares Mischgefäss aus Glas mit Deckel zum einfachen Mischen gelöster Farben. Dank Verschliessbarkeit können angemischte Farben mehrfach verwendet werden.;Wiederverschliessbares Mischglas hält angerührte Reparaturfarben länger nutzbar.;Aus Glas mit Deckel, Preis CHF 14.90.;https://shop.ferronato.ch/de/product/7833/akemi-mischglas-f-r-l-sungsmittel?CatID=216;Plattenleger;14.9;021-226;ab Lager;AKEMI Produkte;Kleinteil-Zubehör des Repair-Sets, sehr geringe Kaufhäufigkeit.
07 Reinigen, Schützen & Reparieren;Ceramic Smart Repair;;1;AKEMI Pinsel für Ceramic Smart Repair Set;https://shop.ferronato.ch/images/product/large/7832.jpg;4er-Set Pinsel Grösse 2 zum Auftragen der gelösten Farbe auf mit Platinum Maxi Power L-Spezial gefüllte Reparaturstellen im Rahmen des AKEMI Ceramic Smart Repair Systems.;Feinpinsel zum präzisen Auftragen der Reparaturfarbe auf Keramikschäden.;4 Stück, Grösse 2, Preis CHF 37.00.;https://shop.ferronato.ch/de/product/7832/akemi-pinsel-f-r-ceramic-smart-repair-set?CatID=216;Plattenleger;37.0;021-228;ab Lager;AKEMI Produkte;Kleinteil-Zubehör des Repair-Sets, sehr geringe Kaufhäufigkeit.
07 Reinigen, Schützen & Reparieren;Imprägnieren & Schützen;3;4;AKEMI Pearl Impregnator;https://shop.ferronato.ch/images/product/large/6677.jpg;Premium-Imprägnierung mit wasser-, öl- und fettabweisendem Effekt für Natur- und Kunststein wie Marmor, Kalkstein, Granit, Feinsteinzeug und Terrazzo. Für polierte, geschliffene oder raue Oberflächen, Schutzwirkung nach 10-20 Minuten, lösemittelbasiert.;Premium-Schutz gegen Wasser, Öl und Fett auf Naturstein und Feinsteinzeug.;Besonders geeignet für helle Marmor- und Kalksteinflächen, Emissionsklasse A+.;https://shop.ferronato.ch/de/product/6677/akemi-pearl-impregnator?CatID=216;Plattenleger;104.0;021-112;ab Lager;AKEMI Produkte;AKEMI Pearl Impregnator, gefragter Fleckschutz für Naturstein und Keramik.
07 Reinigen, Schützen & Reparieren;Imprägnieren & Schützen;4;3;AKEMI Farbtonvertiefer Super;https://shop.ferronato.ch/images/product/large/4065.jpg;AKEMI Farbtonvertiefer Super, Imprägnierung mit hervorragender Farbtonvertiefung, lebensmittelunbedenklich nach Aushärtung, Schutzwirkung nach 24-48 Stunden. Besonders für dunkle Steine wie Nero Assoluto geeignet, überdeckt Kratzer und Haarrisse, witterungsbeständig für innen und aussen.;Langzeit-Farbtonvertiefer speziell für dunkle Natursteine.;Gebinde 0.25, 1 und 5 Liter, ab CHF 42.00.;https://shop.ferronato.ch/de/product/4065/akemi-farbtonvertiefer-super?CatID=216;Plattenleger;42.0;;;AKEMI Produkte;AKEMI Farbtonvertiefer Super, klassischer Zusatzverkauf zur Imprägnierung.
07 Reinigen, Schützen & Reparieren;Imprägnieren & Schützen;;3;AKEMI Rapid Impregnator;https://shop.ferronato.ch/images/product/large/6197.jpg;Imprägnierung auf organischer und siliziumorganischer Basis für wasser- und schmutzabweisende Behandlung von Naturstein und Kunststein, polierte, geschliffene und raue Oberflächen. Schnelle Schutzwirkung mit Abperleffekt, für Fassaden, Denkmäler, Grabsteine. Gebrauchsfertig, 1 oder 5 Liter.;Schneller Basisschutz mit sofortigem Abperleffekt für Stein und Fassaden.;Erhältlich in 1-l- und 5-l-Gebinde, gebrauchsfertig.;https://shop.ferronato.ch/de/product/6197/akemi-rapid-impregnator?CatID=216;Plattenleger;34.6;;;AKEMI Produkte;Wichtiges Schutzprodukt, aber Nischenanwendung im Aussenbereich.
07 Reinigen, Schützen & Reparieren;Imprägnieren & Schützen;;3;AKEMI TRANSFORMER MAX;https://shop.ferronato.ch/images/product/large/4019.jpg;AKEMI Transformer Max, Imprägnierung mit extrem schneller und starker Farbtonvertiefung, lebensmittelunbedenklich nach Aushärtung, Emissionsklasse A+, Schutzwirkung nach 5-10 Minuten. Für Naturstein, Terrazzo, Betonwerkstein und Quarzkomposit, ideal zur Farbanpassung heller Kanten an resinierte dunkle Flächen.;Extrem schnell wirkende Imprägnierung mit starker Farbtonvertiefung.;Gebinde 1 Liter, Ergiebigkeit 30-50 m² pro Liter, Preis CHF 120.90.;https://shop.ferronato.ch/de/product/4019/akemi-transformer-max?CatID=216;Plattenleger;120.9;;;AKEMI Produkte;Starke AKEMI-Marke, gefragt bei sichtbaren Kanten und Arbeitsplatten.
07 Reinigen, Schützen & Reparieren;Imprägnieren & Schützen;;2;AKEMI Solid Wax;https://shop.ferronato.ch/images/product/large/3903.jpg;AKEMI Solid Wax, cremiges, schnell trocknendes Poliermittel aus hochwertigen Wachsen für horizontale und vertikale Oberflächen wie Fensterbänke, Fliesen, Ecken und Kanten aus feingeschliffenem oder poliertem Naturstein. Erzeugt lang anhaltenden Glanz, schliesst feine Kratzer, vertieft Farbe und Struktur.;Wachspolitur für dauerhaften Glanz auf Natur- und Kunststein.;Gebinde 900 ml, transparent oder schwarz, Preis CHF 30.90.;https://shop.ferronato.ch/de/product/3903/akemi-solid-wax?CatID=216;Plattenleger;30.9;;;AKEMI Produkte;Nützliche Politur, aber kein täglicher Massenbedarf.
07 Reinigen, Schützen & Reparieren;Reiniger;1;4;AKEMI Reiniger A 1lt;https://shop.ferronato.ch/images/product/large/622.jpg;Lösungsmittelhaltiger Reiniger auf Ketonbasis, schnell ablüftend, nicht filmbildend, CKW-frei. Entfernt nicht ausgehärtete Klebstoff- und Dichtungsmassenreste von Naturstein, Kunststein, Fliesen, Keramik, Glas, Klinker, Email und Metall. Nicht für Kunststoffe und lackierte Flächen. Nur für gewerbliche Fachanwender.;Entfernt zuverlässig frische Kleber- und Silikonreste vor dem Aushärten.;1-l-Gebinde, nur für gewerbliche Anwender im Verkauf.;https://shop.ferronato.ch/de/product/622/akemi-reiniger-a-1lt?CatID=216;Plattenleger;28.5;020-738;ab Lager;AKEMI Produkte;AKEMI Reiniger A 1 l, meistverkaufter Grundreiniger nach dem Verlegen.
07 Reinigen, Schützen & Reparieren;Reiniger;2;4;AKEMI ACID Cleaner;https://shop.ferronato.ch/images/product/large/3886.jpg;AKEMI Acid Cleaner, ehemals Ceramics Zementschleierentferner, konzentriertes Reinigungsmittel auf Basis organischer Säuren, keine korrosiven Dämpfe, lösungsmittelfrei, biologisch abbaubar. Entfernt Zement-, Mörtel- und Kalkreste sowie Fugenmörtelreste auf säurebeständigem Feinsteinzeug, Naturstein, Klinker und Keramik, nicht für Kalkstein geeignet.;Säurehaltiger Reiniger für hartnäckige Zement- und Fugenreste.;Gebinde 1 oder 5 Liter, nur für Fachanwender, ab CHF 24.20.;https://shop.ferronato.ch/de/product/3886/akemi-acid-cleaner?CatID=216;Plattenleger;24.2;;;AKEMI Produkte;AKEMI ACID Cleaner gegen Zementschleier, Standard bei der Bauschlussreinigung.
07 Reinigen, Schützen & Reparieren;Reiniger;;3;AKEMI Crystal Clean Konzentrat;https://shop.ferronato.ch/images/product/large/2212.jpg;AKEMI Crystal Clean Konzentrat, säure- und laugenfreies Reinigungsmittel, phosphatfrei, biologisch abbaubar, schlierenfrei und schnell trocknend. Für die tägliche Entfernung leichter Verschmutzungen wie Öl- und Fettfilme auf poliertem Natur- und Kunststein sowie Feinsteinzeug, Keramik und Quarzkomposit.;Schlierenfreier Alltagsreiniger für polierten Stein und Feinsteinzeug.;Gebinde 1 oder 5 Liter Konzentrat, ab CHF 21.00.;https://shop.ferronato.ch/de/product/2212/akemi-crystal-clean-konzentrat?CatID=216;Plattenleger;21.0;;;AKEMI Produkte;Häufig eingesetzter AKEMI-Reiniger für die tägliche Pflege.
07 Reinigen, Schützen & Reparieren;Reiniger;;3;AKEMI Oel + Fettentfernerpaste;https://shop.ferronato.ch/images/product/large/711.jpg;AKEMI Öl- und Fettentfernerpaste, cremige Paste mit Absorptionsmittel zum Entfernen von Fett-, Öl- und Wachsflecken sowie Verfärbungen durch Weichmacher aus Silikon-Dichtstoffen. Für Natur- und Kunststein, Keramik und Cotto. 250-ml-Tube.;Entfernt Öl-, Fett- und Wachsflecken von Naturstein und Keramik.;250-ml-Tube, für Innen- und Aussenbereich, Preis CHF 25.40.;https://shop.ferronato.ch/de/product/711/akemi-oel-fettentfernerpaste?CatID=216;Plattenleger;25.4;020-520;ab Lager;AKEMI Produkte;Häufig eingesetztes Fleckenentferner-Produkt bei der Endreinigung.
07 Reinigen, Schützen & Reparieren;Reiniger;;3;FERROSIL Seal-it® 450 PUR CLEANER;https://shop.ferronato.ch/images/product/large/7926.png;Sprühreiniger zum Entfernen frischer, nicht ausgehärteter PUR-Schaumreste sowie zum gründlichen Reinigen und Spülen von PUR-Pistolen. Wirkt schnell bei frischem Schaum, ausgehärteter Schaum lässt sich nur mechanisch entfernen. Entfernt, entfettet und reinigt Untergründe, die unempfindlich gegen das Mittel sind.;Reinigt PUR-Pistolen und entfernt frische Schaumreste zuverlässig.;Vor Gebrauch kräftig schütteln, Preis CHF 9.50.;https://shop.ferronato.ch/de/product/7926/ferrosil-seal-it-450-pur-cleaner?CatID=216;Plattenleger;9.5;021-195;ab Lager;Plattenleger (Hauptkategorie);Praktisches Verbrauchsmittel für die Pistolenpflege bei PUR-Arbeiten.
07 Reinigen, Schützen & Reparieren;Reiniger;;2;AKEMI Imprägnierungs-Entferner;https://shop.ferronato.ch/images/product/large/2330.jpg;AKEMI Imprägnierungs-Entferner, 1 Liter, konzentriertes, hoch alkalisches Gel, geruchlos, lösungsmittelfrei, biologisch abbaubar. Beseitigt Verfleckungen durch Imprägnierungen und hartnäckige Verschmutzungen wie Lackreste auf Naturstein, Betonwerkstein und Klinker.;Hoch alkalisches Gel gegen Imprägnierungsflecken und Lackreste.;Gebinde 1 Liter, nur für Fachanwender, Preis CHF 48.90.;https://shop.ferronato.ch/de/product/2330/akemi-impr-gnierungs-entferner?CatID=216;Plattenleger;48.9;020-558;ab Lager;AKEMI Produkte;Gezielter Spezialreiniger, kein Alltagsprodukt.
07 Reinigen, Schützen & Reparieren;Reiniger;;2;Innotec Schaum Glas Reiniger Plus 500ml;https://shop.ferronato.ch/images/product/large/6346.jpg;Lebensmitteltauglicher Schaumreiniger für Glas, Plexiglas und transparente Kunststoffe, NSF-registriert. Entfernt schlierenfrei Fett, Staub, Insektenreste, Nikotinbeschlag. Läuft nicht von vertikalen Flächen ab, greift Kunststoff und Lack nicht an. 500-ml-Sprühdose.;Schlierenfreier Glasreiniger, der an vertikalen Flächen haften bleibt.;500-ml-Sprühdose, NSF-zertifiziert für Lebensmittelbereiche.;https://shop.ferronato.ch/de/product/6346/innotec-schaum-glas-reiniger-plus-500ml?CatID=216;Plattenleger;23.1;021-035;ab Lager;Plattenleger (Hauptkategorie);Nützlicher Reiniger, eher Nebenprodukt als Kernartikel.
07 Reinigen, Schützen & Reparieren;StoneLux-Reparatursystem;5;4;StoneLux 2.0 Profi Set PRO;https://shop.ferronato.ch/images/product/large/5719.jpg;StoneLux 2.0 Professional Set mit Keramik-Reparaturmodul für Kleinschäden, Retusche-, Kristall-, Struktur- und Mikrodefekt-Technik. Enthält 10 Reparaturfarben, Sanitärfarbe, Opaquer, Prep-Set mit Diamantfräsern, blue:tron Powerlicht, Akku-Feinschleifgerät Proxxon, Blasebalg, zwei Koffer.;Komplettsystem für unsichtbare Reparaturen an Keramik- und Quarzkompositoberflächen.;Zwei Koffer mit ConneX-Klicksystem verbindbar, inkl. Akku-Feinschleifgerät.;https://shop.ferronato.ch/de/product/5719/stonelux-2-0-profi-set-pro?CatID=216;Plattenleger;3.0;020-194 SET PRO;Nicht an Lager;Plattenleger (Hauptkategorie);StoneLux 2.0 Profi Set PRO, Flaggschiff für Chip- und Kratzerreparaturen.
07 Reinigen, Schützen & Reparieren;StoneLux-Reparatursystem;;3;Slx StoneLux® 2.0 Ceramic Kit Sortiment;https://shop.ferronato.ch/images/product/large/4515.jpg;StoneLux 2.0 Ceramic Kit Sortiment, umfassendes Reparatur-Set für Quarzkomposit, Keramik und Fliesen mit 14 Reparaturfarben und 1x Sanitary weiss matt. Fünf Reparaturtechniken (Transpa, Retusche, Kristall, Struktur, Mikrodefekt), inklusive Präparationsset, Kristallen, Applikationsinstrument und Air-Barrier-Gel.;Vollständiges Reparatur-Set für Keramik- und Fliesenschäden mit fünf Techniken.;14 Reparaturfarben plus Zubehör im Koffer, Preis auf Anfrage.;https://shop.ferronato.ch/de/product/4515/slx-stonelux-2-0-ceramic-kit-sortiment?CatID=216;Plattenleger;1.0;020-194 CER;ab Lager;Plattenleger (Hauptkategorie);Umfassendes StoneLux-Set, wiederkehrend für Reparaturaufträge genutzt.
07 Reinigen, Schützen & Reparieren;StoneLux-Reparatursystem;;3;StoneLux 2.0 Professional Kit  (ohne Ceramic Kit);https://shop.ferronato.ch/images/product/large/5720.jpg;StoneLux 2.0 Professional Reparaturset für Naturstein, Quarzkomposit, Steinzeug, Keramik und Fliesen mit 10 Reparaturfarben und fünf Reparaturtechniken. Enthält Bluetron Powerlicht mit Schutzbrille, Proxxon-Feinschleifbohrer mit Ladestation, Primer-System, Filler-Applikator, Polierpaste, Feinschleifpads, Reinigungslösung, Composite-Hobel.;Fünf Reparaturtechniken für unsichtbare Ausbesserungen an Stein- und Keramikoberflächen.;Ohne Ceramic-Modul, dafür günstiger als das Profi Set PRO.;https://shop.ferronato.ch/de/product/5720/stonelux-2-0-professional-kit-ohne-ceramic-kit?CatID=216;Plattenleger;2.0;020-194 KIT PROF;ab Lager;Plattenleger (Hauptkategorie);Hochwertiges Profisystem, ergänzend zum Set mit Ceramic-Modul.
07 Reinigen, Schützen & Reparieren;StoneLux-Reparatursystem;;3;StoneLux® 2.0 Bluetron Handlichtgerät;https://shop.ferronato.ch/images/product/large/2221.jpg;StoneLux 2.0 Bluetron LED Handlichtgerät, akkubetrieben, Härtezeit 15 Sekunden bzw. 60 Sekunden mit Cover, 3 Blaulicht-LEDs, Display mit Funktionstasten. Lieferumfang: Handlichtgerät, Schutzschild, Ladegerät, Anleitung.;Akku-Lichthärtegerät für schnelle StoneLux-Reparaturen vor Ort.;Härtezeit 15 oder 60 Sekunden, Preis auf Anfrage.;https://shop.ferronato.ch/de/product/2221/stonelux-2-0-bluetron-handlichtger-t?CatID=216;Plattenleger;1.0;020-252;Nicht an Lager;Plattenleger (Hauptkategorie);Zentrales Gerät im StoneLux-Reparatursystem, wiederkehrend gebraucht.
07 Reinigen, Schützen & Reparieren;StoneLux-Reparatursystem;;2;Slx StoneLux® 2.0 Schleif-& Polierblock;https://shop.ferronato.ch/images/product/large/2253.jpg;StoneLux 2.0 Schleif- und Polierblock aus Kork und Filz für die Endbearbeitung. Korkseite zum Schleifen mit Schleifleinen, Filzseite zum Polieren mit Polierpaste in kreisenden Bewegungen.;Kombiblock zum Schleifen und Polieren nach der StoneLux-Reparatur.;Preis CHF 16.80.;https://shop.ferronato.ch/de/product/2253/slx-stonelux-2-0-schleif-polierblock?CatID=216;Plattenleger;16.8;020-230;ab Lager;Plattenleger (Hauptkategorie);Ergänzendes Werkzeug im StoneLux-Reparatursystem.
07 Reinigen, Schützen & Reparieren;StoneLux-Reparatursystem;;2;StoneLux 2.0 Primer Universal 1ml;https://shop.ferronato.ch/images/product/large/6496.jpg;Universeller Primer als Haftvermittler zwischen der zu reparierenden Oberfläche und dem StoneLux-Reparaturmaterial, ersetzt Pyrosilgas. Stift mit 1 ml Inhalt.;Sorgt für Haftung bei unsichtbaren StoneLux-Reparaturen.;Ergänzt das StoneLux-2.0-System, auch als Primer granit erhältlich.;https://shop.ferronato.ch/de/product/6496/stonelux-2-0-primer-universal-1ml?CatID=216;Plattenleger;41.9;020-196 PRIMER UNIV.;ab Lager;Plattenleger (Hauptkategorie);Verbrauchsmaterial für spezialisierte Reparaturarbeiten.
07 Reinigen, Schützen & Reparieren;StoneLux-Reparatursystem;;2;StoneLux 2.0 Primer granit 1ml;https://shop.ferronato.ch/images/product/large/6501.jpg;Primer speziell für Granit als Haftvermittler zwischen der zu reparierenden Oberfläche und dem StoneLux-Reparaturmaterial. Stift mit 1 ml Inhalt.;Speziell für Granit optimierter Haftvermittler bei Reparaturen.;Ergänzt das StoneLux-2.0-System, auch als Primer Universal erhältlich.;https://shop.ferronato.ch/de/product/6501/stonelux-2-0-primer-granit-1ml?CatID=216;Plattenleger;41.9;020-196 PRIMER GRAN.;ab Lager;Plattenleger (Hauptkategorie);Verbrauchsmaterial für spezialisierte Granit-Reparaturen.
07 Reinigen, Schützen & Reparieren;StoneLux-Reparatursystem;;2;StoneLux 2.0Transpa Flow Spritze 3ml;https://shop.ferronato.ch/images/product/large/2241.jpg;StoneLux 2.0 Transpa Flow Spritze, 3 ml, Reparaturmaterial für Kleinkorrekturen oder als oberste Schicht auf hochglänzenden Steinoberflächen, auch für Stempeltechnik geeignet.;Transparentes Reparaturmaterial für feine Steinkorrekturen.;Inhalt 3 ml, Preis CHF 78.50.;https://shop.ferronato.ch/de/product/2241/stonelux-2-0transpa-flow-spritze-3ml?CatID=216;Plattenleger;78.5;020-202;ab Lager;Plattenleger (Hauptkategorie);Verbrauchsmaterial im StoneLux-System, gezielter Bedarf.
07 Reinigen, Schützen & Reparieren;StoneLux-Reparatursystem;;1;StoneLux 2.0  Seperator Pen 1ml;https://shop.ferronato.ch/images/product/large/6504.jpg;Antihaftmittel für die Stempelherstellung in der StoneLux Struktur-Reparaturtechnik, zur Nachbildung von 3D-Oberflächenstrukturen auf moderner Keramik. Stift mit 1 ml Inhalt.;Ermöglicht Stempeltechnik für die Reparatur strukturierter Keramikoberflächen.;Anwendung gemäss Video-Anleitung Stempeltechnik auf Youtube.;https://shop.ferronato.ch/de/product/6504/stonelux-2-0-seperator-pen-1ml?CatID=216;Plattenleger;41.9;020-243;ab Lager;Plattenleger (Hauptkategorie);Sehr spezialisiertes Nischenprodukt der Stempeltechnik.
07 Reinigen, Schützen & Reparieren;StoneLux-Reparatursystem;;1;StoneLux Sparkanülen mit Metallröhrchen 10 Stk im Säckchen;https://shop.ferronato.ch/images/product/large/7030.jpg;Sparkanülen mit Metallröhrchen zum Aufschrauben auf StoneLux-Spritzen für präzises, gezieltes Dosieren. Mit Originalkappe für 100%igen Lichtausschluss nach der Anwendung. 10 Stück pro Säckchen.;Präzisionsdosierung für StoneLux-Reparaturmaterial.;10 Stück im Säckchen, Preis CHF 14.00.;https://shop.ferronato.ch/de/product/7030/stonelux-sparkan-len-mit-metallr-hrchen-10-stk-im-s-ckchen?CatID=216;Plattenleger;14.0;020-246 ROSE;ab Lager;Plattenleger (Hauptkategorie);Kleinteil-Verbrauchsmaterial für die StoneLux-Reparaturtechnik.
07 Reinigen, Schützen & Reparieren;StoneLux-Reparatursystem;;1;StoneLux,Struk.Granulat X1;https://shop.ferronato.ch/images/product/large/6252.jpg;StoneLux Strukturgranulat X1, feinste Körnung, je 4 g transparent, weiss, schwarz. Wird ins Reparaturmaterial gemischt oder aufgestreut, für Natursteine mit Kristallkörnung wie Marmor.;Nachbildung feiner Kristallstruktur bei Natursteinreparaturen.;Auch in Körnungen X2, X3, X4 erhältlich.;https://shop.ferronato.ch/de/product/6252/stonelux-struk-granulat-x1?CatID=216;Plattenleger;61.1;;;Plattenleger (Hauptkategorie);Verbrauchsmaterial für StoneLux-System, sehr spezifisches Nischenprodukt.
07 Reinigen, Schützen & Reparieren;StoneLux-Reparatursystem;;1;StoneLux,Struk.Granulat X2;https://shop.ferronato.ch/images/product/large/6254.jpg;StoneLux Strukturgranulat X2, Körnung 0,16-0,63 mm, je 4 g transparent, weiss, schwarz. Wird ins Reparaturmaterial gemischt oder aufgestreut, für Natursteine mit Kristallkörnung wie Marmor.;Nachbildung feiner Kristallstruktur bei Natursteinreparaturen.;Auch in Körnungen X1, X3, X4 erhältlich.;https://shop.ferronato.ch/de/product/6254/stonelux-struk-granulat-x2?CatID=216;Plattenleger;60.55;;;Plattenleger (Hauptkategorie);Verbrauchsmaterial für StoneLux-System, sehr spezifisches Nischenprodukt.
07 Reinigen, Schützen & Reparieren;StoneLux-Reparatursystem;;1;StoneLux,Struk.Granulat X3;https://shop.ferronato.ch/images/product/large/6255.jpg;StoneLux Strukturgranulat X3, Körnung 0,64-1,00 mm, je 4 g transparent, weiss, schwarz. Wird ins Reparaturmaterial gemischt oder aufgestreut, für Natursteine mit Kristallkörnung wie Marmor.;Nachbildung gröberer Kristallstruktur bei Natursteinreparaturen.;Auch in Körnungen X1, X2, X4 erhältlich.;https://shop.ferronato.ch/de/product/6255/stonelux-struk-granulat-x3?CatID=216;Plattenleger;60.55;;;Plattenleger (Hauptkategorie);Verbrauchsmaterial für StoneLux-System, sehr spezifisches Nischenprodukt.
07 Reinigen, Schützen & Reparieren;StoneLux-Reparatursystem;;1;StoneLux,Struk.Granulat X4;https://shop.ferronato.ch/images/product/large/6256.jpg;StoneLux Strukturgranulat X4, Körnung >1 mm, je 4 g transparent, weiss, schwarz. Wird ins Reparaturmaterial gemischt oder aufgestreut, für Natursteine mit Kristallkörnung wie Marmor.;Nachbildung grober Kristallstruktur bei Natursteinreparaturen.;Auch in Körnungen X1, X2, X3 erhältlich.;https://shop.ferronato.ch/de/product/6256/stonelux-struk-granulat-x4?CatID=216;Plattenleger;63.1;;;Plattenleger (Hauptkategorie);Verbrauchsmaterial für StoneLux-System, sehr spezifisches Nischenprodukt.
08 Staub & Absaugung;Absaughauben;;3;FLEX Absaughaube  Ø125mm LD+LDE 15-10R/LD 18-7 125R;https://shop.ferronato.ch/images/product/large/6236.jpg;FLEX Absaughaube Ø125 mm für randnahes Arbeiten, werkzeuglose Höhenverstellung über Spannhebel. Passend für LD+LDE 15-10 R und LD 18-7 125 R.;Werkzeuglose Höhenanpassung für staubarmes randnahes Schleifen.;Passend nur für bestimmte FLEX-Betonschleifer-Modelle.;https://shop.ferronato.ch/de/product/6236/flex-absaughaube-125mm-ld-lde-15-10r-ld-18-7-125r?CatID=216;Plattenleger;170.0;050-183 HAUBE;Nicht an Lager;Plattenleger (Hauptkategorie);Wichtiges Absaugzubehör, aber modellspezifisch.
08 Staub & Absaugung;Absaughauben;;3;FLEX Absaughaube komplett für: LBE 17-11 Winkelschleifer;https://shop.ferronato.ch/images/product/large/6162.jpg;FLEX Absaughaube Ø150 mm für randnahes Arbeiten mit hoher Absaugleistung, Höhenverstellung über Innensechskantschraube. Passend für LB/LBE 17-11 125 und L/LE 15-11 125. Empfohlen ab 1500 Watt Winkelschleiferleistung.;Ermöglicht staubarmes, randnahes Schleifen mit dem Winkelschleifer.;Passend nur zu Winkelschleifern mit Rastmechanik-Schutzhaube.;https://shop.ferronato.ch/de/product/6162/flex-absaughaube-komplett-f-r-lbe-17-11-winkelschleifer?CatID=216;Plattenleger;111.0;050-181 HAUBE;ab Lager;Plattenleger (Hauptkategorie);Wichtiges Absaugzubehör, aber modellspezifisch.
08 Staub & Absaugung;Akku-Sauger;3;4;FLEX VCE 22 M MC 2x18 Akku Industriesauger;https://shop.ferronato.ch/images/product/large/7908.jpg;Akku-Industriesauger mit 2x18V-Akkus, Sicherheitsklasse M für Stäube mit AGW-Werten über 1 mg/m³. Konstanter Luftstrom ab 1400 l/min für den Einsatz mit der Giraffe, manuelle Filterabreinigung, Sanftanlauf, Filtersack aus hochreissfestem Vlies. Volumenstrom 2300 l/min, Behältervolumen 21 L, Gewicht 7.2 kg, ohne Akku und Ladegerät.;Kabelloser Klasse-M-Sauger für staubfreies Arbeiten direkt am Werkzeug.;Behältervolumen 21 L, FLEX 18V-System, ohne Akku, Preis CHF 735.00.;https://shop.ferronato.ch/de/product/7908/flex-vce-22-m-mc-2x18-akku-industriesauger?CatID=216;Plattenleger;735.0;050-658;Nicht an Lager;Plattenleger (Hauptkategorie);FLEX VCE 22 M 2x18 V Akku-Industriesauger für kabelloses Arbeiten.
08 Staub & Absaugung;Akku-Sauger;;3;FLEX  Akku Staubsauger VC2 L HIP 18.0-EC Hüftsauger;https://shop.ferronato.ch/images/product/large/6106.jpg;FLEX Hüft-Akku-Sauger VC2 L HIP 18.0-EC, Volumenstrom 1200 m³/h, Unterdruck 20500 Pa, Behältervolumen 1,5 l, Schlauchlänge 2,5 m, Gewicht ohne Akku 2,0 kg. Mit Tragegeschirr für Hüfttragweise. Set mit Vlies-Filtersack, Flachfaltenfilter, Saugschlauch. Ohne Akku und Ladegerät.;Handfreier Hüftsauger für mobile Absaugarbeiten direkt am Werkzeug.;Kompaktes 1,5-l-Volumen, Tragegeschirr im Lieferumfang.;https://shop.ferronato.ch/de/product/6106/flex-akku-staubsauger-vc2-l-hip-18-0-ec-h-ftsauger?CatID=216;Plattenleger;225.0;050-274;ab Lager;Elektrogeräte, Mit Akku;Praktisches Nischenwerkzeug für kleine mobile Absaugarbeiten.
08 Staub & Absaugung;Akku-Sauger;;3;FLEX Staubsauger VC 6 L MC 18.0 Volt;https://shop.ferronato.ch/images/product/large/5736.jpg;Kompakter Akku-Sauger FLEX VC 6 L MC 18 V mit Tragegurt, Hochleistungsturbine, manueller Filterabreinigung, Flachfaltenfilter. Behältervolumen 6 l, max. Unterdruck 12000 Pa, Volumenstrom 1400 l/min, Schlauch Ø32 mm bis 2,5 m ausziehbar. Eco-Mode bis 30 Min Laufzeit. Ohne Akku und Ladegerät.;Handlicher Akku-Sauger für mobilen Einsatz ohne Kabel.;Kompatibel mit allen FLEX 18-V-Akkus, ohne Akku und Ladegerät geliefert.;https://shop.ferronato.ch/de/product/5736/flex-staubsauger-vc-6-l-mc-18-0-volt?CatID=216;Plattenleger;240.0;050-185;ab Lager;Elektrogeräte, Mit Akku;Praktisch für kleine Absaugarbeiten, kein Ersatz für Baustellensauger.
08 Staub & Absaugung;Akku-Sauger;;3;Husqvarna DE 110i Akku Staubsauger für BLi-System;https://shop.ferronato.ch/images/product/large/6025.jpg;Husqvarna Akku-Staubsauger DE 110i, H-Klasse mit HEPA13-Filter, 36-V-BLi-Akku, SmartFlow-Luftstromregelung, Longopac-Befestigungssystem. Leistung 0,9 kW, Luftdurchsatz 215 m³/h, Vakuum 18 kPa, Gewicht 26 kg exkl. Akku. Akku und Ladegerät separat erhältlich.;Kabelloser Baustellensauger der H-Klasse mit HEPA13-Filter für gefährlichen Staub.;Läuft mit Husqvarna 36-V-BLi-Akku, separat zu bestellen.;https://shop.ferronato.ch/de/product/6025/husqvarna-de-110i-akku-staubsauger-f-r-bli-system?CatID=216;Plattenleger;2.0;050-304;ab Lager;Plattenleger (Hauptkategorie);Leistungsstarker Sauger, aber teures und markengebundenes System.
08 Staub & Absaugung;Filter & Filtersäcke;5;2;FLEX Vlies-Filtersäcke VC 21-26 Pack à 5 Stück;https://shop.ferronato.ch/images/product/large/7356.jpg;FLEX Vlies-Filtersäcke für die Sauger VC 21 L MC, VC 25 L MC und VCE 26 L MC, hochreissfest, Staubklasse L, für optimale Befüllung und problemlose Entsorgung. Packung mit 5 Stück.;Reissfeste Filtersäcke für saubere Entsorgung von Saugerstaub.;5 Stück pro Packung, passend für VC/E 21-26, Preis CHF 35.00.;https://shop.ferronato.ch/de/product/7356/flex-vlies-filters-cke-vc-21-26-pack-5-st-ck?CatID=216;Plattenleger;35.0;050-608;ab Lager;Plattenleger (Hauptkategorie);FLEX Vlies-Filtersäcke 5er-Pack, laufendes Verbrauchsmaterial zum Sauger.
08 Staub & Absaugung;Filter & Filtersäcke;;1;FLEX Aktivkohlefilter G4 passend zu Bau-Luftreiniger VAC 800-EC;https://shop.ferronato.ch/images/product/large/7157.jpg;Aktivkohlefilter G4 für den FLEX Bau-Luftreiniger VAC 800-EC, filtert Gerüche und hält bis zu 70% der Staubpartikel zurück, Luftwiderstand nur 45 Pascal. Einsatz als Vorfilter.;Filtert Gerüche und Staub gleichzeitig aus dem Arbeitsumfeld.;Passend ausschliesslich für VAC 800-EC, Preis CHF 76.00.;https://shop.ferronato.ch/de/product/7157/flex-aktivkohlefilter-g4-passend-zu-bau-luftreiniger-vac-800-ec?CatID=216;Plattenleger;76.0;050-522 AG4;Nicht an Lager;PSA Plattenleger;Verbrauchszubehör, nur relevant für Besitzer des VAC 800-EC.
08 Staub & Absaugung;Filter & Filtersäcke;;1;FLEX Feinstaubfilter F7 passend zu Bau-Luftreiniger VAC 800-EC 1 Stück;https://shop.ferronato.ch/images/product/large/7158.png;Feinstaubfilter F7 für den FLEX Bau-Luftreiniger VAC 800-EC, hält bis zu 80% der Feinstaubpartikel zurück, Luftwiderstand nur 60 Pascal. 1 Stück.;Filtert Feinstaub zuverlässig aus der Baustellenluft.;Passend ausschliesslich für VAC 800-EC, Preis CHF 58.00.;https://shop.ferronato.ch/de/product/7158/flex-feinstaubfilter-f7-passend-zu-bau-luftreiniger-vac-800-ec-1-st-ck?CatID=216;Plattenleger;58.0;050-522 FS7;Nicht an Lager;PSA Plattenleger;Verbrauchszubehör, nur relevant für Besitzer des VAC 800-EC.
08 Staub & Absaugung;Filter & Filtersäcke;;1;FLEX Grobfilter G4 passend zu Bau-Luftreiniger VAC 800-EC 1 Stück;https://shop.ferronato.ch/images/product/large/7156.jpg;Grobfilter G4 für den FLEX Bau-Luftreiniger VAC 800-EC, hält bis zu 90% der Staubpartikel zurück, Luftwiderstand nur 45 Pascal. Einsatz als Vorfilter.;Effektiver Grobstaubfilter mit geringem Luftwiderstand.;Passend ausschliesslich für VAC 800-EC, Preis CHF 34.00.;https://shop.ferronato.ch/de/product/7156/flex-grobfilter-g4-passend-zu-bau-luftreiniger-vac-800-ec-1-st-ck?CatID=216;Plattenleger;34.0;050-522 GG4;Nicht an Lager;PSA Plattenleger;Verbrauchszubehör, nur relevant für Besitzer des VAC 800-EC.
08 Staub & Absaugung;Filter & Filtersäcke;;1;FLEX HEPA 13 Filter passend zu Bau-Luftreiniger VAC 800-EC;https://shop.ferronato.ch/images/product/large/7159.jpg;HEPA-13-Filter für den FLEX Bau-Luftreiniger VAC 800-EC, hält 99.99% der Feinstaubpartikel zurück, Luftwiderstand 185 Pascal.;Hocheffiziente HEPA-Filterung für höchste Luftreinheit.;Passend ausschliesslich für VAC 800-EC, Preis CHF 215.00.;https://shop.ferronato.ch/de/product/7159/flex-hepa-13-filter-passend-zu-bau-luftreiniger-vac-800-ec?CatID=216;Plattenleger;215.0;050-522 H13;Nicht an Lager;PSA Plattenleger;Hochpreisiges Verbrauchszubehör, nur für Besitzer des VAC 800-EC.
08 Staub & Absaugung;Filter & Filtersäcke;;1;FLEX HEPA 14 Filter passend zu Bau-Luftreiniger VAC 800-EC;https://shop.ferronato.ch/images/product/large/7160.jpg;HEPA-14-Filter für den FLEX Bau-Luftreiniger VAC 800-EC, hält 99.995% der Feinstaubpartikel zurück, Luftwiderstand 160 Pascal.;Höchste Filterklasse für maximale Luftreinheit auf der Baustelle.;Passend ausschliesslich für VAC 800-EC, Preis CHF 231.00.;https://shop.ferronato.ch/de/product/7160/flex-hepa-14-filter-passend-zu-bau-luftreiniger-vac-800-ec?CatID=216;Plattenleger;231.0;050-522 H14;Nicht an Lager;PSA Plattenleger;Hochpreisiges Verbrauchszubehör, nur für Besitzer des VAC 800-EC.
08 Staub & Absaugung;Filter & Filtersäcke;;1;FLEX Vorfiltermatten G3 passend zu Bau-Luftreiniger VAC 800-EC 10 Stück;https://shop.ferronato.ch/images/product/large/7155.jpg;Vorfiltermatten G3 für den FLEX Bau-Luftreiniger VAC 800-EC, halten grobe Partikel zurück und schützen die Filterkassetten. 10 Stück pro Packung.;Schützt die Hauptfilter des VAC 800-EC vor grobem Schmutz.;Passend ausschliesslich für VAC 800-EC, 10 Stück, Preis CHF 35.00.;https://shop.ferronato.ch/de/product/7155/flex-vorfiltermatten-g3-passend-zu-bau-luftreiniger-vac-800-ec-10-st-ck?CatID=216;Plattenleger;35.0;050-522 VG3;Nicht an Lager;PSA Plattenleger;Verbrauchszubehör, nur relevant für Besitzer des VAC 800-EC.
08 Staub & Absaugung;Luftreiniger & Staubschutz;4;4;FLEX Bau-Luftreiniger VAC 800-EC #AKTION#;https://shop.ferronato.ch/images/product/large/7151.jpg;FLEX Bau-Luftreiniger VAC 800-EC zur Luftreinhaltung bei Sanierungen und Rückbauten in Schwarz-Bereichen, filtert Feinstäube via Grob-, Fein-, M/H- und Aktivkohlefilter. Bürstenloser Motor, regelbare Volumenstromeinstellung, Anschluss 125 mm. Leistung 170 Watt, Volumenstrom 544 m³/h, Gewicht 7.2 kg.;Effizienter Bau-Luftreiniger mit Unterdruck-Erzeugung für Schwarz-Bereiche.;Aktionspreis CHF 999.00, inkl. Filter, Schlauch und Türschleuse.;https://shop.ferronato.ch/de/product/7151/flex-bau-luftreiniger-vac-800-ec-aktion?CatID=216;Plattenleger;999.0;050-522;Nicht an Lager;PSA Plattenleger;FLEX Bau-Luftreiniger VAC 800-EC als Aktion, hält die Wohnung staubfrei.
08 Staub & Absaugung;Luftreiniger & Staubschutz;;2;FLEX Staubschutz Türe zu VAC 800-EC  10 Stück;https://shop.ferronato.ch/images/product/large/7163.jpg;Staubschutz-Türschleuse aus PP-Folie für den FLEX Bau-Luftreiniger VAC 800-EC, zum Anbringen an Zimmertüren. Schottet den Arbeitsbereich ab, ermöglicht Unterdruckbildung und verhindert Staubausbreitung. Abmessung 2300x1300 mm, 10 Stück.;Schottet den Arbeitsbereich zuverlässig gegen Staubausbreitung ab.;10 Stück, passend für VAC 800-EC, Preis CHF 241.00.;https://shop.ferronato.ch/de/product/7163/flex-staubschutz-t-re-zu-vac-800-ec-10-st-ck?CatID=216;Plattenleger;241.0;050-522 STT;Nicht an Lager;PSA Plattenleger;Verbrauchszubehör für Schwarz-Bereich-Abschottung, spezifische Anwendung.
08 Staub & Absaugung;Luftreiniger & Staubschutz;;1;FLEX Schlauch SH 125x5m C passend zu Bau-Luftreiniger VAC 800-EC;https://shop.ferronato.ch/images/product/large/7164.jpg;Ausziehbarer Luftführungsschlauch für den FLEX Bau-Luftreiniger VAC 800-EC, bis 5, 6 oder 7.5 m ausziehbar, Ø 125 mm, inkl. Schlauchschelle. Zum Anschluss an Absaug- oder Luftführungsseite.;Flexibler Anschlussschlauch für den VAC 800-EC in drei Längen.;Erhältlich in 5, 6 und 7.5 m Länge, Preis ab CHF 78.00.;https://shop.ferronato.ch/de/product/7164/flex-schlauch-sh-125x5m-c-passend-zu-bau-luftreiniger-vac-800-ec?CatID=216;Plattenleger;78.0;;;PSA Plattenleger;Verbrauchszubehör, nur relevant für Besitzer des VAC 800-EC.
08 Staub & Absaugung;Sauger 230 V;1;4;FLEX VCE 28 L MC-Sauger, inkl. Reinigungsset;https://shop.ferronato.ch/images/product/large/7263.jpg;FLEX VCE 28 L MC-Sauger, 230 V, 1200 Watt, mit Füllstandsüberwachung, Sanftanlauf und Saugkraftregulierung. Sicherheitssauger Klasse L, Behältervolumen 25 L, Flüssigkeitsfüllmenge 16 L. Inkl. Reinigungsset mit Düsen, Bürste und Filtersack, Gewicht 8.4 kg.;Vielseitiger 25-L-Sauger für Trocken- und Nasssaugen mit Reinigungsset.;Inkl. Bodendüse, Rundbürste, Fugendüse und Filtersack, Preis CHF 445.00.;https://shop.ferronato.ch/de/product/7263/flex-vce-28-l-mc-sauger-inkl-reinigungsset?CatID=216;Plattenleger;445.0;050-183;ab Lager;Elektrogeräte, 230 Volt;FLEX VCE 28 L MC-Sauger inkl. Reinigungsset, der Allrounder für die Baustelle.
08 Staub & Absaugung;Sauger 230 V;2;4;Flex Aktion Pack VCE 33 M AC-Set;https://shop.ferronato.ch/images/product/large/6167.jpg;FLEX Sicherheitssauger VCE 33 M AC-Set, Klasse M, 1200 Watt, Volumenstrom 4500 l/min, Unterdruck 25000 Pa, Behältervolumen 30 l, automatische Filterabreinigung, Flowsensor-Überwachung, Nassabsaugung mit Füllstandsüberwachung. Aktion inkl. Reinigungsset, 5 Filtersäcken und FLEX-Box.;Leistungsstarker Klasse-M-Sicherheitssauger für mineralische Stäube inkl. Zubehörpaket.;Aktion mit Reinigungsset, 5 Filtersäcken, FLEX-Box.;https://shop.ferronato.ch/de/product/6167/flex-aktion-pack-vce-33-m-ac-set?CatID=216;Plattenleger;1.0;050-287;Nicht an Lager;Plattenleger (Hauptkategorie);FLEX Aktion Pack VCE 33 M AC-Set, M-Klasse-Sauger zum Aktionspreis.
08 Staub & Absaugung;Sauger 230 V;;4;FLEX Staubsauger VC 6 L MC 230V Kompaktsauger;https://shop.ferronato.ch/images/product/large/6607.png;Kompakter FLEX Staubsauger VC 6 L MC, 230 V, 1200 Watt, mit Tragegurt für mobilen Einsatz. Hochleistungsturbine, manuelle Filterabreinigung, FLEX-Clip-System für Elektrowerkzeuganschluss. Behältervolumen 6 L, Gewicht 4.7 kg, inkl. Fahrwerk und Zubehör.;Kompakter, mobiler Sauger für die Endmontage und Fahrzeugreinigung.;Inkl. Filtersack, Handrohr, Düsen und Trolley, Aktionsset.;https://shop.ferronato.ch/de/product/6607/flex-staubsauger-vc-6-l-mc-230v-kompaktsauger?CatID=216;Plattenleger;169.0;050-332;Nicht an Lager;Plattenleger (Hauptkategorie);Praktischer, häufig genutzter Kompaktsauger für den mobilen Einsatz.
08 Staub & Absaugung;Sauger 230 V;;4;Flex Aktion Pack VCE 44 L AC-Set;https://shop.ferronato.ch/images/product/large/6200.jpg;FLEX Sicherheitssauger VCE 44 L AC-Set, Klasse L, 1200 Watt, Volumenstrom 4500 l/min, Unterdruck 25000 Pa, Behältervolumen 42 l, automatische Filterabreinigung, Nassabsaugung mit Füllstandsüberwachung. Aktionsset inkl. L-Boxx-Halterung, Filtersäcke, Reinigungsset, Transportkoffer.;Grosser Klasse-L-Baustellensauger mit 42-l-Volumen für lange Einsätze.;Aktionsset mit umfangreichem Zubehör und Transportkoffer.;https://shop.ferronato.ch/de/product/6200/flex-aktion-pack-vce-44-l-ac-set?CatID=216;Plattenleger;879.0;050-289;ab Lager;Plattenleger (Hauptkategorie);Kern-Baustellensauger für grössere Volumen, wichtiges Arbeitsgerät.
08 Staub & Absaugung;Sauger 230 V;;4;Husqvarna Staubsauger DE 35 H;https://shop.ferronato.ch/images/product/large/8253.jpg;Hochproduktiver Nass- und Trockensauger für gefährlichen Staub, auch an kleinere Elektrowerkzeuge anschliessbar. Auto-Pulse-Technologie hält den Luftstrom konstant hoch, automatisches Split-Filter-Reinigungssystem, zertifiziert nach Filterklasse H13 (EN1822). Nennstrom 10 A, max. Vakuum 250 mbar, Luftstrom 133.2 m³/h, Behältervolumen 35 L, Gewicht 16 kg.;H13-zertifizierter Industriesauger mit konstant hohem Luftstrom für Gefahrstoffe.;Behältervolumen 35 L, 230V, Gewicht 16 kg.;https://shop.ferronato.ch/de/product/8253/husqvarna-staubsauger-de-35-h?CatID=216;Plattenleger;1.0;050-301;Nicht an Lager;Plattenleger (Hauptkategorie);Starke Husqvarna-Marke, zertifizierte Absaugung für den Baustellenalltag.
08 Staub & Absaugung;Sauger 230 V;;3;Husqvarna DE 110 H Staubsauger 230 V;https://shop.ferronato.ch/images/product/large/6994.png;Husqvarna DE 110 H Staubabsauger der H-Klasse, 230 V, kompakt und leicht transportierbar. HMI-Leistungsüberwachung, e-Flow-Luftstromanpassung, starker Wasserschutz. Eingangsleistung 1.1 kW, Luftstrom 210 m³/h, 1x HEPA-Filter, Gewicht 25 kg.;Kompakter H-Klasse-Sauger mit stabilem Luftstrom für lange Reinigungsintervalle.;Inkl. 5-m-Saugschlauch, Vakuumleiste, Abstreifer und Mehrfachadapter.;https://shop.ferronato.ch/de/product/6994/husqvarna-de-110-h-staubsauger-230-v?CatID=216;Plattenleger;1.0;050-366;Nicht an Lager;Elektrogeräte, 230 Volt;Wichtige Profi-Absaugung, aber grössere Investition mit selteneren Neukäufen.
08 Staub & Absaugung;Sauger 230 V;;3;Husqvarna DE 130 Staubsauger (230V) mit Auto-Pulse-Technologie;https://shop.ferronato.ch/images/product/large/6901.png;Husqvarna DE 130 H/HEPA-Staubabsauger, 230 V, mit Auto-Pulse-Technologie für konstanten Luftstrom und e-flow-Energieeinsparung bis 30%. Für Bodenvorbereitung, Schleif- und Vertikutierarbeiten. Eingangsleistung 3 kW, Luftstrom 415 m³/h, IP55, 2x HEPA-Filter 99.99%, Gewicht 48 kg.;Leistungsstarker H-Klasse-Sauger mit automatischer Filterreinigung.;Konnektivitätsfunktion für Standort- und Wartungsdaten, hochpreisiges Profigerät.;https://shop.ferronato.ch/de/product/6901/husqvarna-de-130-staubsauger-230v-mit-auto-pulse-technologie?CatID=216;Plattenleger;5.0;050-370;Nicht an Lager;Elektrogeräte, 230 Volt;Wichtige Profi-Absaugung, aber grosse Investition, seltener Neukauf.
09 Akku-Maschinen & Zubehör;Akku-Bohrschrauber;;4;Flex Schlagbohrschrauber PD 2G 18.0 EC HD;https://shop.ferronato.ch/images/product/large/6333.jpg;FLEX Akku-Schlagbohrschrauber PD 2G 18.0 EC HD, bürstenloser Motor, Turbo-Modus (+27 Prozent Drehzahl), max. Drehmoment 158 Nm, 23 Drehmomentstufen, Bohrfutter 1,5-13 mm, 2-Gang-Getriebe, Gewicht ohne Akku 1,7 kg. Ohne Akku und Ladegerät.;Hohes Drehmoment von 158 Nm für kraftvolles Bohren und Schrauben.;Ohne Akku und Ladegerät, inkl. Handgriff und Gürtelclip.;https://shop.ferronato.ch/de/product/6333/flex-schlagbohrschrauber-pd-2g-18-0-ec-hd?CatID=216;Plattenleger;305.0;050-109;ab Lager;Elektrogeräte, Mit Akku;Vielseitige Kernmaschine für Bohr- und Schraubarbeiten.
09 Akku-Maschinen & Zubehör;Akku-Winkelschleifer;1;5;FLEX L 125 18.0-EC C Akku Winkelschleifer;https://shop.ferronato.ch/images/product/large/6009.jpg;FLEX Akku-Winkelschleifer L 125 18.0-EC C, bürstenloser Motor, Sanftanlauf, Anti-Kickback, Drehzahl 10000/min, M14, Gewicht ohne Akku 1,6 kg. Ohne Akku, Ladegerät und Schleifscheibe geliefert.;Leichter Akku-Winkelschleifer mit bürstenlosem Motor für flexiblen Einsatz.;Kompatibel mit allen FLEX 18-V-Akkus, günstige Einstiegsvariante.;https://shop.ferronato.ch/de/product/6009/flex-l-125-18-0-ec-c-akku-winkelschleifer?CatID=216;Plattenleger;205.0;050-320;ab Lager;Elektrogeräte, Mit Akku;FLEX L 125 18.0-EC C Akku-Winkelschleifer, die meistgekaufte Akkumaschine.
09 Akku-Maschinen & Zubehör;Akku-Winkelschleifer;2;5;FLEX LBE 125 18.0-EC C Akku Winkelschleifer;https://shop.ferronato.ch/images/product/large/5785.jpg;FLEX Akku-Winkelschleifer LBE 125 18.0-EC C, bürstenloser Motor, elektronische Bremse (3 Sek.), Anti-Kickback, Drehzahl 3500-9000/min je Stufe, M14, Gewicht ohne Akku 1,85 kg. Ohne Akku und Ladegerät geliefert.;Kabelloser Winkelschleifer mit bürstenlosem Motor für flexibles Arbeiten.;Kompatibel mit allen FLEX 18-V-Akkus, ohne Akku und Ladegerät.;https://shop.ferronato.ch/de/product/5785/flex-lbe-125-18-0-ec-c-akku-winkelschleifer?CatID=216;Plattenleger;350.0;050-103;ab Lager;Elektrogeräte, Mit Akku;FLEX LBE 125 18.0-EC C mit Bremse, sichere Variante für Trennarbeiten.
09 Akku-Maschinen & Zubehör;Akku-Winkelschleifer;3;5;FLEX LB 125 Winkelschleifer 18.0-EC 5.0 SET;https://shop.ferronato.ch/images/product/large/7072.jpg;FLEX Akku-Winkelschleifer LB 125 18.0-EC im 5.0-Ah-Set, bürstenloser Motor, elektronische Bremse (Stopp ca. 3 s), max. Scheibendurchmesser 125 mm, Werkzeugaufnahme M14. Set inkl. 2x 5.0-Ah-Akku, Schnellladegerät, Koffereinlage und L-BOXX-Transportkoffer, Gewicht 1.85 kg ohne Akku.;Komplett-Set: Akku-Winkelschleifer inkl. Akkus, Ladegerät und Koffer.;Inkl. Schutzhaube, Handgriff und L-BOXX 136, Preis CHF 685.00.;https://shop.ferronato.ch/de/product/7072/flex-lb-125-winkelschleifer-18-0-ec-5-0-set?CatID=216;Plattenleger;685.0;050-464;Nicht an Lager;Elektrogeräte, Mit Akku;FLEX LB 125 Set 18.0-EC 5.0, Komplettset mit Akku und Ladegerät.
09 Akku-Maschinen & Zubehör;Akku-Winkelschleifer;;5;FLEX LB 125 18.0-EC C Akku Winkelschleifer ohne Akku;https://shop.ferronato.ch/images/product/large/6656.jpg;FLEX Akku-Winkelschleifer mit bürstenlosem Motor, elektronischer Bremse (Stopp in 3 s), Anti-Kickback und Sanftanlauf. Max. Scheibendurchmesser 125 mm, Werkzeugaufnahme M14, Leerlaufdrehzahl 3500-9000 1/min. Betrieb mit allen FLEX 18-V-Akkus, ohne Akku und Ladegerät geliefert.;Bürstenloser Akku-Winkelschleifer mit hoher Sicherheit und Effizienz.;Gewicht 1.85 kg ohne Akku, inkl. Schutzhaube und Zusatzhandgriff.;https://shop.ferronato.ch/de/product/6656/flex-lb-125-18-0-ec-c-akku-winkelschleifer-ohne-akku?CatID=216;Plattenleger;325.0;050-321;ab Lager;Elektrogeräte, Mit Akku;Kernwerkzeug: Akku-Winkelschleifer gehört zur Grundausrüstung jedes Plattenlegers.
09 Akku-Maschinen & Zubehör;Akku-Winkelschleifer;;4;FLEX Akku Winkelschleifer LBE 76 12-EC SET;https://shop.ferronato.ch/images/product/large/7688.jpg;Komplettset des kompakten Akku-Mini-Winkelschleifers LBE 76 12 mit Ladegerät, Akku-Pack 5.0 Ah, Schutzhaube, Gürtelclip, Staubabsaug-Adapter, zwei Metalltrennscheiben, einer Carbide-Scheibe, einer Schruppscheibe und Tragetasche. 12V, max. Scheibendurchmesser 76 mm, Leerlaufdrehzahl 5000-20000 1/min, Gewicht 0.85 kg.;Einsatzbereites Komplettset des Mini-Winkelschleifers inklusive Akku und Zubehör.;Inkl. Akku, Ladegerät und mehreren Scheiben, Preis CHF 319.00.;https://shop.ferronato.ch/de/product/7688/flex-akku-winkelschleifer-lbe-76-12-ec-set?CatID=216;Plattenleger;319.0;050-694;ab Lager;Elektrogeräte, Mit Akku;Sofort einsatzbereites FLEX-Set, spart separate Zubehörbeschaffung.
09 Akku-Maschinen & Zubehör;Akku-Winkelschleifer;;4;FLEX LBE 76 12-EC C Winkelschleifer;https://shop.ferronato.ch/images/product/large/7409.jpg;Kompakter Akku-Mini-Winkelschleifer mit bürstenlosem Motor, Forward/Reverse-Funktion und um 180° drehbarem Kopf für Trenn- und Schleifarbeiten. Elektronische Bremse, Anti-Kickback, LED-Licht. 12V, max. Scheibendurchmesser 76 mm, Leerlaufdrehzahl 5000-20000 1/min, 0.85 kg, ohne Akku und Ladegerät.;Kompakter 12V-Akku-Winkelschleifer für Rechts- und Linkshänder dank drehbarem Kopf.;Ohne Akku/Ladegerät, FLEX 12V-System, Preis CHF 215.00.;https://shop.ferronato.ch/de/product/7409/flex-lbe-76-12-ec-c-winkelschleifer?CatID=216;Plattenleger;215.0;050-668;ab Lager;Elektrogeräte, Mit Akku;Starke FLEX-Marke, vielseitig für Trenn- und Schleifarbeiten im Alltag.
09 Akku-Maschinen & Zubehör;Akku-Winkelschleifer;;4;FLEX LBP 125-15 18-EC C Winkelschleifer;https://shop.ferronato.ch/images/product/large/7322.jpg;FLEX LBP 125-15 Akku-Winkelschleifer für industrielle Anwendungen, besonders Trennen und Schleifen von Metall. Bürstenloser Motor, elektronische Bremse, Totmann-Schalter, max. Scheibendurchmesser 125 mm, Werkzeugaufnahme M14, 18 V. Ohne Akku und Ladegerät, Gewicht 1.9 kg.;Industrietauglicher Akku-Winkelschleifer mit Totmann-Sicherheitsschalter.;Inkl. Schutzhaube, Spannflansch und SoftVib-Handgriff, Preis CHF 340.00.;https://shop.ferronato.ch/de/product/7322/flex-lbp-125-15-18-ec-c-winkelschleifer?CatID=216;Plattenleger;340.0;050-540;Nicht an Lager;Elektrogeräte, Mit Akku;Robustes Kernwerkzeug für professionelle Trenn- und Schleifarbeiten.
09 Akku-Maschinen & Zubehör;Akkus & Ladegeräte;4;5;FLEX Akku AP 18.0 Volt / 2.5Ah / 5.0 Ah / 8Ah;https://shop.ferronato.ch/images/product/large/6864.jpg;FLEX Akku-Pack Li-Ion, 18 V, mit Lade-/Entladeschutz, Ladezustandsanzeige, Staub- und Spritzwasserschutz. Erhältlich in 2.5 Ah, 5.0 Ah und 8.0 Ah, Gewicht 0.45-1.15 kg.;Ersatz- oder Zusatzakku für alle FLEX 18-V-Maschinen.;Kapazitäten 2.5/5.0/8.0 Ah einzeln erhältlich, Preis ab CHF 102.00.;https://shop.ferronato.ch/de/product/6864/flex-akku-ap-18-0-volt-2-5ah-5-0-ah-8ah?CatID=216;Plattenleger;102.0;;;Elektrogeräte, Mit Akku;FLEX Akku AP 18.0 in 2.5, 5.0 und 8 Ah, laufender Nachkauf im Akku-System.
09 Akku-Maschinen & Zubehör;Akkus & Ladegeräte;6;4;FLEX Akku Pack P-Set 88 R;https://shop.ferronato.ch/images/product/large/6493.png;FLEX Starter-Set mit Schnellladegerät 10.8/18 V und zwei Akkus 8 Ah, 18 V. Passend für alle FLEX 18-V-Akkumaschinen.;Leistungsstarkes Akku-Starterset für langes, unterbruchsfreies Arbeiten.;Enthält 2x 8-Ah-Akkus, kompatibel mit dem gesamten FLEX-Akkuprogramm.;https://shop.ferronato.ch/de/product/6493/flex-akku-pack-p-set-88-r?CatID=216;Plattenleger;479.0;050-197 8.0;Nicht an Lager;Plattenleger (Hauptkategorie);FLEX Akku Pack P-Set 88 R, günstiger Einstieg ins 18-V-System.
09 Akku-Maschinen & Zubehör;Akkus & Ladegeräte;;4;FLEX Akku Pack P-Set 55 R;https://shop.ferronato.ch/images/product/large/6494.jpg;FLEX Starter-Set mit Schnellladegerät 10.8/18 V und zwei Akku-Packs 5 Ah, 18 V. Passend für alle FLEX 18-V-Akkumaschinen.;Günstiges Akku-Starterset für den Alltag auf der Baustelle.;Enthält 2x 5-Ah-Akkus, kompatibel mit dem gesamten FLEX-Akkuprogramm.;https://shop.ferronato.ch/de/product/6494/flex-akku-pack-p-set-55-r?CatID=216;Plattenleger;279.0;050-197 5.0;ab Lager;Plattenleger (Hauptkategorie);Häufig nachgefragtes Basis-Akkuset für FLEX-Maschinen.
09 Akku-Maschinen & Zubehör;Akkus & Ladegeräte;;3;FLEX Akku Pack P-Set 22 Q 18 Volt und zwei Akku 2.5Ah 18V;https://shop.ferronato.ch/images/product/large/6694.jpg;FLEX Akku-Starterpaket mit Ladegerät 18 V und zwei Akku-Packs 2.5 Ah, 18 V. Li-Ion mit Lade-/Entladeschutz, Ladezustandsanzeige, Staub- und Spritzwasserschutz.;Günstiger Einstieg ins FLEX-18-V-Akkusystem.;Enthält 2x 2.5-Ah-Akkus und ein Ladegerät, Preis CHF 159.00.;https://shop.ferronato.ch/de/product/6694/flex-akku-pack-p-set-22-q-18-volt-und-zwei-akku-2-5ah-18v?CatID=216;Plattenleger;159.0;050-197 2.5;ab Lager;Elektrogeräte, Mit Akku;Einstiegs-Set, kleinere Akkukapazität als andere P-Sets.
09 Akku-Maschinen & Zubehör;Akkus & Ladegeräte;;3;FLEX Doppel-Ladegerät CA 2x 12/18V;https://shop.ferronato.ch/images/product/large/6948.jpg;FLEX Doppel-Schnellladegerät für zwei Akkus gleichzeitig, 12 V und 18 V, je 150 W. LED-Ladezustandsanzeige, integrierte Akkupackkühlung, Überhitzungs-, Entladungs- und Überlastschutz. Kompatibel mit FLEX STACK PACK System. Ladezeit 18-V-Akkus: 2.5 Ah/40 min, 5.0 Ah/60 min, 8.0 Ah/95 min.;Ladet zwei FLEX-Akkus gleichzeitig, schnell und ohne Wartezeit.;Wandmontage möglich, kompatibel mit STACK-PACK-Boxen, Preis CHF 195.00.;https://shop.ferronato.ch/de/product/6948/flex-doppel-ladeger-t-ca-2x-12-18v?CatID=216;Plattenleger;195.0;050-384;Nicht an Lager;Elektrogeräte, 230 Volt;Praktisches Effizienz-Zubehör, aber kein Kernprodukt für jeden Betrieb.
09 Akku-Maschinen & Zubehör;Baustellenlicht & Ventilator;;3;FLEX Akku-Baustrahler mit Stativ TL 4000 18.0/230V;https://shop.ferronato.ch/images/product/large/6783.jpg;FLEX Akku-Baustrahler mit Stativ, 3 Helligkeitsstufen (1000/2000/4000 Lumen), Multifunktionskopf mit 2 Drehachsen. Höhenverstellbares Stativ 1.1-2.2 m mit 1/4-Zoll-Anschluss. Betrieb mit 18-V-Akku oder 230 V, Gewicht 8.2 kg ohne Akku.;Leistungsstarker Akku-Baustrahler mit flexibler Ausleuchtung und Stativ.;USB-C-Ladeanschluss, ohne Akku und Ladegerät geliefert, inkl. Stativ.;https://shop.ferronato.ch/de/product/6783/flex-akku-baustrahler-mit-stativ-tl-4000-18-0-230v?CatID=216;Plattenleger;360.0;050-438;ab Lager;Elektrogeräte, Mit Akku;Nützliche Baustellenbeleuchtung, aber kein regelmässiger Wiederkauf.
09 Akku-Maschinen & Zubehör;Baustellenlicht & Ventilator;;3;FLEX LED Akku Baustrahler CL 10000 10.8/18.0;https://shop.ferronato.ch/images/product/large/6277.jpg;FLEX Akku-Baustrahler CL 10000, bis 3000 Lumen, 5 Helligkeitsstufen, Farbtemperatur 5000 K, drehbarer Leuchtkörper 215°, Gewicht ohne Akku 3,6 kg. Kompatibel mit FLEX 10,8-V- und 18-V-Akkus, ohne Akku und Ladegerät.;Kraftvolle Baustellenbeleuchtung für grössere Flächen.;Ohne Akku und Ladegerät, robustes Gehäuse.;https://shop.ferronato.ch/de/product/6277/flex-led-akku-baustrahler-cl-10000-10-8-18-0?CatID=216;Plattenleger;360.0;050-296;ab Lager;Elektrogeräte, Mit Akku;Nützliches Zubehör, nicht in jedem Betrieb im Kernsortiment.
09 Akku-Maschinen & Zubehör;Baustellenlicht & Ventilator;;3;FLEX LED Akku Baustrahler CL 5000 10.8/18.0;https://shop.ferronato.ch/images/product/large/6257.jpg;FLEX Akku-Baustrahler CL 5000, 5000 Lumen, 5 Helligkeitsstufen plus Eco, Farbtemperatur 5000 K, drehbarer Leuchtkörper 215°, IP65, USB-C-Ausgang, Gewicht ohne Akku 1,9 kg. Kompatibel mit FLEX 10,8-V- und 18-V-Akkus, ohne Akku und Ladegerät.;Helle, robuste Baustellenbeleuchtung mit Memory-Funktion und USB-C-Ausgang.;Ohne Akku und Ladegerät, auch als 10000-Lumen-Version erhältlich.;https://shop.ferronato.ch/de/product/6257/flex-led-akku-baustrahler-cl-5000-10-8-18-0?CatID=216;Plattenleger;220.0;050-295;ab Lager;Elektrogeräte, Mit Akku;Nützliches Zubehör, nicht in jedem Betrieb im Kernsortiment.
09 Akku-Maschinen & Zubehör;Baustellenlicht & Ventilator;;2;FLEX Akku Ventilator 18.0/230 V;https://shop.ferronato.ch/images/product/large/6781.jpg;FLEX Akku-Ventilator mit stufenloser Luftmengenregulierung, schwenkbarem Kopf (180°), Haken- sowie 1/4- und 5/8-Zoll-Aufnahme. Betrieb mit 18-V-Akku oder 230-V-Netzteil. Leerlaufdrehzahl 2900 1/min, Luftvolumen 18.25 m³/min, Gewicht 2.5 kg.;Flexibler Baustellen-Ventilator, betreibbar mit Akku oder Netzteil.;Laufzeit ca. 2.2 h mit 2.5-Ah- bzw. 4.5 h mit 5.0-Ah-Akku, ohne Akku geliefert.;https://shop.ferronato.ch/de/product/6781/flex-akku-ventilator-18-0-230-v?CatID=216;Plattenleger;140.0;050-436;ab Lager;Elektrogeräte, Mit Akku;Praktisches Zubehör, aber kein häufig nachgekauftes Kernprodukt.
09 Akku-Maschinen & Zubehör;Multitool & Zubehör;5;4;FLEX MT 18.0-EC C Akku Multitool;https://shop.ferronato.ch/images/product/large/6066.jpg;FLEX Akku-Multitool MT 18.0-EC C, StarlockMAX-Aufnahme, bürstenloser Motor, Oszillationswinkel 2x2°, Drehzahl 10000-20000/min, LED-Doppellicht, Gewicht ohne Akku 1,3 kg. Für Sägen, Schneiden, Abkratzen von Fugenmörtel, Kleber, Silikon, Farbe. Ohne Akku, Ladegerät, Sägeblatt.;Vielseitiges Multitool zum Entfernen von altem Fugenmörtel, Kleber und Silikon.;StarlockMAX-Aufnahme für alle Starlock-Zubehörteile.;https://shop.ferronato.ch/de/product/6066/flex-mt-18-0-ec-c-akku-multitool?CatID=216;Plattenleger;255.0;050-272;ab Lager;Elektrogeräte, Mit Akku;FLEX MT 18.0-EC C Akku-Multitool für Ausschnitte und Fugenarbeiten.
09 Akku-Maschinen & Zubehör;Multitool & Zubehör;;3;FEIN Hartmetall-Raspel SL Verpackungseinheit 1 Stk Kantenlänge 80 mm;https://shop.ferronato.ch/images/product/large/6283.jpg;Hartmetall-Raspel für Multitool, Dreiecksform mit 80 mm Kantenlänge, zum Grobschliff von Spachtelmasse, Fliesenkleber, Beton, Stein, Holz. Mit Lochung für Staubabsaugung, Starlock-Aufnahme, 1 Stück.;Grober Materialabtrag von Fliesenkleber und Spachtelmasse mit Staubabsaugung.;Dreiecksform, Starlock-kompatibel.;https://shop.ferronato.ch/de/product/6283/fein-hartmetall-raspel-sl-verpackungseinheit-1-stk-kantenl-nge-80-mm?CatID=216;Plattenleger;41.5;050-003 HRSL;ab Lager;Plattenleger (Hauptkategorie);Praktisch zum Kleberabtrag, aber Ergänzungszubehör.
09 Akku-Maschinen & Zubehör;Multitool & Zubehör;;3;FEIN Segmentmesser SLM Diamant 1.2 mm;https://shop.ferronato.ch/images/product/large/6280.jpg;Diamant-Segmentmesser SLM für Multitool, Schnittbreite 1,2 mm, StarlockMax-Aufnahme, zum Austrennen von Marmor-, Epoxidharz- und Trassfugen, auch für harte Epoxid- und Zementfugen. 5 Stück pro Packung.;Präzises Austrennen dünner Fugen ohne Überschnitt in Ecken und Kanten.;Extra dünne 1,2-mm-Ausführung, 5er-Packung.;https://shop.ferronato.ch/de/product/6280/fein-segmentmesser-slm-diamant-1-2-mm?CatID=216;Plattenleger;496.5;050-003 SM12;Nicht an Lager;Plattenleger (Hauptkategorie);Nützliches Multitool-Zubehör für Fugensanierung, kein Kernprodukt.
09 Akku-Maschinen & Zubehör;Multitool & Zubehör;;3;FEIN Segmentmesser SLM Diamant 2.2 mm;https://shop.ferronato.ch/images/product/large/6281.jpg;Diamant-Segmentmesser SLM für Multitool, Schnittbreite 2,2 mm, StarlockMax-Aufnahme, zum Austrennen von Marmor-, Epoxidharz- und Trassfugen, auch für harte Epoxid- und Zementfugen. 5 Stück pro Packung.;Austrennen breiterer Fugen ohne Überschnitt in Ecken und Kanten.;2,2-mm-Ausführung, 5er-Packung.;https://shop.ferronato.ch/de/product/6281/fein-segmentmesser-slm-diamant-2-2-mm?CatID=216;Plattenleger;470.0;050-003 SM22;ab Lager;Plattenleger (Hauptkategorie);Nützliches Multitool-Zubehör für Fugensanierung, kein Kernprodukt.
09 Akku-Maschinen & Zubehör;Multitool & Zubehör;;2;FEIN E-Cut Metall-Sägeblatt SLM HM Carbide Pro;https://shop.ferronato.ch/images/product/large/6284.jpg;Tauchsägeblatt E-Cut Carbide Pro, TiN-beschichtetes Hartmetall, 100 Prozent höhere Standzeit als unbeschichtetes Hartmetall, 30-fach höher als HSS. Für Eisenmetalle, Edelstahl, Kupferrohre. Abmessung 78x32 mm, StarlockMax, 5 Stück.;Extrem verschleissfestes Tauchsägeblatt für harte Metalle.;5er-Packung, StarlockMax-Aufnahme.;https://shop.ferronato.ch/de/product/6284/fein-e-cut-metall-s-geblatt-slm-hm-carbide-pro?CatID=216;Plattenleger;147.25;050-003 SLM HM;ab Lager;Plattenleger (Hauptkategorie);Spezialzubehör für Metallschnitte, geringe Kaufhäufigkeit.
09 Akku-Maschinen & Zubehör;Multitool & Zubehör;;2;FEIN E-Cut Sägeblatt SLP U-BIM 60x44mm;https://shop.ferronato.ch/images/product/large/6282.jpg;E-Cut Universal-Sägeblatt Bi-Metall mit gewellter Universalverzahnung für Blech bis 2 mm, Alu-Profile, Kupferrohre, Holz, Gipskarton, Kunststoffe. Länge 60 mm, 5 Stück pro Packung.;Universalsägeblatt für vielseitige Trennschnitte am Multitool.;5er-Packung, Länge 60 mm.;https://shop.ferronato.ch/de/product/6282/fein-e-cut-s-geblatt-slp-u-bim-60x44mm?CatID=216;Plattenleger;83.0;050-003 SLP U-BIM;Nicht an Lager;Plattenleger (Hauptkategorie);Universalzubehör, kein plattenlegerspezifisches Kernprodukt.
09 Akku-Maschinen & Zubehör;Multitool & Zubehör;;2;FEIN Schleifplatte extra flach SL 3-Eck 81mm Starlock;https://shop.ferronato.ch/images/product/large/6286.png;Schleifplatte extra flach, Kunststoff-Trägerplatte, Dreiecksform mit 80 mm Kantenlänge, Klettenhaftteil, Starlock-kompatibel, 1 Stück.;Flache Trägerplatte für Schleifarbeiten in engen Zwischenräumen.;Standardausführung, extra flach.;https://shop.ferronato.ch/de/product/6286/fein-schleifplatte-extra-flach-sl-3-eck-81mm-starlock?CatID=216;Plattenleger;23.6;050-003 SP2;ab Lager;Plattenleger (Hauptkategorie);Reines Verschleissteil, geringer Einzelwert.
09 Akku-Maschinen & Zubehör;Multitool & Zubehör;;2;FEIN Schleifplatte ungelocht SL 3-Eck 81mm;https://shop.ferronato.ch/images/product/large/6285.jpg;Schleifplatte ungelocht, Kunststoff-Trägerplatte, Dreiecksform 80x80x80 mm, Klettenhaftteil, Starlock-kompatibel, 1 Stück.;Schützende Trägerplatte für präzises Kantenschleifen mit dem Multitool.;Standardausführung, ungelocht.;https://shop.ferronato.ch/de/product/6285/fein-schleifplatte-ungelocht-sl-3-eck-81mm?CatID=216;Plattenleger;19.9;050-003 SP1;ab Lager;Plattenleger (Hauptkategorie);Reines Verschleissteil, geringer Einzelwert.
10 Maschinen 230 V;Betonschleifer;5;3;FLEX  LD 24-6 180 Betonschleifer;https://shop.ferronato.ch/images/product/large/5750.jpg;FLEX Betonschleifer LD 24-6 180 mit Absaughaube, elastischem Gummiabsaugring, Sanftanlauf, 2400 Watt, 6500/min, Scheibendurchmesser 180 mm, M14, Gewicht 6,6 kg. Für grossflächiges Abtragen und Anschleifen von Altbeton, Zementputz, Beschichtungen. Set mit Diamantschleifteller, Absaughaube, Bügelhandgriff, Transportkoffer.;Kraftvolles Grossflächenschleifen von Beton mit integrierter Staubabsaugung.;Saugschlauch und Adapter nicht im Lieferumfang enthalten.;https://shop.ferronato.ch/de/product/5750/flex-ld-24-6-180-betonschleifer?CatID=216;Plattenleger;1.0;050-021;Nicht an Lager;Elektrogeräte, 230 Volt;FLEX LD 24-6 180 Betonschleifer für grossflächigen Untergrundabtrag.
10 Maschinen 230 V;Betonschleifer;;3;FLEX Aktion LDE 16-8 125 R, Kit Thermo-Super Betonschleifer #FLEX#Bodenbearbeitung;https://shop.ferronato.ch/images/product/large/7550.jpg;Netzbetriebener Betonschleifer mit Staubabsaugung, schwenkbarer und höhenverstellbarer Schutzhaube, vibrationsgedämpftem Bügelhandgriff. Geeignet zum Abschleifen von Beton, Anschleifen von Altbeton, Zementputz und Sinterschicht. Leistungsaufnahme 1600 Watt, Scheibendurchmesser 125 mm, M14, Leerlaufdrehzahl 4500-7800 1/min, 3.1 kg, inkl. Diamantschleiftopf, Absaughaube und Transportkoffer.;Staubarmer Betonschleifer mit optimal abgestimmtem Diamantschleiftopf im Set.;Inkl. Diamantschleiftopf, Absaughaube und Koffer, Preis CHF 765.00.;https://shop.ferronato.ch/de/product/7550/flex-aktion-lde-16-8-125-r-kit-thermo-super-betonschleifer-flex-bodenbearbeitung?CatID=216;Plattenleger;765.0;050-642;Nicht an Lager;Elektrogeräte, 230 Volt;Spezialmaschine für Bodenbearbeitung, hochpreisig, nicht bei jedem im Einsatz.
10 Maschinen 230 V;Druckluft-Werkzeuge;;2;Druckluft Winkelschleifer Mini;https://shop.ferronato.ch/images/product/large/4132.jpg;Druckluft-Winkelschleifer Mini, 12000 U/min, Luftbedarf 200 l/min, Luftdruck 4-5 bar, inklusive Klett-Aufnahmeteller Ø50 mm, Gewicht 0.9 kg. Für Schleifen und Polieren engster Radien und kleiner Flächen, ideal zum Fasenschleifen von Beckenausschnitten, Trockeneinsatz mit KS-Dry-Mini-Belägen.;Leichter Druckluft-Winkelschleifer für Radien und kleine Flächen.;12000 U/min, Gewicht 0.9 kg, Preis CHF 282.00.;https://shop.ferronato.ch/de/product/4132/druckluft-winkelschleifer-mini?CatID=216;Plattenleger;282.0;060-082;ab Lager;Plattenleger (Hauptkategorie);Spezialmaschine für kleine Radien, benötigt Druckluftversorgung.
10 Maschinen 230 V;Schleif- & Poliermaschinen;4;4;FLEX SE 14-2 150 Set Supraflex;https://shop.ferronato.ch/images/product/large/3133.jpg;FLEX SE 14-2 150 Set Supraflex, 1400 Watt Motor, VR-Elektronik mit Drehzahlvorwahl und Überlastungsschutz, Planeten- und Winkelgetriebe für geringe Geräuschentwicklung. Max. Stütztellerdurchmesser 150 mm, Drehzahl 600-2100 U/min, Aufnahme M14, Gewicht 2.6 kg, inkl. L-Boxx.;Kraftvoller Schleif-Spezialist zum Sanieren und Renovieren von Stein und Metall.;Inkl. Schutzhaube, Zusatzgriff, Klett-Schleifteller und L-Boxx, CHF 770.00.;https://shop.ferronato.ch/de/product/3133/flex-se-14-2-150-set-supraflex?CatID=216;Plattenleger;770.0;050-006;ab Lager;Elektrogeräte, 230 Volt;FLEX SE 14-2 150 Supraflex Set zum Schleifen und Polieren von Naturstein.
10 Maschinen 230 V;Schleif- & Poliermaschinen;;3;FLEX OSE 2-80 EC Set Schwingschleifer;https://shop.ferronato.ch/images/product/large/7882.jpg;Kompakter, bürstenloser Einhand-Schwingschleifer mit integrierter Staubabsaugung und Filterpatrone, Tellerbremse gegen Schleifriefen, E-Signal-Schalter mit Schnell-Stopp. Leistungsaufnahme 260 Watt, Schleifplatte 130x80 mm, 12-Lochsystem, Leerlaufdrehzahl 16000-24000 1/min, Gewicht 1.2 kg, inkl. Transportkoffer.;Vibrationsarmer, staubfreier Schwingschleifer für ermüdungsfreies Feinschleifen.;Inkl. Filterpatrone und Transportkoffer, Preis CHF 370.00.;https://shop.ferronato.ch/de/product/7882/flex-ose-2-80-ec-set-schwingschleifer?CatID=216;Plattenleger;370.0;050-744;Nicht an Lager;Elektrogeräte, 230 Volt;Universalmaschine für Feinschliff, nicht bei jedem Plattenleger im täglichen Einsatz.
10 Maschinen 230 V;Schleif- & Poliermaschinen;;3;FLEX SE 14-2 125 Supraflex Set;https://shop.ferronato.ch/images/product/large/5167.jpg;FLEX Poliermaschine SE 14-2 125, 1400 Watt, Drehzahl 600-2100/min, Aufnahme M14, Gewicht 2,6 kg. Set mit Schutzhaube, Saugadapter, Zusatzhandgriff, Klett-Schleifteller, 4 Schleifblättern und L-Boxx-Koffer. Für Inox, Metall, Natur-/Kunststein und Holzoberflächen.;Vielseitiger Schleif-Spezialist mit Drehzahlregelung zum Sanieren und Polieren.;Komplettes Set inkl. Zubehör und Transportkoffer.;https://shop.ferronato.ch/de/product/5167/flex-se-14-2-125-supraflex-set?CatID=216;Plattenleger;745.0;050-010;ab Lager;Elektrogeräte, 230 Volt;Hochwertige FLEX-Maschine, spezialisiert auf Oberflächenbearbeitung.
10 Maschinen 230 V;Stockmaschinen;;2;FLEX ST 1503 Stockmaschine Ø100 mm;https://shop.ferronato.ch/images/product/large/3129.jpg;FLEX ST 1503 Stockmaschine Ø100 mm zum Stocken und Aufrauen von Natur- oder Kunststein wie Granit, Sandstein und Beton. Staubabsaugung für bewohnte Gebäude, 60 Hartmetallspitzen, 1200 Watt Motor, 4000 U/min, Werkzeugdurchmesser 100 mm, Gewicht 4.4 kg, mit Koffer.;FLEX-Stockmaschine zum schnellen, präzisen Aufrauen von Stein und Beton.;1200 Watt, inkl. Bügelgriff und Koffer, Preis auf Anfrage.;https://shop.ferronato.ch/de/product/3129/flex-st-1503-stockmaschine-100-mm?CatID=216;Plattenleger;1.0;050-028;ab Lager;Elektrogeräte, 230 Volt;Spezialmaschine fürs Stocken, seltener im Alltag gebraucht.
10 Maschinen 230 V;Stockmaschinen;;2;FLEX ST 804 Stockmaschine Ø150mm mit 4 Stockstationen;https://shop.ferronato.ch/images/product/large/6323.jpg;FLEX Stockmaschine ST 804 mit 4 Stockstationen, 80 Hartmetallspitzen, 1800 Watt, 4000/min, Werkzeugdurchmesser 150 mm, Staubabsaugung, Gewicht 6,95 kg. Zum Stocken und Aufrauen von Natur- und Kunststein sowie Beton.;Präzises Stocken und Aufrauen von Stein- und Betonoberflächen.;4 Stockstationen im Lieferumfang, Staubabsaugung integriert.;https://shop.ferronato.ch/de/product/6323/flex-st-804-stockmaschine-150mm-mit-4-stockstationen?CatID=216;Plattenleger;1.0;050-013;ab Lager;Elektrogeräte, 230 Volt;Spezialmaschine für Oberflächenaufrauung, Nischenanwendung.
10 Maschinen 230 V;Winkelschleifer 230 V;1;5;FLEX L3406 VRG Winkelschleifer;https://shop.ferronato.ch/images/product/large/3125.jpg;FLEX L3406 VRG Winkelschleifer mit VR-Mikroprozessor-Elektronik: Drehzahlvorwahl, Sanftanlauf, Überlastungsschutz, Temperaturüberwachung. Max. Schleifkörper Ø125 mm, Polierkörper Ø160 mm, Leerlaufdrehzahl 2100-7500 U/min, 1400 Watt, Aufnahme M14, Gewicht 2.2 kg, Kabellänge 4 m.;Universeller FLEX-Winkelschleifer zum Schleifen und Polieren mit stufenloser Drehzahl.;1400 Watt, M14-Aufnahme, inkl. Schutzhaube und Softvib-Griff, CHF 360.00.;https://shop.ferronato.ch/de/product/3125/flex-l3406-vrg-winkelschleifer?CatID=216;Plattenleger;360.0;050-184;Nicht an Lager;Elektrogeräte, 230 Volt;FLEX L3406 VRG Winkelschleifer, robuster Klassiker mit Drehzahlregelung.
10 Maschinen 230 V;Winkelschleifer 230 V;2;4;FLEX L 12-11 125 Winkelschleifer;https://shop.ferronato.ch/images/product/large/6253.jpg;FLEX Winkelschleifer L 12-11 125, 1200 Watt, 11500/min, M14, extrem leicht und handlich, Anti-Kickback, ergonomischer Seitenhandgriff, Gewicht 2,0 kg.;Leichter, universeller Winkelschleifer für den täglichen Einsatz.;Kompakte Bauform, 300x105 mm.;https://shop.ferronato.ch/de/product/6253/flex-l-12-11-125-winkelschleifer?CatID=216;Plattenleger;185.0;050-294;Nicht an Lager;Elektrogeräte, 230 Volt;FLEX L 12-11 125 Winkelschleifer, günstiges Arbeitstier für Trennscheiben.
10 Maschinen 230 V;Winkelschleifer 230 V;3;4;FLEX LB 17-11 Winkelschleifer Ø125mm Aufnahme M 14;https://shop.ferronato.ch/images/product/large/5754.jpg;FLEX Winkelschleifer LB 17-11, 1700 Watt, 11500/min, M14, mechanische Bremse (3,5 Sek.), Anti-Kickback, Spindelarretierung, Gewicht 2,6 kg. Set mit Schutzhaube, SoftVib-Handgriff, Spannflansch, Spannmutter.;Kraftvoller 1700-Watt-Winkelschleifer mit mechanischer Sicherheitsbremse.;SoftVib-Handgriff mit integriertem Spannmutternschlüssel.;https://shop.ferronato.ch/de/product/5754/flex-lb-17-11-winkelschleifer-125mm-aufnahme-m-14?CatID=216;Plattenleger;290.0;050-179;Nicht an Lager;Elektrogeräte, 230 Volt;FLEX LB 17-11 Ø125 M14 mit Bremse für sicheres Trennen von Keramik.
10 Maschinen 230 V;Winkelschleifer 230 V;;4;FLEX Aktion Winkelschleifer Set LBE 17-11 inkl. L12-11;https://shop.ferronato.ch/images/product/large/5529.jpg;Set aus zwei FLEX Winkelschleifern: LBE 17-11 125 (1700 Watt, 2800-11500/min, mechanische Bremse, Anti-Kickback, M14) und L 12-11 125 (1200 Watt, 11500/min, M14). Beide mit Schutzhaube, Handgriff, Spannflansch und Spannmutter.;Zwei hochwertige FLEX-Winkelschleifer im Aktionsset zum Vorteilspreis.;Aktionspreis für zwei Maschinen statt Einzelkauf.;https://shop.ferronato.ch/de/product/5529/flex-aktion-winkelschleifer-set-lbe-17-11-inkl-l12-11?CatID=216;Plattenleger;329.0;050-000 AKT01;ab Lager;Elektrogeräte, 230 Volt;Starke FLEX-Marke, Aktion, zwei Kernmaschinen im Set.
10 Maschinen 230 V;Winkelschleifer 230 V;;4;FLEX L 1400 125 Winkelschleifer;https://shop.ferronato.ch/images/product/large/6296.jpg;FLEX Winkelschleifer L 1400 125, 1400 Watt, 11500/min, M14, werkzeuglos verstellbare Schutzhaube mit Spannhebel, Gewicht 2,3 kg.;Kompakter Einstiegs-Winkelschleifer mit werkzeugloser Schutzhaube.;Länge 310 mm, arretierbarer Schiebeschalter.;https://shop.ferronato.ch/de/product/6296/flex-l-1400-125-winkelschleifer?CatID=216;Plattenleger;149.0;050-293;Nicht an Lager;Elektrogeräte, 230 Volt;Preisgünstiger FLEX-Winkelschleifer für den täglichen Einsatz.
10 Maschinen 230 V;Winkelschleifer 230 V;;4;FLEX L 1606 VR Winkelschleifer 230V;https://shop.ferronato.ch/images/product/large/7530.jpg;Netzbetriebener Winkelschleifer mit hoch belastbarem Motor, Mikroprozessor-Elektronik mit Sanftanlauf und Anti-Kickback, Drehzahlvorwahl in 6 Stufen. Leistungsaufnahme 1600 Watt, max. Scheibendurchmesser 125 mm, Werkzeugaufnahme M14, Leerlaufdrehzahl 2400-6800 1/min, Kabellänge 4 m, Gewicht 2.0 kg.;Leistungsstarker 230V-Winkelschleifer mit 6-stufiger Drehzahlvorwahl und Anti-Kickback.;1600 Watt, M14-Aufnahme, Preis CHF 375.00.;https://shop.ferronato.ch/de/product/7530/flex-l-1606-vr-winkelschleifer-230v?CatID=216;Plattenleger;375.0;050-686;ab Lager;Elektrogeräte, 230 Volt;Universalmaschine der starken FLEX-Marke, breit im Alltag einsetzbar.
10 Maschinen 230 V;Winkelschleifer 230 V;;4;FLEX Winkelschleifer 900 Watt LE 9-11 Ø125mm;https://shop.ferronato.ch/images/product/large/6968.jpg;FLEX Winkelschleifer mit 900 Watt, Mikroprozessor-Elektronik, 6-stufiger Drehzahlregelung, Anti-Kickback und Spindelarretierung. Max. Scheibendurchmesser 125 mm, Werkzeugaufnahme M14, Leerlaufdrehzahl 6000-11500 1/min, 230 V, Gewicht 2.0 kg.;Vielseitiger 230-V-Winkelschleifer für Metall, Bau und Renovierung.;Inkl. Schutzhaube, Handgriff, Spannflansch und Stirnlochschlüssel.;https://shop.ferronato.ch/de/product/6968/flex-winkelschleifer-900-watt-le-9-11-125mm?CatID=216;Plattenleger;160.0;050-394;Nicht an Lager;Elektrogeräte, 230 Volt;Bewährtes Grundwerkzeug für den täglichen Baustelleneinsatz.
11 Arbeitsschutz (PSA);Arbeitsschürzen;;2;Arbeitschürze AGRITEX 95x120;https://shop.ferronato.ch/images/product/large/2407.jpg;Arbeitsschürze AGRITEX 95x120 cm, grün, aus Polyestergewebe mit beidseitiger PVC-Beschichtung, reiss- und abriebfest, weitgehend öl-, fett- und säureresistent, Materialstärke 0.5 mm, längenverstellbare Schulter- und Bundbänder mit Klickverschlüssen.;Robuste, öl- und säurebeständige Arbeitsschürze mit Schulterbändern.;Grösse 95x120 cm, Gewicht 1 kg, Preis CHF 45.00.;https://shop.ferronato.ch/de/product/2407/arbeitsch-rze-agritex-95x120?CatID=216;Plattenleger / grün;45.0;090-028;ab Lager;PSA Plattenleger;Solide PSA-Schürze, aber nicht bei jeder Arbeit nötig.
11 Arbeitsschutz (PSA);Arbeitsschürzen;;2;Arbeitsschürze mit Schultertragriemen;https://shop.ferronato.ch/images/product/large/2413.jpg;Arbeitsschürze Anticid 90x110 cm, braun, mit Schultertragriemen und Bundband mit Klickverschluss. Polyestergewebe mit beidseitiger Nitrillatex-Beschichtung, sehr reiss- und abriebfest, Materialstärke 0.5 mm, Gewicht 900 g.;Reiss- und abriebfeste Schürze mit Schultertragriemen.;Grösse 90x110 cm, Preis CHF 99.00.;https://shop.ferronato.ch/de/product/2413/arbeitssch-rze-mit-schultertragriemen?CatID=216;Plattenleger / braun;99.0;090-008;Nicht an Lager;PSA Plattenleger;Solide PSA-Schürze für nasse und schmutzige Arbeiten.
11 Arbeitsschutz (PSA);Arbeitsschürzen;;2;PSA Arbeitschürze ANTICID, braun mit Halsriemen 90x140cm;https://shop.ferronato.ch/images/product/large/2414.jpg;PSA Arbeitschürze Anticid 90x140 cm, braun, mit Halsriemen und Bindebändel, kürzbar mit Schere oder Cutter. Polyestergewebe mit beidseitiger Nitrillatex-Beschichtung, sehr beständig gegen Öle, Fette, Säuren, Laugen und Heisswasser bis 100 Grad.;Grosse, säure- und hitzebeständige Schürze für Nassbereichsarbeiten.;Grösse 90x140 cm, Gewicht 850 g, Preis CHF 119.50.;https://shop.ferronato.ch/de/product/2414/psa-arbeitsch-rze-anticid-braun-mit-halsriemen-90x140cm?CatID=216;Plattenleger / braun;119.5;090-004;ab Lager;PSA Plattenleger;Solide PSA-Schürze, spezielle Grösse für schwere Nassarbeiten.
11 Arbeitsschutz (PSA);Atemschutz & Filter;3;4;MOLDEX Feinstaubmaske M-3205 1 Stück;https://shop.ferronato.ch/images/product/large/3302.jpg;MOLDEX 3205 Feinstaubmaske FFP3 mit Ausatemventil und elastischer Rundumbänderung, Gitterschale für Stabilität, zusätzliche Dolomitstaubprüfung für längere Nutzung als eine Arbeitsschicht. Offenverkauf 1 Stück oder Box zu 10 Stück.;FFP3-Maske für Steinfeinstaub mit langer Einsatzdauer je Schicht.;Einzeln oder als 10er-Box, Preis CHF 12.80.;https://shop.ferronato.ch/de/product/3302/moldex-feinstaubmaske-m-3205-1-st-ck?CatID=216;Plattenleger;12.8;090-030;ab Lager;PSA Plattenleger;MOLDEX Feinstaubmaske M-3205, tägliches Verbrauchsmaterial beim Schneiden.
11 Arbeitsschutz (PSA);Atemschutz & Filter;4;4;Faltbare Partikelmaske 3M 10 Stück;https://shop.ferronato.ch/images/product/large/3301.jpg;3M Aura FFP3-Feinstaubpartikelmaske, flach faltbar, mit Schaumstoff-Nasenstück, Nasenbügel, Ausatemventil, 10 Stück einzelverpackt, ca. 15 Gramm pro Stück. Reduziertes Beschlagen von Brillen, hoher Tragekomfort durch Cool-Flow-Ausatemventil.;Faltbare FFP3-Maske mit hohem Tragekomfort für staubige Arbeiten.;10 Stück pro Schachtel, Preis CHF 141.00.;https://shop.ferronato.ch/de/product/3301/faltbare-partikelmaske-3m-10-st-ck?CatID=216;Plattenleger;141.0;090-032;ab Lager;PSA Plattenleger;3M Faltbare Partikelmaske im 10er-Pack, günstiger Vorratskauf.
11 Arbeitsschutz (PSA);Atemschutz & Filter;;3;PSA Atemschutzsystem OPTREL SWISS AIR BASIC;https://shop.ferronato.ch/images/product/large/6588.jpg;Gebläse-Atemschutzsystem OPTREL swiss air, Schutzklasse TH3/TM3, ohne Maske, mit Filterkartusche ABE1P. Geringes Gewicht, hoher Tragekomfort, für Bau-, Schleif- und Schweissarbeiten. Lieferumfang: Gebläseeinheit, Schlauchsystem, Kopf-/Nackenband, Ladegerät, Tasche.;Leichter Gebläse-Atemschutz mit höchster Schutzklasse TH3/TM3.;Ohne Maske, nicht für Sauerstoffmangel oder unmittelbare Lebensgefahr geeignet.;https://shop.ferronato.ch/de/product/6588/psa-atemschutzsystem-optrel-swiss-air-basic?CatID=216;Plattenleger / schwarz;1.0;090-027;ab Lager;PSA Plattenleger;Wichtig für Staubschutz, aber hoher Preis und Spezialanwendung.
11 Arbeitsschutz (PSA);Atemschutz & Filter;;3;Staub-Halbmaske Moldex 7000, ohne Filter;https://shop.ferronato.ch/images/product/large/4046.jpg;Staub-Halbmaske Moldex 7000, Maskenkörper ohne Filter, wiederverwendbare Atemschutzmehrweg-Halbmaske aus weichem, hautverträglichem TPE mit lösbarer Bebänderung. Kombination von Gas- und Partikelfilter frei wählbar, diese müssen separat gekauft werden.;Wiederverwendbare Halbmaske als Basis für frei wählbare Filter.;Grössen S, M, L, Filter separat, Preis CHF 36.00.;https://shop.ferronato.ch/de/product/4046/staub-halbmaske-moldex-7000-ohne-filter?CatID=216;Plattenleger;36.0;;;Plattenleger (Hauptkategorie);Wiederkehrend genutzte Maskenbasis, spart Filterkosten.
11 Arbeitsschutz (PSA);Atemschutz & Filter;;2;Gasfilter A1 zu Moldex 7000 pro Stück;https://shop.ferronato.ch/images/product/large/3303.jpg;Gasfilter A1 zu Moldex 7000 nach EN 14387, kann mit Partikelfilter oder direkt mit dem Maskenkörper verbunden werden, es werden zwei Filter benötigt, Preis pro Stück.;Ersatz-Gasfilter für die Moldex-7000-Halbmaske.;Preis pro Stück CHF 11.00, es braucht zwei Filter.;https://shop.ferronato.ch/de/product/3303/gasfilter-a1-zu-moldex-7000-pro-st-ck?CatID=216;Plattenleger;11.0;090-024;ab Lager;PSA Plattenleger;Verbrauchsmaterial zur Moldex-7000-Maske, gezielter Bedarf.
11 Arbeitsschutz (PSA);Atemschutz & Filter;;2;Partikel-Filter P3 R zu MOLDEX 7000 pro Stück;https://shop.ferronato.ch/images/product/large/3304.jpg;Partikel-Ersatzfilter P3 R zu Masken Moldex Serie 7000, Preis pro Filter, es werden zwei Filter der Schutzstufe P3R benötigt.;Ersatz-Partikelfilter P3R für die Moldex-7000-Halbmaske.;Preis pro Stück CHF 8.00, es braucht zwei Filter.;https://shop.ferronato.ch/de/product/3304/partikel-filter-p3-r-zu-moldex-7000-pro-st-ck?CatID=216;Plattenleger;8.0;090-020;ab Lager;PSA Plattenleger;Verbrauchsmaterial zur Moldex-7000-Maske, gezielter Bedarf.
11 Arbeitsschutz (PSA);Augen- & Gehörschutz;6;3;Kapselgehörschutz VS 120;https://shop.ferronato.ch/images/product/large/3257.jpg;Kapselgehörschutz VeriShield VS 120, Anpassung an jede Kopfgrösse, breitere Kapselöffnung für anspruchsvolle Dauereinsätze, leichter gepolsterter Kopfbügel, Ohrmuscheln mit Memory-Foam für optimalen Tragekomfort.;Langlebiger Kapselgehörschutz mit hohem Tragekomfort für Dauereinsatz.;Preis CHF 38.00.;https://shop.ferronato.ch/de/product/3257/kapselgeh-rschutz-vs-120?CatID=216;Plattenleger;38.0;090-002;ab Lager;PSA Plattenleger;Kapselgehörschutz VS 120, Grundausstattung bei Trenn- und Schleifarbeiten.
11 Arbeitsschutz (PSA);Augen- & Gehörschutz;;3;Schutzbrille VISTA mit Glasgläser;https://shop.ferronato.ch/images/product/large/1871.jpg;Schutzbrille VISTA mit laminierten, splitterfreien klaren Glasgläsern, zeitlose robuste Form, zwei Bügelversionen zur Anpassung an jede Kopfform.;Robuste Universal-Schutzbrille mit splitterfreien Glasgläsern.;Ersatzgläser separat erhältlich, Preis CHF 17.00.;https://shop.ferronato.ch/de/product/1871/schutzbrille-vista-mit-glasgl-ser?CatID=216;Plattenleger;17.0;090-010;ab Lager;PSA Plattenleger;Regelmässig gebrauchte PSA, aber austauschbar mit anderen Modellen.
11 Arbeitsschutz (PSA);Augen- & Gehörschutz;;2;Schutzbrille für Brillenträger;https://shop.ferronato.ch/images/product/large/1872.jpg;Schutzbrille TOURSPEC aus kratzfestem, farblosem Polycarbonat, Frontpartie und Seitenschutz aus einem Stück. Grosszügige Überbrille, geeignet über einer Korrektur-Brille, vor allem als Besucherbrille.;Überbrille für Brillenträger, passt über die eigene Korrekturbrille.;Preis CHF 8.90, vor allem für Besucher auf der Baustelle.;https://shop.ferronato.ch/de/product/1872/schutzbrille-f-r-brillentr-ger?CatID=216;Plattenleger;8.9;090-038;ab Lager;PSA Plattenleger;Günstige Zusatzbrille, eher Ergänzung als Kernartikel.
11 Arbeitsschutz (PSA);Handschuhe & Schutzärmel;5;4;PSA Schutzhandschuhe SHOWA 380;https://shop.ferronato.ch/images/product/large/5635.jpg;Arbeitshandschuh SHOWA 380 mit Nitrilschaum-Handfläche, elastischem Bündchen, öl- und wasserabweisend, atmungsaktiv, nahtlos verarbeitet. Für nasse und trockene Umgebungen, präzises Tastgefühl. Grössen 7/M, 8/L, 9/XL.;Griffsicherer Allround-Handschuh für nasse und trockene Baustellenarbeit.;Grössen M, L, XL erhältlich, günstiger Preis.;https://shop.ferronato.ch/de/product/5635/psa-schutzhandschuhe-showa-380?CatID=216;Plattenleger;5.2;;;PSA Plattenleger;SHOWA 380 Schutzhandschuhe, bewährter Griff bei nassen Platten.
11 Arbeitsschutz (PSA);Handschuhe & Schutzärmel;;4;PSA Nitril Handschuhe schwarz, Box à 100Stk, Grösse M/L/XL;https://shop.ferronato.ch/images/product/large/6837.jpg;Nitril-Einweghandschuhe Safe Light schwarz, Box mit 100 Stück (50 Paar), öl- und fettbeständig, texturierte Fingerspitzen, mit Rollrand. Schutz vor Spritzern bei Arbeiten mit Flüssigkeiten. Grössen M, L, XL.;Robuste, öl- und fettbeständige Einweghandschuhe für die Baustelle.;100 Stück pro Box, Grössen M/L/XL einzeln bestellbar, Preis CHF 15.00.;https://shop.ferronato.ch/de/product/6837/psa-nitril-handschuhe-schwarz-box-100stk-gr-sse-m-l-xl?CatID=216;Plattenleger / schwarz;15.0;;;PSA Plattenleger;Verbrauchsartikel mit hoher Kaufhäufigkeit, wird laufend nachbestellt.
11 Arbeitsschutz (PSA);Handschuhe & Schutzärmel;;2;Schutzärmel PVC grau Paar Gr;https://shop.ferronato.ch/images/product/large/1203.jpg;Schutzärmel aus grauem PVC-Kunstleder, im Paar, Standardgrösse. Schützt Unterarm und Ellbogen vor Wasserspritzern und Feuchtigkeit.;Schützt Arme beim Verlegen vor Nässe und Spritzern.;Paarweise, Standardgrösse, Preis CHF 14.30.;https://shop.ferronato.ch/de/product/1203/schutz-rmel-pvc-grau-paar-gr?CatID=216;Plattenleger / grau;14.3;090-040;ab Lager;PSA Plattenleger;PSA-Zubehör, wird nicht von allen regelmässig gebraucht.
11 Arbeitsschutz (PSA);Handschuhe & Schutzärmel;;2;Schutzärmel PVC grün Paar;https://shop.ferronato.ch/images/product/large/2421.jpg;Schutzärmel aus grünem PUR-Kunstleder, Paar, Standardgrösse, schützt Unterarm und Ellbogen vor Wasserspritzern und Feuchtigkeit.;Schützt Arme beim Verlegen vor Nässe und Spritzern.;Paarweise, Standardgrösse, Preis CHF 18.00.;https://shop.ferronato.ch/de/product/2421/schutz-rmel-pvc-gr-n-paar?CatID=216;Plattenleger / grün;18.0;090-014;ab Lager;PSA Plattenleger;PSA-Zubehör, wird nicht von allen regelmässig gebraucht.
11 Arbeitsschutz (PSA);Knieschoner & Rückenstütze;1;5;Knieschoner schwarz durchstichfest;https://shop.ferronato.ch/images/product/large/6058.jpg;Knieschoner schwarz, durchstichfest bis 250 N, Befestigungsriemen 5 cm breit, per Paar.;Durchstichfester Knieschutz für kniendes Arbeiten auf der Baustelle.;Verkauf pro Paar, breiter 5 cm Riemen.;https://shop.ferronato.ch/de/product/6058/knieschoner-schwarz-durchstichfest?CatID=216;Plattenleger / schwarz;39.5;090-100;Nicht an Lager;PSA Plattenleger;Knieschoner durchstichfest, Pflichtausrüstung und meistverkaufte PSA-Position.
11 Arbeitsschutz (PSA);Knieschoner & Rückenstütze;2;5;Knieschoner Poly;https://shop.ferronato.ch/images/product/large/6059.jpg;Knieschoner Poly, stark rutschhemmend, extrem hoher Tragekomfort, per Paar, waschbar bei 30 Grad.;Rutschhemmender Komfort-Knieschoner, waschbar bei 30 Grad.;Verkauf pro Paar.;https://shop.ferronato.ch/de/product/6059/knieschoner-poly?CatID=216;Plattenleger;87.0;090-102;Nicht an Lager;PSA Plattenleger;Knieschoner Poly als leichte Alternative, ebenfalls Dauerläufer.
11 Arbeitsschutz (PSA);Knieschoner & Rückenstütze;;3;Rückenstützgürtel Gr. M-XL;https://shop.ferronato.ch/images/product/large/131.png;Elastischer Rückenstützgürtel mit Klettverschluss, Grösse M-XL, verstellbares Klettband, schwarz.;Entlastet den Rücken bei schwerem Heben auf der Baustelle.;Grössen 090-094 M, 090-096 L, 090-098 XL, ab CHF 59.10.;https://shop.ferronato.ch/de/product/131/r-ckenst-tzg-rtel-gr-m-xl?CatID=216;Plattenleger / schwarz;59.1;;;PSA Plattenleger;Regelmässig genutzte PSA gegen Rückenbelastung, kein Massenartikel.
12 Baustellenbedarf & Verbrauch;Abdeckvlies & Klebeband;1;4;FERROSIL Abdeckvlies Rolle PRO 1mx50m 180gr./m2 Premium Qualität;https://shop.ferronato.ch/images/product/large/7982.png;"Selbsthaftendes Abdeckvlies ""PRO"" in Premiumqualität zum Schutz von Böden, Möbeln, Treppen und Fenstern. Oberseite mit PE-Folie kaschiert, rutschfest, leichtes Handling, nur auf trockenen Flächen anwendbar. Rolle 1x50 m, Flächengewicht 180 g/m².";Premium-Abdeckvlies mit PE-Folie für sicheren Rundumschutz auf der Baustelle.;Rollenmass 1x50 m, Flächengewicht 180 g/m², Preis CHF 64.20.;https://shop.ferronato.ch/de/product/7982/ferrosil-abdeckvlies-rolle-pro-1mx50m-180gr-m2-premium-qualit-t?CatID=216;Plattenleger / weiss;64.2;100-083 VLIES P;Nicht an Lager;Plattenleger (Hauptkategorie);FERROSIL Abdeckvlies PRO 180 g, beste Qualität zum Schutz fertiger Böden.
12 Baustellenbedarf & Verbrauch;Abdeckvlies & Klebeband;2;4;FERROSIL Abdeckvlies Rolle atmungsaktiv 1mx50m 140gr./m2;https://shop.ferronato.ch/images/product/large/7981.jpg;Diffusionsoffenes, selbsthaftendes Abdeckvlies zum Schutz frisch verlegter Böden im Innenbereich vor Schmutz, Kratzern und Druckstellen. Oberseite wasserundurchlässig, Unterseite selbstklebend und rutschfest, ideal für Untergründe, die noch Feuchtigkeit abgeben. Rolle 1x50 m, Flächengewicht 160 g/m², Stärke 2 mm, Farbe blau, wiederverwendbar.;Schützt frisch verlegte Böden und lässt gleichzeitig Restfeuchte entweichen.;Rollenmass 1x50 m, wiederverwendbar, Farbe blau, Preis CHF 65.90.;https://shop.ferronato.ch/de/product/7981/ferrosil-abdeckvlies-rolle-atmungsaktiv-1mx50m-140gr-m2?CatID=216;Plattenleger / blau;65.9;100-083 VLIES B;Nicht an Lager;Plattenleger (Hauptkategorie);FERROSIL Abdeckvlies atmungsaktiv 140 g, Standardrolle für jede Baustelle.
12 Baustellenbedarf & Verbrauch;Abdeckvlies & Klebeband;4;3;tesa 4342 Hochtemperatur-Präzisionskrepp Premium 50mx38mm;https://shop.ferronato.ch/images/product/large/7040.jpg;Tesa 4342 Hochtemperatur-Präzisionskrepp für scharfe, präzise Abdeckkanten, temperaturbeständig bis 150°C/30 Min. Geeignet für Innen- (bis 2 Monate) und Aussenbereich (bis 3 Wochen), wasser- und lösemittelbasierte Lacksysteme. Format 50 m x 38 mm.;Präzises Abdeckband für scharfe Kanten bei Maler- und Lackierarbeiten.;Format 50 m x 38 mm, Preis CHF 8.65.;https://shop.ferronato.ch/de/product/7040/tesa-4342-hochtemperatur-pr-zisionskrepp-premium-50mx38mm?CatID=216;Plattenleger;8.65;100-085;Nicht an Lager;Plattenleger (Hauptkategorie);tesa 4342 Präzisionskrepp, Standardklebeband für saubere Silikonfugen.
12 Baustellenbedarf & Verbrauch;Abdeckvlies & Klebeband;;4;FERROSIL Abdeckvlies Rolle Classic 1mx50m 120gr./m2;https://shop.ferronato.ch/images/product/large/7983.png;"Selbsthaftendes Abdeckvlies ""Classic"" für Böden und Treppen im Innen- und Aussenbereich, kostengünstige Einstiegsqualität. Unterseite mit rückstandsfreiem Kleber, Oberseite mit wasserdichter, rutschsicherer Folie. Rolle 1x50 m, Flächengewicht 120 g/m².";Kostengünstiges Einstiegs-Abdeckvlies mit rückstandsfreiem Kleber.;Rollenmass 1x50 m, Flächengewicht 120 g/m², Preis CHF 52.50.;https://shop.ferronato.ch/de/product/7983/ferrosil-abdeckvlies-rolle-classic-1mx50m-120gr-m2?CatID=216;Plattenleger / weiss;52.5;100-083 VLIES C;Nicht an Lager;Plattenleger (Hauptkategorie);Günstiges, oft gekauftes Verbrauchsmaterial für den Bodenschutz.
12 Baustellenbedarf & Verbrauch;Bürsten;;2;Drahtbürste Zeintra;https://shop.ferronato.ch/images/product/large/2036.png;Drahtbürste Zeintra, 1 bis 5 Reihen, Stahldraht schwarz glatt 0.3 mm, Länge 230 mm, Höhe 30 mm, Schweizer Fabrikat.;Solide Drahtbürste zum Reinigen und Entfernen von Rückständen.;Reihenzahl 1 bis 5 wählbar, ab CHF 6.55.;https://shop.ferronato.ch/de/product/2036/drahtb-rste-zeintra?CatID=216;Plattenleger;6.55;;;Plattenleger (Hauptkategorie);Nützliches, aber austauschbares Reinigungswerkzeug.
12 Baustellenbedarf & Verbrauch;Bürsten;;1;Messingdrahtbürste Zeintra 3 Reihen;https://shop.ferronato.ch/images/product/large/4570.png;Messingdrahtbürste, Swiss Made, gewellter Messingdraht, 3 Reihen, Breite 30 mm, Besatzlänge 145 mm, Länge 290 mm. Für die Reinigung von noch nicht stark angerosteten Teilen.;Sanfte Reinigung leicht angerosteter Metallteile ohne Beschädigung der Oberfläche.;Swiss Made, 3-reihig, Gesamtlänge 290 mm.;https://shop.ferronato.ch/de/product/4570/messingdrahtb-rste-zeintra-3-reihen?CatID=216;Plattenleger;18.2;100-192;Nicht an Lager;Plattenleger (Hauptkategorie);Nischenwerkzeug für Reinigung, keine tägliche Anwendung.
12 Baustellenbedarf & Verbrauch;Putzlappen & Handreinigung;3;3;Putzlappen Trikotstoff 5kg bunt;https://shop.ferronato.ch/images/product/large/6851.jpg;Putzlappen aus Baumwoll-Trikotstoff, bunt gemischt, in Plastik verpackt, metallfrei, vielfältig einsetzbar. Gewicht 5 kg.;Vielseitiger Putzlappen für Reinigungs- und Wischarbeiten auf der Baustelle.;5-kg-Gebinde, auch in weiss erhältlich, Preis CHF 16.90.;https://shop.ferronato.ch/de/product/6851/putzlappen-trikotstoff-5kg-bunt?CatID=216;Plattenleger;16.9;100-230 B;ab Lager;PSA Plattenleger;Putzlappen Trikot 5 kg bunt, laufender Verbrauchsartikel.
12 Baustellenbedarf & Verbrauch;Putzlappen & Handreinigung;;3;Putzlappen Trikotstoff 5kg weiss;https://shop.ferronato.ch/images/product/large/6852.jpg;Putzlappen aus Baumwoll-Trikotstoff, weiss, in Plastik verpackt, metallfrei, vielfältig einsetzbar. Gewicht 5 kg.;Fusselarmer, weisser Putzlappen für saubere Reinigungs- und Poliergänge.;5-kg-Gebinde, auch bunt erhältlich, Preis CHF 24.20.;https://shop.ferronato.ch/de/product/6852/putzlappen-trikotstoff-5kg-weiss?CatID=216;Plattenleger / weiss;24.2;100-230 W;ab Lager;PSA Plattenleger;Verbrauchsartikel mit regelmässigem Bedarf, besonders für helle Flächen.
12 Baustellenbedarf & Verbrauch;Putzlappen & Handreinigung;;2;AKEMI afin® Handwaschpaste;https://shop.ferronato.ch/images/product/large/3389.jpg;AKEMI afin Handwaschpaste, 800 g in Dose, pH-neutral, rückfettend, mit Kunststoffreibemehl statt scharfkantiger Reibkörper. Entfernt gröbste Verschmutzungen wie Öl, Russ, Graphit und Metallstaub, Tenside leicht biologisch abbaubar.;PH-neutrale Handwaschpaste für gröbste Verschmutzungen auf der Baustelle.;Gebindegrösse 800 g, Preis CHF 23.00.;https://shop.ferronato.ch/de/product/3389/akemi-afin-handwaschpaste?CatID=216;Plattenleger;23.0;020-642;ab Lager;Plattenleger (Hauptkategorie);Nützlicher Alltagsartikel, aber austauschbar mit anderen Marken.
12 Baustellenbedarf & Verbrauch;Putzlappen & Handreinigung;;2;Putztuch XXL Rollen 1Stk Blau 1000 Stk Papier 3-lagig;https://shop.ferronato.ch/images/product/large/6527.jpg;Reinigungspapierrolle KatrinClassic XXL, 3-lagig, 1000 Blatt pro Rolle, Grösse 38x38 cm, Gesamtlänge 360 m, Gewicht 7.4 kg. Material Zellulose. Verkauf nur zu 2 Stück (Verpackungseinheit).;Grosse, reissfeste Putzpapierrolle für den täglichen Baustelleneinsatz.;Preis pro Stück, Bestellung wird auf gerade Anzahl aufgerundet.;https://shop.ferronato.ch/de/product/6527/putztuch-xxl-rollen-1stk-blau-1000-stk-papier-3-lagig?CatID=216;Plattenleger / blau;61.0;100-232;ab Lager;PSA Plattenleger;Verbrauchsartikel, regelmässig aber nicht zwingend nötig.
12 Baustellenbedarf & Verbrauch;Zangen & Handwerkzeug;5;3;KNIPEX Fliesenlochzange (Papageienschnabelzange);https://shop.ferronato.ch/images/product/large/7399.jpg;Zange zum Erweitern vorgebohrter Löcher in Fliesen und Formen von Kanten nach dem Beisschnittprinzip. Länge 200 mm, schwarz atramentiert, Kopf poliert, ohne Griffhüllen. Ermöglicht Installationslöcher für Armaturen ohne Sägen.;Vergrössert vorgebohrte Löcher in Fliesen ohne Sägen, mit wenig Kraftaufwand.;Länge 200 mm, Preis CHF 29.50.;https://shop.ferronato.ch/de/product/7399/knipex-fliesenlochzange-papageienschnabelzange?CatID=216;Plattenleger;29.5;130-180;ab Lager;Plattenleger (Hauptkategorie);KNIPEX Fliesenlochzange, Klassiker zum Nacharbeiten von Ausschnitten.
12 Baustellenbedarf & Verbrauch;Zangen & Handwerkzeug;;2;KNIPEX Monierzange (Rabitz-oder Flechterzange) 250;https://shop.ferronato.ch/images/product/large/7400.png;Monierzange (Rabitz-/Flechterzange) zum Fixieren von Moniereisen mit Bindedraht. Verdrillt und schneidet Draht in einem Arbeitsgang, hoch übersetztes Gelenk, Schneiden gehärtet auf ca. 61 HRC. Zange schwarz atramentiert, Kopf poliert, 250x48x26 mm, 405 g, ohne Griffhüllen.;Verdrillt und schneidet Bindedraht in einem Arbeitsgang, kraftsparend.;Länge 250 mm, Gewicht 405 g, Preis CHF 29.50.;https://shop.ferronato.ch/de/product/7400/knipex-monierzange-rabitz-oder-flechterzange-250?CatID=216;Plattenleger;29.5;130-182 250;ab Lager;Plattenleger (Hauptkategorie);Spezialzange für Bewehrungsarbeiten, seltener im Plattenleger-Alltag.
12 Baustellenbedarf & Verbrauch;Zangen & Handwerkzeug;;2;KNIPEX Monierzange (Rabitz-oder Flechterzange) 300;https://shop.ferronato.ch/images/product/large/7401.png;Monierzange (Rabitz-/Flechterzange) zum Fixieren von Moniereisen mit Bindedraht. Verdrillt und schneidet Draht in einem Arbeitsgang, hoch übersetztes Gelenk, Schneiden gehärtet auf ca. 61 HRC. Zange schwarz atramentiert, Kopf poliert, 300x47x26 mm, 510 g, ohne Griffhüllen.;Verdrillt und schneidet Bindedraht in einem Arbeitsgang, kraftsparend.;Länge 300 mm, Gewicht 510 g, Preis CHF 37.90.;https://shop.ferronato.ch/de/product/7401/knipex-monierzange-rabitz-oder-flechterzange-300?CatID=216;Plattenleger;37.9;130-182 300;ab Lager;Plattenleger (Hauptkategorie);Spezialzange für Bewehrungsarbeiten, seltener im Plattenleger-Alltag.
12 Baustellenbedarf & Verbrauch;Zangen & Handwerkzeug;;2;KRAFTWERK Schlosserhammer;https://shop.ferronato.ch/images/product/large/6135.jpg;Schlosserhammer mit Fiberglasstiel, gummiertem ergonomischem Handgriff, Kopfgewicht 500 g, Gesamtlänge 320 mm, Gesamtgewicht 750 g. Allzweckhammer für Werkstatt und Baustelle.;Leichter Allzweckhammer mit Fiberglasstiel für ermüdungsfreies Arbeiten.;Kopfgewicht 500 g, Gesamtgewicht 750 g.;https://shop.ferronato.ch/de/product/6135/kraftwerk-schlosserhammer?CatID=216;Plattenleger;24.4;130-118;ab Lager;Plattenleger (Hauptkategorie);Nützliches Allzweckwerkzeug, kein plattenlegerspezifisches Kernprodukt.
12 Baustellenbedarf & Verbrauch;Zangen & Handwerkzeug;;2;Malerspachtel;https://shop.ferronato.ch/images/product/large/2025.png;Malerspachtel, 50 bis 80 mm breit, Blatt aus gehärtetem und konisch geschliffenem Stahl, mit Holzheft.;Robuster Stahlspachtel für Maler- und Verputzarbeiten.;Breiten 50, 60 und 80 mm, ab CHF 5.25.;https://shop.ferronato.ch/de/product/2025/malerspachtel?CatID=216;Plattenleger;5.25;;;Plattenleger (Hauptkategorie);Günstiges Kleinwerkzeug, nur teilweise für Plattenleger relevant.
12 Baustellenbedarf & Verbrauch;Zangen & Handwerkzeug;;2;RUTHE Gipserbeil Stahlrohr VPA;https://shop.ferronato.ch/images/product/large/7384.jpg;Gipserbeil mit Stahlrohrgriff, VPA/GS geprüft, Kopf schwarz lackiert, geschliffene Schneide, geraute Bahn, mit Flaschenöffner und Nagelzug. Länge 318 mm.;VPA/GS-geprüftes Gipserbeil mit Flaschenöffner und Nagelzug in einem Werkzeug.;Länge 318 mm, aus Qualitätsstahl, Kopf schwarz lackiert.;https://shop.ferronato.ch/de/product/7384/ruthe-gipserbeil-stahlrohr-vpa?CatID=216;Plattenleger;36.9;040-841;ab Lager;Plattenleger (Hauptkategorie);Nischenwerkzeug für Gipser, für Plattenleger nur gelegentlich im Einsatz.
12 Baustellenbedarf & Verbrauch;Zangen & Handwerkzeug;;1;Stukkateurspachtel 25mm;https://shop.ferronato.ch/images/product/large/3460.png;Stukkateurspachtel 25 mm, zweiseitig, flach und spitz, erstklassiger Stahl, Blätter geschliffen, Griff mit Plastiküberzug.;Zweiseitiger Feinspachtel für präzise Ausbesserungsarbeiten.;Breite 25 mm, Preis CHF 7.65.;https://shop.ferronato.ch/de/product/3460/stukkateurspachtel-25mm?CatID=216;Plattenleger;7.65;100-118;ab Lager;Plattenleger (Hauptkategorie);Kleines Spezialwerkzeug, nur teilweise für Plattenleger relevant.
13 Sanitär-Montage;Spülkasten-Betätigung;2;2;EdPlit versteckter Spühlkasten Betätigung M1 Geberit;https://shop.ferronato.ch/images/product/large/7949.png;Versteckter Toilettenspülknopf M1 von EdPlit für den flächenbündigen Einbau hinter Fliesen, kompatibel mit Geberit. Inklusive Spülmechanismus, Justierwerkzeuge und Schneid-Zubehör, mit Verbrauchsmaterial. Für präzises, wassersparendes und minimalistisches Baddesign.;Flächenbündige Spültaste, verschwindet vollständig hinter den Fliesen.;Kompatibel mit Geberit, inkl. Verbrauchsmaterial, Preis CHF 349.00.;https://shop.ferronato.ch/de/product/7949/edplit-versteckter-sp-hlkasten-bet-tigung-m1-geberit?CatID=216;Plattenleger;349.0;140-110 M1;ab Lager;EdPlit;EdPlit versteckte Spülkasten-Betätigung M1 für Geberit, häufigste Variante.
13 Sanitär-Montage;Spülkasten-Betätigung;;2;EdPlit versteckter Spühlkasten Betätigung M4 Geberit;https://shop.ferronato.ch/images/product/large/7954.png;Vollständig verdeckt hinter Fliesen installierbarer Spültaster M4 von EdPlit. Set mit Spülmechanismus, Justierkomponenten und Installationsteilen, mit Verbrauchsmaterial. Kompatibel mit Geberit Sigma, Delta, Omega sowie Alcaplast, Viega, Vitra, Tece, Noken, JomoTech und Cersanit.;Flächenbündige Spültaste, kompatibel mit fast allen gängigen Spülsystemen.;Kompatibel mit 9 Installationssystemen, inkl. Verbrauchsmaterial, Preis CHF 399.00.;https://shop.ferronato.ch/de/product/7954/edplit-versteckter-sp-hlkasten-bet-tigung-m4-geberit?CatID=216;Plattenleger;399.0;140-112 M4;ab Lager;EdPlit;Spezialisiertes Sanitärprodukt für ein Nischensegment im Design-Bad.
13 Sanitär-Montage;Versteckte Handtuchhalter;1;2;EdPlit 3Stk. Verstecktes Handtuchhalter-Set;https://shop.ferronato.ch/images/product/large/7850.jpg;Versteckt in der Fliesenwand montiertes Handtuchhalter-Set mit 3 verdeckten Haken. Lieferumfang: Lochsäge 25 mm für präzise Fliesenschnitte, alle Befestigungs- und Montagezubehörteile sowie Montageanleitung.;Handtuchhaken verschwinden vollständig in der gefliesten Wand, inkl. Lochsäge.;3 Haken zur Wahl, inkl. Lochsäge 25 mm, Preis CHF 88.00.;https://shop.ferronato.ch/de/product/7850/edplit-3stk-verstecktes-handtuchhalter-set?CatID=216;Plattenleger;88.0;140-100;ab Lager;EdPlit;EdPlit verstecktes Handtuchhalter-Set 3-teilig, gefragte Montagelösung im Bad.
13 Sanitär-Montage;Versteckte Handtuchhalter;;2;EdPlit 5Stk. Verstecktes Handtuchhalter-Set;https://shop.ferronato.ch/images/product/large/7851.jpg;Versteckt in der Fliesenwand montiertes Handtuchhalter-Set mit 5 verdeckten Haken. Lieferumfang: Lochsäge 25 mm für präzise Fliesenschnitte, alle Befestigungs- und Montagezubehörteile sowie Montageanleitung.;Handtuchhaken verschwinden vollständig in der gefliesten Wand, inkl. Lochsäge.;5 Haken zur Wahl, inkl. Lochsäge 25 mm, Preis CHF 129.00.;https://shop.ferronato.ch/de/product/7851/edplit-5stk-verstecktes-handtuchhalter-set?CatID=216;Plattenleger;129.0;140-101;Nicht an Lager;DISTAR Technik;Nischenprodukt für Sanitärmontage, spezielles Design-Segment.
