id	name	subcats	price	variants	description
1080	Pentel NN50 Filzstift		5.75		Pentel wasserfester Filzstift schwarz NN50, / 1 Stück Marker / Farbe Schwarz / Wasserfest / Kunststoffgehäuse und Kappe mit Clip / Strichbreite: 5 mm
1203	Schutzärmel PVC grau Paar Gr	PSA Plattenleger	14.30		Schutzärmel aus grauem PVC-Kunstleder Paar / Standardgrösse / Zum Schutz desUnterarms und des Ellbogens vor Wasserspritzern und Feuchtigkeit
131	Rückenstützgürtel Gr. M-XL	PSA Plattenleger	59.10		Elastischer Rückenstützgürtel mit Klettverbandverschluss / Grösse M-XL / Rückenstützgürtel / schwarz mit Klettverschluss / Klettband verstellbar. / Artikelnummer / Grösse / Preis / Warenkorb / 090-094 / M / ab Lager / exkl. MwSt / 090-096 / L / ab Lager / exkl. MwSt / 090-098 / XL / ab Lager / exkl. MwSt / Rückgaberecht / Versandinformationen / AGBs / © 2026 Ferronato AG - / Impressum/Datenschutze
1319	AKEMI AKEPOX® 3000,  Mini Quick	AKEMI Produkte	25.00		Schnell härtender 2-Komponenten-Fixierkleber, gelartig, in Kartuschen, genaue Dosierung und homogene Vermischung, Mischungsverhältnis 1:1. Fixierkleber für leichte Belastungen. Zur Befestigung von Metallbuchstaben. Ideal zum Fixieren von Natur- und Kunststein. Ausdrücken mit Pistole und Mischdüse. / Einsatzort: Grabstein & Denkmal, Fassade, Wand, Steinindustrie / Material: Naturstein, Granit, Marm
1327	AKEMI Composil - Colour Matched Silicone	AKEMI Produkte	35.00		Luftfeuchtigkeitshärtender 1-Komponenten-Fugendichtstoff auf Basis Siliconkautschuk, garantiert keine Randzonenverfärbung, fungizide Einstellung, reißfest, neutral vernetzend, 12 Monate lagerfähig Speziell für hochwertigen Naturstein, Quarzkomposit sowie Großkeramik formulierter 1-Komponenten Dichtstoff für Dehnungs- und Anschlussfugen. Alle Composil-Farben sind deckungsgleich mit den Produkten de
1370	KGS Kleintrennscheibe ø 50/75 mm x  Ø 6 mm	Diamantwerkzeuge|Diamanttrennscheiben 45mm -125mm	64.00		KGS Kleintrennscheibe n zwei Durchmessern. / Aufnahme 6mm / ohne Schaft (031-144), bitte seperat bestellen / gesintert / Aufnahme / 6mm / Artikelnummer / Durchmesser / Preis / Warenkorb / 031-146 / 50 mm / ab Lager / exkl. MwSt / 031-148 / 75 mm / ab Lager / exkl. MwSt / Rückgaberecht / Versandinformationen / AGBs / © 2026 Ferronato AG - / Impressum/Datenschutzerklärung / Javascript deactivated / 
1375	Diamant TS Ceramics soft Extreme mit Vollbelag 9 mm		223.00		Diamanttrennscheibe für Naturstein und / Keramik / Vollbelag 9mm, mit Stahl-Kern. / Gesinterte Diamanttrennscheibe mit durchgehender Krone für den Nassschnitt auf Tischkreissägen. Mit schmalen lasergeschnittenen Schlitzen für einen kühlen und flachen Schnitt. / Anwendung: Glasierte Fliesen, Granit, Marmor, Schiefer und Natursteinfliesen. / Technische Daten: / Bohrung 25,4 mm / Höhe Diamant 9 mm / 
1678	Bildhauer Trennscheibefür Marmor Ø 50/6mm und 75/6 mm	Diamantwerkzeuge|Diamanttrennscheiben 45mm -125mm	45.00		Bildhauer Tennscheibe für Marmor / Ø 50mm und 75 mm / Bohrung 6mm / galvanisiert D 427/grob vollbelegt / Drehzahl Ø 50 mm MAX. 27`000 U/min. / Drehzahl Ø 75 mm MAX. 18`000 U/min. / für Schaftaufnahme Ø 6mm / für Trockenanwendung / Ohne Schaftaufnahme, die separat gekauft wird (031-144). / Schaftaufnahme / Artikelnummer / Durchmesser / Preis / Warenkorb / 031-474 / 60 mm / ab Lager / exkl. MwSt / 0
171	Schaft ø 6mm zu Kleintrennscheiben	Diamantwerkzeuge|Diamanttrennscheiben 45mm -125mm	31.00		Aufnahmeschaft für kleine Trennscheiben Ø6x50mm. / Verschraubung mit M6-Gewinde / zu Kleintrennscheiben / Aufnahme / 6mm
1871	Schutzbrille VISTA mit Glasgläser	PSA Plattenleger	17.00		Schutzbrille VISTA Glasgläser / Universal-Schutzbrille in zeitloser und robuster Form, welche durch ihre Funktionalität glänzt. Zwei mögliche Bügelversionen vereinfachen zusätzlich / die Anpassung an jede Kopfform. Diese Ausführung ist mit laminierten splitterfreien klaren Gläsern ausgestattet. / Universal-Schutzbrille Ersatzgläser Art. Nr. 090-012 / Ersatzgläser / Bez. / Brille
1872	Schutzbrille für Brillenträger	PSA Plattenleger	8.90		Schutzbrille TOURSPEC aus kratzfestem, farblosem Polycarbonat,Frontpartie samt Seitenschutz / Augenabdeckung aus einem Stück. / Die Grosszügige. Kunststoff-Überbrille, welche es dem Träger ermöglicht,problemlos seine Korrektur-Brille darunter zu tragen. Durch das grosszügige Design und der damit verbundenen Flexibilität, ist dieses Produkt vor allem als Besucher-Brille geeignet.
2025	Malerspachtel		5.25		Malerspachtel / 50-80mm breit / Stahl / Blatt gehärtet und konisch geschliffen / mit Holzheft / Artikelnummer / Breite / Preis / Warenkorb / 100-120 / 50 mm / ab Lager / exkl. MwSt / 100-122 / 60 mm / ab Lager / exkl. MwSt / 100-124 / 80 mm / ab Lager / exkl. MwSt / Rückgaberecht / Versandinformationen / AGBs / © 2026 Ferronato AG - / Impressum/Datenschutzerklärung / Javascript deactivated / Javas
2036	Drahtbürste Zeintra		6.55		Drahtbürsten Zeintra, 1-5 Reihen / Eine solide, dauerhafte Bürste Stahldraht schwarz glatt (blank) / 0,3 mm / Länge: 230 mm / Höhe: 30 mm / erstklassiges Schweizer Fabrikat / Artikelnummer / Reihe / Preis / Warenkorb / 100-178 / 1 / ab Lager / exkl. MwSt / 100-180 / 2 / ab Lager / exkl. MwSt / 100-182 / 3 / ab Lager / exkl. MwSt / 100-184 / 4 / ab Lager / exkl. MwSt / 100-186 / 5 / ab Lager / exkl
2052	AKEMI Farbfächer Colourchart + Colour Chart 2.0 APP	AKEMI Produkte	69.40		AKEMI FARBFÄCHER COLOURCHART mehr als 50 Farben / Zeigt das AKEMI COLOUR MATCHING SYSTEM. / Das COLOUR MATCHING SYSTEM ist ein Gesamtsystem zur Herstellung unsichtbarer Klebe- und Anschlussfugen bei Natur- und Kunststein, Quarzkomposit sowie großformatigen Keramiken. Es ist in über 50 unterschiedlichen Farben erhältlich und besteht aus den Produkten COLOUR BOND P+, Spectrum Pastes, Composil, EVERC
2086	Saugheber Typ 2 aus Alu 80kg		121.00		Saugheber Tragkraft: max. 80 kg (horizontal) 40 kg / (vertikal). / Handlicher Saugheber in Aluminium-Ausführung für das Heben von diversen Werkstücken mit glatter und dichter Oberfläche. Durch Umlegen des Kipphebels wird das Vakuum erzeugt.
2139	AKEMI PLATINUM P+ L-Spezial 170 Gramm	AKEMI Produkte	21.50		AKEMI Platinum P+ L-Spezial transparent 170g, gelartiger, transparent-opaker Kleber (sehr helle Eigenfarbe), Basis Epoxyacrylat, hohe Klebekraft, sehr schnelle Oberflächentrocknung und Weiterverarbeitbarkeit. Verändert seine Konsistenz durch Verrühren nicht, lebensmittelunbedenklich (bestätigt durch externes deutsches Prüfinstitut) / Sehr gut zum Kleben und Kitten von Natur- und Kunststein (wie Ma
2192	FERROFIX-Montagegerät		449.00		FERROFIX Montagegerät für Keramikkochfelder / 2-teilig / Das Ferrofix-Montagegerät ist aus der Praxis entwickelt worden, damit das Montieren von flächenbündigen Glaskeramil-Kochfeldern schneller und genauer erledigt werden kann.
2212	AKEMI Crystal Clean Konzentrat	AKEMI Produkte	21.00		AKEMI Crystal Clean 1 Liter + 5 Liter Konzentrat. Säure- und laugenfreies Reinigungsmittel aus Tensiden, Hilfsmitteln, Duftstoffen und Alkoholen, frei von phosphathaltigen Substanzen, / leicht biologisch abbaubar, / schlierenfrei und schnell trocknend, im Lebensmittelbereich einsetzbar (bestätigt durch externes deutsches Prüfinstitut) Zur täglichen Entfernung von leichten Verschmutzungen, z.B. lei
2221	StoneLux® 2.0 Bluetron Handlichtgerät		1		Stonelux blue:tron LED Handlichtgerät (Akkubetrieben) / NEUE 2023 Version (Powerlicht). Leistungsstarkes blue:tron Lichthärtegerät mit einer Härtezeit von 15 Sekunden/60 Sekunden (mit Cover) / Vorteile: / Präzise und schnell härten (15/60 Sekunden) / Geringes Netzhaut Blendrisiko bei 60 Sekunden mit Blende / Grössere Material Durchhärtungstiefe / Soft-Edge Geräte-Design / 1 x Akku-Pack. Hohe Licht
2241	StoneLux 2.0Transpa Flow Spritze 3ml		78.50		StoneLux® 2.0 3ml Spritze transpa / Reparaturmaterial wird für Kleinkorrekturen angewendet oder als oberste Schicht auf hochglänzenden Steinoberflächen. / Auch für Stempeltechnik geeignet.
2253	Slx StoneLux® 2.0 Schleif-& Polierblock		16.80		ART StoneLux, Schleif- und Polierblock aus Kork und Filz. / Für Endbearbeitung / Verwendung: Die Korkseite dient zum Schleifen mit den Schleifleinen. Die Filzseite wird zum Polieren verwendet, um die Polierpaste in kreisenden Bewegungen einzuarbeiten.
2330	AKEMI Imprägnierungs-Entferner	AKEMI Produkte	48.90		Imprägnierungs-Entferner 1 Liter, konzentriertes, hoch alkalisches Reinigungsmittel in Gelform, geruchlos und lösungsmittelfrei, biologisch abbaubar. Für die professionelle Anwendung Zum Beseitigen von Verfleckungen durch Imprägnierungen sowie extrem hartnäckigen Verschmutzungen (z.B. Lackreste) auf Naturstein, Betonwerkstein und Klinker. Wegen seiner gelartigen Konsistenz für den horizontalen (z.
2384	AKEMI COLOUR BOND Skelettpistole ECO 10:1	AKEMI Produkte	191.00		AKEMI COLOURBOND Skelettpistole / Die Kartuschenpresse ECO ist eine manuell betriebene Presse, die sich ideal für die Verklebung von Colour Bond 2K-Klebstoffen eignet. Die Presse ermöglicht einen präzisen und gleichmäßigen Auftrag des Klebstoffes. / Kraftübersetzung: 18:1 / Mischungsverhältnis: 10:1 / Auftrag: Raupenauftrag / für 250ml Kartuschen / schwere Qualität / Für diese manuell betriebene K
2390	KGS TELUM® Handrutscher 90 x 55 mm Körnung 50-3000		37.00		TELUM® Diamanthandrutscher 90x55mm / Die KGS Telum ® Handrutscher besitzen ein einzigartiges KGS Premum Design, eine Pfeilgeometrie in verschiedene Richtungen, die für gleichmäßiges Schleifen steht. Die KGS DIAMOND patentierte diamantbeschichtete Schleif- bzw. Polieroberfläche ist sehr hart. Sie gilt als eine der innovativsten und leistungsfähigsten im Markt. KGS Telum ® Handrutscher erzielen ein 
2407	Arbeitschürze AGRITEX 95x120	PSA Plattenleger	45.00		Arbeitsschürze AGRITEX 95x120 cm grün Gewicht: 1kg / Grüne Arbeitsschürze aus Polyestergewebe mit beidseitiger Spezial-PVC-Beschichtung, reiss- und abriebfest, weitgehend öl-, fett- und säureresistent,Materialstärke 0,5 mm, Oberteil mit gesäumten Kanten, längenverstellbare Schulter- und Bundbänder mit Klickverschlüssen, Grösse 95 × 120 cm. / Einsatzbereich Geschmeidige, solide Arbeitsschürze für L
2413	Arbeitsschürze mit Schultertragriemen	PSA Plattenleger	99.00		Arbeitsschürze Anticid 90x110cm braun Gewicht: 900g / mit / Schultertragriemen / und Bundband mit Klickverschluss / Aus Polyestergewebe mit beidseitiger Nitrillatex beschichtung,sehr reiss- und abriebfest. / Materialstärke 0,5 mm.
2414	PSA Arbeitschürze ANTICID, braun mit Halsriemen 90x140cm	PSA Plattenleger	119.50		Arbeitsschürze Anticid 90 x 140 cm braun Gewicht: 850 g / Oberteil mit gesäumten Kanten konfektionierter Halsriemen und Bindebändel. / Einfach mit Schere oder Cutter zu kürzen. / Aus Polyestergewebe mit beidseitiger Nitrillatex beschichtung,sehr reiss- und abriebfest, sehr gute Beständigkeit gegen Öle, Fette, Säuren, Laugen (nicht in zu hoher Konzentration) aliphatischen Kohlewasserstoffen, Heissw
2421	Schutzärmel PVC grün Paar	PSA Plattenleger	18.00		Schutzärmel aus grünem PUR Kunstleder zum Schutz des Unterarms und des Ellbogens vor Wasserspritzern und Feuchtigkeit. / Standardgrösse
2635	KSK 6 Flammenform keramisch ø16x32mm K24/36		4.70		Kleinschleifkörper KSK / ø 16x32mm / Schaft ø 6mm x 40 mm / Korn 24/36 / Aus Siliziumcarbid / Form E / Aufnahme / 6mm
2652	KGS Swiflex-COBRA Diamanttrennscheibe mit Aufnahme M14		93.00		Diamanttrennscheibe SWIFLEX Cobra mit Flansch M14 galvanisiert K50/60, galvano ø115mm-230mm M14. / Doppelseitig belegt / seitlicher Flansch aus Alu. / Einsatzgebiet: Beton / Granit / Marmor / Keramik / Die Universale Trenn-und Schruppscheibe zur Bearbeitung von allen Materialien. Eine neuartige Diamantqualität und ein neues Galvanisierungsverfahren machen dieses Diamantwerkzeug zu einem echten Par
2812	DIA Schleiftopf 125mm Aufnahme 22.2 mm / M14		124.00		Premium Diamantschleifteller mit Durchmesser 125 mm / Aufnahme 22.2 mm (032-102) / Aufnahme M14 IG (032-104 / 7 oder 6 Diamant-Segmente / Segmenthöhe: 5 mm / Gesamthöhe 30 mm / präzisionsgeschweißte Segmente / minimale Unwucht - vibrationsarmes Arbeiten / sehr hohe Abtragsleistung / Trockenanwendung / Anwendung auf Sanierungsschleifer Freihand / Ideal für Beton, Granit, Fliesenkleber zementär, Exp
3069	AKEMI Zylinder Pistole COX 400ml	AKEMI Produkte	119.00		Zylinder-Pistole COX 400 310/400ml Kart./Beutel / Handdruckpistole, für Kartuschen à 310 ml (ohne Kolbenmanschette), für Folienbeutel à 400 ml / Mit Alu-Zylinder
3125	FLEX L3406 VRG Winkelschleifer	Elektrogeräte|230 Volt	360.00		Beschreibung: / VR-Mikroprozessor-Elektronik: Drehzahlvorwahl, Drehzahlkonstanthaltung mittels Tachogenerator, Sanftanlauf, Wiederanlaufsperre nach Stromausfall, Überlastungsschutz und Temperaturüberwachung / Motor: hoch belastbar mit hohem Wirkungsgrad für starke Abgabeleistung / Schalter mit Einschaltsperre und Arretierung / Leichte, ergonomische Bauform mit schlankem Griff / Universalmaschine z
3129	FLEX ST 1503 Stockmaschine Ø100 mm	Elektrogeräte|230 Volt	1		Beschreibung: / Zum Stocken und Aufrauen von Oberflächen aus Natur oder Kunststein (z.B. Granit, Sandstein, Beton usw.) / Wirtschaftlich dank hohem Arbeitsfortschritt / Staubabsaugung: für den Einsatz auch in bewohnten Gebäuden / Die mit 60 aggressiven Hartmetallspitzen bestückte Maschine erledigt Aufrauharbeiten schnell und präzise / Griffhaube direkt über dem Werkzeug ermöglicht präzises Führen 
3133	FLEX SE 14-2 150 Set Supraflex	Elektrogeräte|230 Volt	770.00		Beschreibung: / VR-Elektronik: stufenlose Drehzahlvorwahl, Drehzahlkonstanthaltung mittels Tachogenerator, Überlastungsschutz, Wiederanlaufsperre und Temperaturüberwachung / Kraftvoller 1400 Watt Motor mit leistungsstarkem Lüfter für optimale Kühlung / Optimierte Luftführung für bestmögliche Kühlwirkung von Motor und Getriebe. Keine störende Abluft für den Anwender / Neuartige Kombination von Plan
3136	FLEX BWE 16-9 14 Sacklochbohrer		985.00		Beschreibung: / VR-Elektronik: mit Drehzahlkonstanthaltung mittels Tachogenerator, Überlastungsschutz und Drehzahlvorwahl mit Stellrad / Schnellkupplung aus Messing: für 1/2"-Wasserschlauch / Optimale Kühlung von Diamantbohrern durch integrierte Wasserzuführung durch die Abtriebswelle / Für Freihandbetrieb oder zum Einsatz in Bohrständern / Auch mit Wasserdruckbehälter einsetzbar / PRCD-Personensc
3239	Steinhauer-Bleistift flachoval		2.75		Steinhauerstifte 30cm lange Ausführung oval / Länge 30 cm / Profi-Ausführung / ovale Form extrem / bruchfeste Mine in Spezialhärte 10H / sehr gute Spitzeigenschaften / bestens geeignet für Markierungen auf Stein/Beton und sonstigen rauen Oberflächen
3257	Kapselgehörschutz VS 120	PSA Plattenleger	38.00		Der Kapselgehörschutz der VeriShield 100 Serie zeichnet sich durch seine Anpassungsmöglichkeiten für jede Kopfgröße und die breitere Kapselöffnung aus. / Langlebige Kapseln für anspruchsvolle, langdauernde Tätigkeiten. / Der leichte, gepolsterte Kopfbügel bietet einen perfekten Sitz. / Das weiche Memory Foam Material der Ohrmuscheln schließt dicht ab und trägt zu einem optimalen Tragekomfort und e
3279	NEMO GRABO PRO Hard-Case		490.00		NEMO GRABO PRO Akku-Vakuum Handsauger / 16 Volt Li-ion Batterie / 2h Ladezeit für Volladung / 1.5h Laufzeit / Eigengewicht: 1.5kg / Masse Saugplatte: 255x120mm / Tragfähigkeit: 120kg max. (siehe unten) / geliefert mit: Grundgerät (Gummidichtung vormontiert) inkl. 1x Akku Ladegerät und Tragegurt. Im Hardcase TENOS-Systainer / Nicht für Nassanwendung / trocken lagern / Dieser weltweit erste akku-bet
3301	Faltbare Partikelmaske 3M 10 Stück	PSA Plattenleger	141.00		3M-P3 Feinstaubpartikelmaske Flach faltbare anatomisch verbesserte Einweg-Partikelmaske der Filterklasse FFP3, aus Spezialvliesstoff, Schaumstoff-Nasenstück, Nasenbügel, Ausatemventil, zwei Gummibänder, einzelverpackt und lieferbar in Schachteln zu 10 Stück. Gewicht ca. 15 Gramm/Stück. / Die Faltmaske 3M Aura Atemschutzmaske 9332+ ermöglicht ein nahezu unbeschwertes Atmen und trägt sich äußerst an
3302	MOLDEX Feinstaubmaske M-3205 1 Stück	PSA Plattenleger	12.80		MOLDEX-3205 Feinstaubmaske FFP3, mit Ausatemventil, elastische Rundumbänderung, / Offenverkauf  1 Stück oder in Box zu 10 Mal 1 Stück. / Gegen giftige und Krebs erregende Schadstoffe bis Partikelklasse P3 bei Konzentrationen bis zum 30 fachen MAK-Wert. Typische Einsatzgebiete: Schweissen, Löten, Brennschneiden, Metallverarbeitung, Giessereien, Holzbearbeitung (Harthölzer), diverse Sanierungen, Ste
3303	Gasfilter A1 zu Moldex 7000 pro Stück	PSA Plattenleger	11.00		Gasfilter A1 Moldex 7000 nach EN 14387: 2004+A1:2008 / kann mit dem Partikelfilter oder direkt mit dem Maskenkör- / per verbunden werden. / Es braucht zwei Fiter / Preis ist pro Stück.
3304	Partikel-Filter P3 R zu MOLDEX 7000 pro Stück	PSA Plattenleger	8.00		Partikel-Ersatzfilter P3 R zu Masken MOLDEX Serie 7000 / Preis pro Filter / Es braucht 2 Filter Schutzstufe P3R.
3389	AKEMI afin® Handwaschpaste		23.00		AKEMI afin® Handwaschpaste,  800g Gramm in Dose: PH-Neutral intensive Reinigung, ist rückfettend. AKEMI® Handwaschpaste ist ein Reinigungsmittel auf Basis anionischer und nichtionischer Tenside, Glycolderivate und Kunststoffreibemehl. Das Produkt zeichnet sich durch folgende Eigenschaften aus: / gründliche und hautschonende Reinigung / keine scharfkantigen Reibkörper (z. B. Sand), sondern Kunststo
345	KSK 6 Zylinderform lang keramisch ø25x38 K24/36		6.80		Kleinschleifkörper KSK / ø 25x38mm / Schaft ø 6 mm x 40 mm / Korn 24/36 / Aus Siliziumcarbid / Form A / Aufnahme / 6mm
3460	Stukkateurspachtel 25mm		7.65		Stukkateurspachteln 25mm / 2-Seitig / Flach / spitz / erstklassiger Stahl / Blätter geschliffen / Griff und mit Plastiküberzug
370	KSK 6 Kegelform lang keramisch ø22x70mm K36		9.60		Kleinschleifkörper KSK / ø 22x 70 mm / Schaft ø 6mmx 40 mm / Korn 24/36 / Aus Siliziumcarbid / Form F / Aufnahme / 6mm
371	KSK 6 Kugelform keramisch ø25mm K36		5.10		Kleinschleifkörper KSK 6 / ø 25mm / Schaft ø 6mm x 40 mm / Korn 24/36 / Aus Siliziumcarbid / Form H / Aufnahme / 6mm
373	KSK 6 Zylinder mit Rundung konvex keramisch ø25x25mm K36		4.40		Kleinschleifkörper KSK / ø 25 x2 5mm oben bombiert / Schaft ø 6mm x 40 mm / Korn 24/26 / Aus Siliziumkarbid, / Form D / Aufnahme / 6mm
374	KSK 6 Kegelform stumpf keramisch ø20x30mm K36		6.50		Kleinschleifkörper KSK / ø 20 x 30mm / Schaft ø 6mm x 40 mm / Korn 24/36 / Aus Siliziumcarbid / Form G / . / Aufnahme / 6mm
3788	Husqvarna DMS 240 Bohrsystem		3		Produktebeschreibung: Das DMS 240 ist ein Bohrsystem bestehend aus elektrischer Bohrmaschine (Kernbohrmaschine) und Bohrständer welches für eine Vielzahl von Bohrarbeiten geeignet ist. Die Kernbohreinheit ist ein ideales System für mittelgroße Bohrlöcher in Wänden, Böden und Dächern (bis zu 250 mm Durchmesser). Der Bohrständer hat verschiedene Einstellmöglichkeiten. Die rückwärtige Stützstrebe gew
3886	AKEMI ACID Cleaner	AKEMI Produkte	24.20		AKEMI Acid Cleaner, frühere Bezeichnung war :Ceramics Zementschleierentferner / konzentriertes Reinigungsmittel auf Basis organischer Säuren mit nichtionischen Tensiden und Hilfsmitteln, keine korrosiven Dämpfe, frei von Lösungsmitteln, geruchsarm, biologisch abbaubar Zur Entfernung von Zement-, Mörtel- und Kalkresten sowie Pflegeschichten und Rückständen von kunststoffvergütetem Fugenmörtel auf s
3887	AKEMI COLOUR BOND Maxi Power / +P6	AKEMI Produkte	53.00		AKEMI COLOUR BOND Kartusche 250ml / Vorgefärbter, gelartiger 2-Komponentenkleber auf Basis Epoxyacrylat in verschiedenen Farben, hohe Klebekraft, sehr schnelle Oberflächentrocknung und Weiterverarbeitbarkeit, lebensmittelunbedenklich (bestätigt durch externes deutsches Prüfinstitut). Verarbeitungszeit: ca. 5-7 Minuten (20°C), Mischungsverhältnis 10:1. Zur schnellen, einfachen und sicheren Herstell
3897	KGS RED K810 Diamant Trennscheibe für Granit Trockenschnitt	Diamantwerkzeuge|Diamanttrennscheiben 45mm -125mm|Diamanttrennscheiben 150mm -230mm	46.00		RED K810 Diamant Trennscheibe Säge, Ø115-230mm, / Bohrung: 22.23 mm / Höhe: 7mm / Breite: 2.2mm / Für Beton, Betonpflaster, Ziegelstein, Dachziegel, Granit, Verbundstein, Kalksandstein, Marmor, Porenbeton, Pflasterstein geeignet. / PREMIUM TRENNSCHEIBE / Universell einsetzbare Scheibe / Schutzsegmente gegen Unterschneiden / Gewellter Stahlkern für einen stabilen Schnitt / Hohe Standzeit / Artikeln
3900	AKEMI Spectrum Pastes Bonding & Repair Set	AKEMI Produkte	1		Reparatur-Set beinhaltet alle 48 Tuben der Spectrum Pastes, den Colour Chart Farbfächer, eine 170 g Einheit PLATINUM P+ L-Spezial, eine 170 g Einheit PLATINUM P+ flüssig sowie Produkte zur Reinigung und Applikation. Diese Artikel sind späterauch als Einzelkomponenten erhältlich / Zum Einfärben von PLATINUM P+ (Epoxyacrylat-Kleber). Farbzuordnungstabellen (Colour Charts) zu den einzelnen Quarzkompo
3901	DMT-Diamantrutscher / Abziehstein DAS 150		209.00		In 4 Körnungen: D 76 - D 15 / von EXTRAGROB-EXTRAFEIN / Der DMT-Diamantrutscher wird in einer Holzschachtel mit Deckel geliefert. / Diamant-Abziehstein zum anschleifen von Bildhauerwerkzeugen. / Keine schmierigen Oele erforderlich / Schärfen Sie trocken oder mit Wasser. / Die Diamantgleichmässigkeit ist auch der Schlüssel zur Verbesserung der Leistung. DMT verwendet ein proprietäres Verfahren, das
3903	AKEMI Solid Wax	AKEMI Produkte	30.90		Cremiges, schnell trocknendes Poliermittel aus hochwertigen Wachsen Hartwachs zur Behandlung von horizontalen und vertikalen    Oberflächen wie Fensterbänken, Fliesen, Ecken und Kanten aus feingeschliffenem oder poliertem Natur- und Kunststein wie Marmor, Granit, Schiefer, Travertin, Terrazzo und Agglo. Erzeugt lang anhaltenden Glanz, schließt feine Kratzer, vertieft die natürliche Farbe und Struk
397	KSK 6 Zylinder mit Rundung konkav keramisch ø25x25mm K36		4.80		Kleinschleifkörper KSK / ø 25x25mm oben konkav-Muld (nach innen) / Schaft ø 6mm x 40 mm / Korn 24/36 / Aus Siliziumcarbid / Form C / Aufnahme / 6mm
4019	AKEMI TRANSFORMER MAX	AKEMI Produkte	120.90		Imprägnierung mit extrem schneller und starker Farbtonvertiefung, nach der Aushärtung ist das Produkt bei Kontakt mit Lebensmitteln gesundheitlich unbedenklich (bestätigt durch externes deutsches Prüfinstitut), Emissionsklasse A+ (bestätigt durch externes Prüfinstitut), Eintreten der Schutzwirkung (20°C): 5 - 10 min. Höhere Ergiebigkeit: 30 - 50 m²/l (bei polierten Flächen) / Witterungsbeständiges
4026	Bildhauer Diamanttrennscheiben für Trockenschnitt		211.00		Bildhauer Diamanttrennscheiben, galvanisierter Vollmantelbelag D 427. / Ø125 mm - 150 mm / Mit montiertem Flansch / Aufnahme M 14 / Maximal 6000-8000 rpm je nach grösse. / Aufnahme / M14 / Artikelnummer / ø / Preis / Warenkorb / 030-590 / 125 mm / ab Lager / exkl. MwSt / 030-592 / 150 mm / ab Lager / exkl. MwSt / Rückgaberecht / Versandinformationen / AGBs / © 2026 Ferronato AG - / Impressum/Daten
4030	Fingerfräser BETCUT DRY Vollbelag		70.00		Diamantfingerfräser BETCUT DRY  galvanisiert mit 45 Grad Kragen. / Fingerfräser mit rundum Vollbelag. / Für die Anwendung auf Winkelschleifern, zum Erweitern von Bohrungen, Innenflächen und Konturen. / Trockenanwendung, für alle Materialien / . / Drehgeschwindigkeit: ca. 10`000 U/min / für / Trockenanwendung / Nutzlänge / 40 mm / Aufnahme / M 14 / Artikelnummer / Durchmesser / Preis / Warenkorb / 
4031	BETCUT DRY M14 Diamantbohrkronen trocken/grob	Diamantwerkzeuge|Diamantbohrkronen	20.00		BETCUT DRY M14 Ø 5mm-Ø 150mm / Diamantbohrkrone "BETCUT DRY" Trockenbohrkrone vacuum braze. / Aufnahme M14 IG / Mit vollem Diamantbelag (vollbelegt), grobkörnig, vakuumbrased / Stabiler Stahlkörper / mit M14 Innengewinde / Geeignet für alle Materialien im Trockenbohrverfahren. / Drehgeschwindigkeit: 2`000 - 10`000 U/min. / Aufnahme / M 14 IG / Artikelnummer / ø / Nutzlänge / Preis / Warenkorb / 03
4040	BETCUT-FAT Ø 90 - 113mm Fugenfräser	Diamantwerkzeuge|Diamanttrennscheiben 45mm -125mm	60.75		BETCUT-FAT Fugenfräser Ø 90 mm - 113 mm / Aufnahme 22.2 mm / für Granit / universal / Turbo-Fräsbelag 6,0x10,0mm / max.Speed 10`000 rpm / Durchmesser / 90 mm / Artikelnummer / Preis / Warenkorb / 032-128 / ab Lager / exkl. MwSt / Rückgaberecht / Versandinformationen / AGBs / © 2026 Ferronato AG - / Impressum/Datenschutzerklärung / Javascript deactivated / Javascript is deactivated, some functions 
4046	Staub-Halbmaske Moldex 7000, ohne Filter		36.00		Staub-Halbmaske Moldex 7000 / Maskenkörper Halbmaske / ohne Filter / Serie 7000 Komplett ausgestattete Atemschutzmehrweg-Halbmaske. Wiederwendbare Atemschutzmaske mit minimalem Wartungsaufwand. Die Kombination von Gas und Partikelfilter ist frei wählbar. Sicher und Komfortabel. Maskenkörper aus weichem, hautverträglichem T PE - Bebänderung, kann gelöst werden zur einfacheren Handhabung in Tragepau
4059	KGS Hybrid Flap Disc M14 WET & DRY		93.00		KGS Hybrid Flap Disc M14 Körnung 50-200, Nass- und Trockenanwendung. / Flap Disc Ø115mm Diamant-Lamellenschleifscheibe mit Körnung 50-200 mit M14-Aufnahme. Diamantschleiffteller, belegt mit minimum flexiblen Diamantlamellen, für ultraschnelles und vibrationsfreies Schleifen und Schruppschleifen. Garantiert sehr grosser Abrieb, auch auf sehr harten kompakten Oberflächen und Kanten. Trocken und auch
4065	AKEMI Farbtonvertiefer Super	AKEMI Produkte	42.00		Imprägnierung mit hervorragender Farbtonvertiefung, nach der Aushärtung ist das Produkt bei Kontakt mit Lebensmitteln gesundheitlich unbedenklich (bestätigt durch externes deutsches Prüfinstitut). Eintreten der Schutzwirkung (20°C): ca. 24 - 48 h Witterungsbeständiges Produkt mit Langzeitwirkung für innen und außen. Besonders zur Farbtonvertiefung von dunklen Steinen (wie Nero Assoluto, Impala sch
4066	BETCUT CERAMICS Turbo Nassanwendung		124.00		BETCUT CERAMICS Turbo Ø300mm/30/25.4 und Ø350mm/30/25.4 CD325 / Diamanttrennscheibe für Keramik, Feinsteinzeug und Natursteine/Baumaterial / Turbo-Vollbelag 7,0mm Nassanwendung / BETCUT CERAMICS für Tischfräsen Die perfekte Trennscheibe für universellen Einsatz auf der Bau-Tischfräse. Sehr gute Schnittleistung auch mit relativ wenig Wasserzuführung. Top-Leistung im Materialmix zwischen Keramikplat
4069	BETCUT SPIRALBRICK Ø 100mm, Trockenanwendung		18.00		BETCUT SPIRALBRICK  Ø 100 mm Korn 50 - Korn 3000 und SHINE (BUFF) / PAD Ø 100mm Velcro Verbindung, für Granit, Hartgestein, für Trockenanwendung. Ein Dauerläufer... / Aufnahme / Klettverbindung / Artikelnummer / Körnung / Preis / Warenkorb / 031-760 / 50 / ab Lager / exkl. MwSt / 031-762 / 100 / ab Lager / exkl. MwSt / 031-764 / 200 / ab Lager / exkl. MwSt / 031-766 / 400 / ab Lager / exkl. MwSt /
4094	KGS FILEX Diamant Hand-Feilen flach 40x20 mm		13.90		KGS FILEX Feilen flach 40x20 mm,  DIAMOND Diamanthandfeile, / Körnungen von 120-800 / Für Nass- und Trockenschleifen / Bei Nassschliff lange Lebensdauer / Diamantfläche 38,5 x 19 mm. / Empfohlen für Kalkstein hart, Marmor weich, Marmor hart, Granit, Serpentin hart / Milimeter / 38.5 mm x 19 mm mm / Artikelnummer / Körnung / Farbe / Preis / Warenkorb / 030-344 / 120 / schwarz / ab Lager / exkl. MwS
4132	Druckluft Winkelschleifer Mini		282.00		DL-Winkelschleifer Mini / 12'000 Upm (RPM) / Luftbedarf 200 l/min / Luftdruck 4-5 bar / inkl. Klett- Aufnahmeteller Ø 50 mm / Gewicht: 0.9 kg / Mini-Winkelschleifer zum Schleifen und Polieren von engsten Radien und kleinen Flächen / ideal geeignet zum Fasenschleifen von Beckenausschnitten / Trockeneinsatz in Kombination mit Schleifbelägen KS-Dry-MINI
4207	DSK 3mm Set Gravurstifte gesintert 10 verschiedene Formen		180.00		10-teiliges Set mit gesinterten Diamant-Gravurstiften / grob D427 / Schaft Ø 3x30mm / geliefert in Plastikbox / für Trockenanwendung / Aufnahme / 3x30 mm
4215	AKEMI FLEXY-ZEM	AKEMI Produkte	33.60		FLEXY-ZEM luftfeuchtigkeitshärtender, 1-Komponenten-Fugenfüllstoff (310 ml) auf Polymerbasis, garantiert keine Randzonenverfärbung, fungizide Einstellung, im Innen- und Außenbereich einsetzbar, 12 Monate lagerfähig FLEXY-ZEM ist ein spezieller Fugenfüllstoff für Dehn- und Anschlussfugen im Bereich Großkeramik, Fliese, Natur- und Kunststein wie Marmor, Granit, Quarzit, Sandstein, Terrazzo und Beton
4241	KGS RED K810 Diamanttrennscheibe 115-230 mm  Aufnahme M14	Diamantwerkzeuge|Diamanttrennscheiben 45mm -125mm|Diamanttrennscheiben 150mm -230mm	57.00		RED K810 Diamant Trennscheibe Säge / für Granit / Ø115-230mm / Aufnahme M14 / Höhe: 7mm, Breite: 2.2mm / für Trockenschnitt / Für Beton, Betonpflaster, Ziegelstein, Dachziegel, Granit, Verbundstein, Kalksandstein, Marmor, Porenbeton, Pflasterstein Kunststein geeignet. / PREMIUM TRENNSCHEIBE: / Universell einsetzbare Scheibe. / Schutzsegmente gegen Unterschneiden. / Gewellter Stahlkern für einen st
4242	KGS RED FINE CUT K840 CERAMICS	Diamantwerkzeuge|Diamanttrennscheiben 45mm -125mm	46.00		KGS RED FINE CUT K840 Ø125/22,2mm "New tech" Diamanttrennscheibe / 5 Segmente Breite:1,1mm für Keramik und Naturstein / gesintert, mit Vollbelag. / Swiss Diamond Technology
4243	BETCUT NSTTB CERAMICS	Diamantwerkzeuge|Diamanttrennscheiben 45mm -125mm|Diamanttrennscheiben 150mm -230mm	55.00		BETCUT Keramik-Trennscheibe New Shape Turbo Thin blade für Keramik Trockenschnitt / in den Grössen: Ø125 mm/ 150 mm / 230 mm / Aufnahme: 22,2mm mit Kernflansch / 10x1,2mm Diamantbelag / Für Trockenanwendung / Aufnahme / 22.2 mm / Artikelnummer / ø / Preis / Warenkorb / 030-576 / 125 mm / ab Lager / exkl. MwSt / 030-602 / 150 mm / ab Lager / exkl. MwSt / 030-604 / 230 mm / ab Lager / exkl. MwSt / R
4247	KGS MS-Polymer High Tack 360		14.70		Kartusche Farbe weiss und schwarz, Inhalt 290 ml. / Baumaterialien direkt verkleben und befestigen auf nahezu allen Oberflächen. Besonders für die Verklebung und Montage von schweren Materialien wie Stein und Keramik. Dauerelastisch, sehr gute Haftung auch auf feuchtem Untergrund. UV- und witterungsbeständig. Keine Fleckenbildung auf Naturstein. Schnelle Aushärtung. (Temp. +5°C bis -40°C). / Beson
4300	AKEPOX PANEL ADHESIVE 7030 2K-Kleber	AKEMI Produkte	94.50		AKEPOX PANEL ADHESIVE 7030 / 2-Komponentenkleber / cremig - standfest Grau 3kg Gebinde / Comp.A 2,25Kg / Comp.B 0,75Kg / Zur flächigen Verklebung von Dünnkeramik. Innen-und Aussenbereich sehr schnelle Aushärtung / cremig-standfester 2K-Kleber, leicht verarbeitbar, sehr schnelle Aushärtung (ca. 2 - 4 h), Mischungsverhältnis 3:1 Zur flächigen Verklebung von Dünnkeramik sowie Natur- und Kunststein au
4388	KGS Flexis FM  Ø150mm/6"		26.90		KGS Flexis FM System Ø 150 mm 6" Korn 100 - Korn 3000. Bodenpads zum Reinigen und Polieren mit der neuen FERRZON®+ Technologie. Damit erreicht die tägliche Boden-Reinigung eine neue Dimension der Oberflächenbehandlung. / Professionelle Reinigungsfachkräfte, die die bestmöglichen Produkte zur Fußbodenwartung und -reinigung suchen, vertrauen auf FLEXIS® Bodenpads mit unschlagbaren Reinigungs- und Po
4424	BETCUT HONEYCOMB PAD Ø150 mm 1- 6		77.20		BETCUT HONEYCOMB PAD / Ø150mm / K50-10000 mit Velcrobelag / Für Hartgestein und Beton / Nass+Trockenanwendung / wet and dry honeycomb / durchnummeriert von 1-6. / Aufnahme / Velcrobelag / Artikelnummer / Bez. / Korn / Preis / Warenkorb / 031-882 / Nr. 1 / 50 / Nicht an Lager / exkl. MwSt / 031-884 / Nr. 2 / 100 / Nicht an Lager / exkl. MwSt / 031-886 / Nr. 3 / 400 / ab Lager / exkl. MwSt / 031-888
4448	AKEMI Jollynator	AKEMI Produkte	19.90		JOLLYNATOR Mischdüsenaufsatz für COLOUR BOND P+ Mischdüse 08-18 Aufsatz für AKEMI Mischdüse. Zum materialsparenden und genaueren Einbringen des Klebers COLOUR BOND P+ in die Fuge. / 12 Stück in der Tüte. / Material / Naturstein, Granit, Marmor und Kalkstein, Quarzkomposit, Keramik, Solid-Surface
4515	Slx StoneLux® 2.0 Ceramic Kit Sortiment		1		Das umfassende StoneLux 2.0 Ceramic Kit Reparatur Set für Quarzkomposit, Keramik und Fliesen mit 14 Reparaturfarben, 1 Mal Sanitary Weiss matt und folgenden Highlights: / Neue Ideen für bessere Reparaturen! / 5 Reparaturtechniken machen den Einsatz eindrucksvoll möglich. / Transpa Technik, für Kleinschäden an lebhaften Oberflächen / Retusche Technik für voluminöse Schäden an farbvielfältigen Oberf
4570	Messingdrahtbürste Zeintra 3 Reihen		18.20		Messingdrahtbürstemade in Switzerland. / Messingdraht gewellt / 3 Reihen / Breite: 30 mm / Besatzlänge: 145 mm / Länge: 290 mm / Diese Bürste findet ihre Anwendung bei der Reinigung von noch nicht stark angerosteten Teilen.
4697	PULVERFARBE OXYD SCHWARZ 500 1 Kilogramm		7.75		Produktbeschreibung: / Polierpulver als Beimischung zur Farboptimierung / vor Verwendung Polierpulver mit Wasser aufschlämmen / in 1 Kilogrammbüchse mit Sicherheitsdrehverschluss / Vielseitige Anwendbarkeit: Perfekt geeignet für Beton, Gips, Lacke, Farben, Beschichtungen, Kunststoffe und Silikone. / (feine Schwarze Pulverfarbe) für Innen und Außen zum dekorativen Einfärben von Beton, Putz, Gips, …
4699	TRED Diamanttrennscheibe Ø22mm		49.00		TRED Diamanttrennscheibe montiert HP Ø22mm / Schaft/Mandrell Ø2,35mm / Dicke Trennscheibe  0.25 mm / Länge 46 mm / Dental / galvanisiert
4901	FERRAMICS Ø350/60 Blau		239.00		FERRAMICS ZooZ Diamanttrennscheibe Keramik Ø350mm/60mm Sandwich Kern. NL: TK100mm 2x12mm Löcher, 28 Segmente, 44x3.2x7mm engverzahnt. Umdrehungszahl: RPM +-2000 U/min. / Für DEKTON, LAMINAM, NEOLITH usw. / Vorschub bei Plattendicke 8mm: 1,7-2,2 m/min 12mm: 1,7-2,2 m/min, 13mm-20mm: 1,5-2,0 m/min. / Für vertikale Schnitte in DEKTON LAMINAM Dicke 20mm immer 1,6 m/min Vorschub 45°/12mm Schnitt 1,2 m/
4928	PKD Schleiftopf blau 125mm		180.00		Schleiftopf DT100-362: / Schneller und effektiver Abtrag ohne zu verkleben / Besonders leistungsstarker PKD-Spezialschleiftopf / Schneller und effektiver Abtrag, aufgrund der PKD (poly-kristaline Diamanten) Segmente / Ø 125 mm / Höhe 22 mm / Aufnahme 22.23 mm / 12200 RPM / Geschwindigkeit: 80m/s / Segmentzahl 6 Stück / Trockenanwendung
4929	PKD Schleiftopf blau 180mm		220.00		Schleiftopf DT100-260: / Schneller und effektiver Abtrag ohne zu verkleben / Besonders leistungsstarker PKD-Spezialschleiftopf / Schneller und effektiver Abtrag, aufgrund der PKD (poly-kristaline Diamanten) Segmente / Ø 180 mm Höhe 30 mm / Aufnahme 22.23 mm / 8700 RPM / Geschwindigkeit: 80m/s / Segmentzahl 6 Stück / Trockenanwendung
4931	PKD Schleiftopf schwarz 180mm		174.00		Schleiftopf DT100-237: / Schneller und effektiver Abtrag ohne zu verkleben / Besonders leistungsstarker PKD-Spezialschleiftopf / Schneller und effektiver Abtrag, aufgrund der PKD (poly-kristaline Diamanten) Segmente / Ø 180 mm / Höhe 30 mm / Aufnahme 22.23 mm / 8700 RPM / Geschwindigkeit: 80m/s / Segmentzahl 12 Stück / Trockenanwendung
4986	Ferrix Schleifteller Keramik Ø100 mm M14		104.00		Schleifteller für Keramik / Ø100 mm / Aufnahme M14 / Körnung 50 / Hart / für nass und trocken Anwendung
4987	DTS Trenn-u. Schruppscheibe für Fliesen und Feinsteinzeug Ø125mm M14		65.00		Diamant Trenn-und Schruppscheibe für Fliesen und Feinsteinzeug: KJC Master Ø125mm M14 / Technische Daten: / Grösse: Ø125mm / Aufnahme: M14 / Trockenanwendung / Gewicht: 0.19 kg / Beschreibung: / Premium-Trenn- und Schruppscheibe für Bündigschnitte und zum Anfasen / Fliesen, Feinsteinzeug
5167	FLEX SE 14-2 125 Supraflex Set	Elektrogeräte|230 Volt	745.00		Beschreibung: / VR-Elektronik: stufenlose Drehzahlvorwahl, Drehzahlkonstanthaltung mittels Tachogenerator, Überlastungsschutz, Wiederanlaufsperre und Temperaturüberwachung / Kraftvoller 1400 Watt Motor mit leistungsstarkem Lüfter für optimale Kühlung / Optimierte Luftführung für bestmögliche Kühlwirkung von Motor und Getriebe. Keine störende Abluft für den Anwender / Neuartige Kombination von Plan
5444	FERRAMICS Ø400/60 Blau		296.00		FERRAMICS ZooZ Diamanttrennscheibe Keramik Ø450mm/60mm Sandwich Kern. 28 Segmente, 44x3.2x7mm engverzahnt. Umdrehungszahl: RPM +-2000 U/min. / Für DEKTON, LAMINAM, NEOLITH usw. Vorschub bei Plattendicke 8mm: 1,7-2,2 m/min 12mm: 1,7-2,2 m/min, 13mm-20mm: 1,5-2,0 m/min. / Für vertikale Schnitte in DEKTON LAMINAM Dicke 20mm immer 1,6 m/min Vorschub 45°/12mm Schnitt 1,2 m/min 45°/20mm Schnitt 1,0 m/mi
5449	AKEMI Spectrum Pastes 51 Farben	AKEMI Produkte	23.20		Spectrum Pastes, Farbpaste Zum Einfärben von PLATINUM P+ (Epoxyacrylat-Kleber). Farbzuordnungstabellen (Colour Charts) zu den einzelnen Quarzkompositen und Keramiken der namhaften Hersteller: / colour charts / oder in unserer App: / Colour Chart App / . / Auch geeignet für AKEMI Polyester Kleber und Kitte sowie EVERCLEAR-Produkte in Dosen. / Auf Bild 2 ist das passende App für Android und Apple Ha
5529	FLEX Aktion Winkelschleifer Set LBE 17-11 inkl. L12-11	Elektrogeräte|230 Volt	329.00		2 Maschinen zu einem sensationellen Preis / Gerät 1: Flex LBE 17-11 125 Winkelschleifer / Beschreibung: / Mikroprozessor-Elektronik mit Sanftanlauf, Wiederanlaufsperre nach Stromausfall, Überlastungsschutz, CDC-Konstantelektronik / Motor: hoch belastbar mit hohem Wirkungsgrad für starke Abgabeleistung / Erhöhte Lebensdauer dank optimierter Kühlung und veränderter Kohlengeometrie / Aufwändige Staub
5531	AKEMI Jollynator Set 90°+  135°	AKEMI Produkte	36.00		JOLLYNATOR Set 90° für COLOUR BOND P+. / Inhalt: / 1 Abziehwerkzeug 90° oder 135° / 1 Reinigungsspatel 90° oder 135° / Zur Erstellung perfekter 90° und 135° Außenkanten in Verbindung mit COLOUR BOND P+. Insbesondere bei Waschtischen, Treppenstufen, Fensterbänken, Ablagen, Badewannenverkleidungen, Duschbänken, Duschnischen. / Material: / Naturstein, Granit, Marmor und Kalkstein, Quarzkomposit, Kera
5543	FERRIX Diamant Frässcheibe Ø125 x22.2 mm / 6 mm	Diamantwerkzeuge|Diamanttrennscheiben 45mm -125mm	148.00		FERRIX Diamant Frässcheibe Ø125 mm / Für folgende Maschinen Winkelschleifer Mauerschlitzfräsen/Mauernutfräsen / Fugenfräser / Trockenanwendung (auch nass möglich) / Aufnahme 22.2 mm / Segmentbreite 6 mm / Optimaler Kernschutz durch eingelötete Schutzsegmente
5544	FERRIX Diamant V Fräser Ø125 mm	Diamantwerkzeuge|Diamanttrennscheiben 45mm -125mm	154.00		FERRIX Diamant V-Fräser Ø125 mm. Anwendung auf Winkelschleifer,  Ideal für Beton armiert Beton/Betonerzeugnisse Kalksandstein Sandstein Estrich Asphalt / V-Nut-Fräser / Nur Nassanwendung / Aufnahme 22.2 mm / Segmenthöhe 12 mm / Segmantbreite 9.5 mm / zur Reparatur von Rissen
5545	FERRIX Diamant Frässcheibe Ø125 mm / 10 mm	Diamantwerkzeuge|Diamanttrennscheiben 45mm -125mm	168.00		FERRIX Diamant Frässcheibe Ø125 mm / Für folgende Maschinen Winkelschleifer Mauerschlitzfräsen/Mauernutfräsen / Fugenfräser / Trockenanwendung (auch nass möglich) / Aufnahme 22.2 mm / Segmentbreite 10 mm / Optimaler Kernschutz durch eingelötete Schutzsegmente
5546	FERRIX Diamant Frässcheibe Ø125 mm / 8 mm	Diamantwerkzeuge|Diamanttrennscheiben 45mm -125mm	198.00		FERRIX Diamant Frässcheibe Ø125 mm / Fugenfräser / Trockenanwendung (auch nass möglich) / Aufnahme 22.2 mm / Segmentbreite 8 mm
5635	PSA Schutzhandschuhe SHOWA 380	PSA Plattenleger	5.20		Der vielfältig einsetzbare Handschuh 380 gewährleistet ein präzises Tastgefühl und bietet eine dauerhafte Griffsicherheit sowohl in nassen als auch in trockenen Umgebungen beim Umgang mit kleinen öligen Komponenten oder beim Heben schwerer Gegenstände. / Mit dem Fokus auf Komfort verhindert das elastische Bündchen das Eindringen von Schmutz in den Handschuh und über die offene Rückseite können Luf
5687	PROBST KNEESEAT Kniehocker KS	PSA Plattenleger	112.00		Der KNEESEAT unterstützt und entlastet Rücken, Schultern und Nacken, indem er Hüfte, Knie- und Sprunggelenk im optimalen Winkel positioniert. / Weitere Detailinformationen: / Ergonomische Knie- und Fußgelenkschoner. / Entlastet den Rücken beim Knien und Sitzen. / Extra dicke, verzinkte Stahlrohre für zusätzliche Stabilität. / Entspricht DIN EN 14404:2010-05 Typ 4 / Stufe 0. / per Stück / Technisch
5719	StoneLux 2.0 Profi Set PRO		3		StoneLux® 2.0 professional SET mit Keramik Reparatur Modul. / Transpa Technik Ceramic für Kleinschäden an Oberflächen. / Retusche Technik für voluminöse Schäden an farbvielfältigen Oberflächen. / Kristall Technik für Schäden an monochromen, kristallinen Oberflächen. / Struktur Technik für Schäden an strukturierten Oberflächen. / Mikrodefekt Technik für Haarrisse, Präparationsränder und sonstige Kl
5720	StoneLux 2.0 Professional Kit  (ohne Ceramic Kit)		2		Das umfassende StoneLux 2.0 Professional Reparatur Set für Naturstein, Quarzkomposit, Steinzeug, Keramik und Fliesen mit 10 Reparaturfarben und folgenden Highlights: / Neue Ideen für bessere Reparaturen! / 5 Reparaturtechniken machen den Einsatz eindrucksvoll möglich. / Transpa Technik, für Kleinschäden an lebhaften Oberflächen / Retusche Technik für voluminöse Schäden an farbvielfältigen Oberfläc
5736	FLEX Staubsauger VC 6 L MC 18.0 Volt	Elektrogeräte|Mit Akku	240.00		Beschreibung: / Sehr kompakter, handlicher und leichter Sauger mit Tragegurt für den mobilen Einsatz. Passt durch die kompakte Bauweise in jedes Fahrzeug / Die Hochleistungsturbine sorgt für hohe Saugleistung und hohen Unterdruck. / Dadurch entsteht ein hervorragendes Absaugergebnis Durch Betätigung der manuellen Filterabreinigung wird das Filterelement durch einen gezielten Luftstoß von abgelager
5749	FLEX R 2602 Rührmaschine	Elektrogeräte|230 Volt	1		Beschreibung: / Ideal für Gipser und Baumeister / Seit Jahren bewährt und beliebt / Extrem robustes und langlebiges Leichtmetallgehäuse / Zum Mischen und Rühren von Gips, Putz, Zement, Emulsionen und zum anrühren von Mischungen / Sicherheitsschalter / Technische Daten: / Leistungsaufnahme: 1600 Watt / Leerlaufdrehzahl: 2000 / min / Gewicht: 9.3 kg / Grundausstattung: / 1 Adapter innen M 20 / M 14 
5750	FLEX  LD 24-6 180 Betonschleifer	Elektrogeräte|230 Volt	1		Beschreibung: / Elastischer Gummiabsaugring mit verschleißarmen Metallring: gleitet ruckfrei über die Oberfläche, schützt vor Staub und herausschleudernden Steinen / Staubabsaugung: schützt vor abrasivem Staub, senkt den Scheibenverschleiß, hält die Betonporen für die Neubeschichtung offen / Sanftanlauf: für sicheren Start ohne Überlastung des Stromnetzes / Wiederanlaufsperre nach Stromausfall / A
5754	FLEX LB 17-11 Winkelschleifer Ø125mm Aufnahme M 14	Elektrogeräte|230 Volt	290.00		Beschreibung: / Mikroprozessor-Elektronik mit Sanftanlauf, Wiederanlaufsperre nach Stromausfall, Überlastungsschutz, CDC-Konstantelektronik / Motor: hoch belastbar mit hohem Wirkungsgrad für starke Abgabeleistung / Erhöhte Lebensdauer dank optimierter Kühlung und veränderter Kohlengeometrie / Aufwändige Staubabdichtung von Motor und Getriebe / Mit mechanischer Bremse, stoppt das Werkzeug in 3,5 Se
5785	FLEX LBE 125 18.0-EC C Akku Winkelschleifer	Elektrogeräte|Mit Akku	350.00		Beschreibung: / Electronic Management System (EMS) schützt die Maschine, verlängert die Lebensdauer und erhöht die Effizienz / Bürstenloser Motor mit höherem Wirkungsgrad und längerer Lebensdauer / Mikroprozessor-Elektronik mit Sanftanlauf, Wiederanlaufsperre nach Stromausfall, Temperaturüberwachung, Überlastungsschutz, CDC-Konstantelektronik / Mit elektronischer Bremse, stoppt das Werkzeug in 3 S
5931	Aufnahmeteller SF HART Ø130 SF M14 hart		58.00		Aufnahmeteller SF ø 130mm / M14 hart mit IG / Bajonettaufnahme flach / mit Innengewinde / Aufnahme / M14 IG
5937	BETCUT NSTTB1,2 Ø125mm / 150 mm Keramik mit M14 Premium CH Flansch	Diamantwerkzeuge|Diamanttrennscheiben 45mm -125mm|Diamanttrennscheiben 150mm -230mm	79.00		BETCUT NSTTB für Keramik Trockenschnitt BETCUT Keramik-Trennscheibe / New Shape Turbo Thin blade / in der Grössen: Ø125 mm und 150 mm / Aufnahme: M14 Swiss Premium Flansch / 10x1,2mm Diamantbelag / Für Trockenanwendung / Aufnahme / M14 / Artikelnummer / Durchmesser / Preis / Warenkorb / 030-577 / 125 mm / ab Lager / exkl. MwSt / 030-603 / 150 mm / Nicht an Lager / exkl. MwSt / Rückgaberecht / Vers
5950	AKEMI AKENOVA® ELASTIC 100	AKEMI Produkte	17.40		Elastischer 1K-Klebstoff auf Basis Polyhybrid-Technologie, sehr hohe Anfangshaftung (High Tack >200 kg/m²), Klebefestigkeit > 4 N/mm², geringer Schwund, witterungsbeständig, VOC-, silicon-, isocyanat- und zinnfrei, nahezu geruchlos, überlackierbar, spannungsausgleichend, sehr emissionsarm (EMICODE® EC1PLUS), Emissionsklasse A+ (bestätigt durch externes Prüfinstitut) / Zum Einkleben von Ankerstange
5951	AKEMI AKENOVA® ROCKET 200	AKEMI Produkte	17.40		Schneller 1K-Klebstoff auf Basis Polyhybrid-Technologie, handfest nach 20 Minuten, sehr hohe Anfangshaftung (High Tack >200 kg/m²), Klebefestigkeit > 6,5 N/mm², hohe Wasserbeständigkeit, witterungsbeständig, VOC-, silicon-, isocyanat- und zinnfrei, nahezu geruchlos, überlackierbar, spannungsausgleichend, sehr emissionsarm (EMICODE® EC1), Emissionsklasse A+ (bestätigt durch externes Prüfinstitut) /
5993	Diamant Trenn- und Schleifscheibe Ø 30 mm M14		16.00		Diamant Trenn- und Schleifscheibe / vakuumgelötete Diamanten / Ø 30 mm / Höhe über alles 40 mm / Aufnahme: M14 / Trockenanwendung
5994	Diamant Trenn- und Schleifscheibe Ø40 mm M14		18.40		Diamant Trenn- und Schleifscheibe / vakuumgelötete Diamanten / Ø 40 mm / Höhe über alles 40 mm / Aufnahme: M14 / Trockenanwendung
5997	Diamant Topfscheibe Ø100mm M14		44.00		Topfscheibe / vakuumgelötete Diamanten / Ø100mm / Aufnahme: M14 / Trockenanwendung
5998	Diamant Topfscheibe Ø115 mm M14		48.00		Topfscheibe / vakuumgelötete Diamanten / Ø115mm / Aufnahme: M14 / Trockenanwendung
5999	Diamant Schleifkegel Ø 35 mm M14		24.00		Diamant Schleifkegel / Ø 35 mm / Höhe ohne Aufnahme 40 mm / Aufnahme M14 / Trockenanwendung
6000	Diamant Schleifkegel Ø 38 mm M14		27.20		Diamant Schleifkegel / vakuumgelötete Diamanten / Ø 38 mm / Höhe ohne Aufnahme 35 mm / Aufnahme M14 / Trockenanwendung
6001	Diamant Schleifkegel gekröpft Ø 48 mm M14		32.00		Schleifkegel gekröpft / vakuumgelötete Diamanten / Diamant Schleifkegel / Ø 48 mm / Höhe ohne Aufnahme 45 mm / Plafond Ø 20mm / Aufnahme M14 / Trockenanwendung
6002	Diamant Schleifkegel Ø 50 mm M14		36.00		Diamant Schleifkegel / vakuumgelötete Diamanten / Ø 50 mm / Höhe ohne Aufnahme 50 mm / Aufnahme M14 / Trockenanwendung
6009	FLEX L 125 18.0-EC C Akku Winkelschleifer	Elektrogeräte|Mit Akku	205.00		Beschreibung: / Electronic Management System (EMS) schützt die Maschine, verlängert die Lebensdauer und erhöht die Effizienz / Bürstenloser Motor mit höherem Wirkungsgrad und längerer Lebensdauer / Mikroprozessor-Elektronik mit Sanftanlauf, Wiederanlaufsperre nach Stromausfall, Temperaturüberwachung, Überlastungsschutz, CDC-Konstantelektronik / Anti-Kickback, schaltet beim Blockieren der Scheibe d
6025	Husqvarna DE 110i Akku Staubsauger für BLi-System		2		Dieser vielseitige Staubabsauger der H/HEPA-Klasse wird von Husqvarnas eigenen 36-V-BLi-Akkus angetrieben und eignet sich hervorragend für handgeführte Akku-Geräte. Er verfügt über ein benutzerfreundliches HMI und eine SmartFlow-Funktion, die den Luftstrom automatisch anpasst und gleichzeitig die maximale Laufzeit der Batterien sicherstellt. Sein hoher Wasserschutz ermöglicht eine schnelle und eff
6058	Knieschoner schwarz durchstichfest	PSA Plattenleger	39.50		Knieschoner schwarz / durchstichfest bis 250 N / Befestigungsriemen 5 cm breit / per Paar
6059	Knieschoner Poly	PSA Plattenleger	87.00		Knieschoner Poly, stark rutschhemmend, extrem hoher Tragekomfort / per Paar / waschbar bei 30 Grad
6066	FLEX MT 18.0-EC C Akku Multitool	Elektrogeräte|Mit Akku	255.00		Beschreibung: / Das Getriebe ist mit einem beidseitig großen Oszillationswinkel von 2° ausgestattet, dadurch wird schnelles Sägen, Schneiden, Schleifen und Abkratzen unterstützt / Mit StarlockMAX Werkzeugaufnahme und kompatiblen Klemmmechanismus für alle Starlock Zubehörteile / Das Multitool ist einsetzbar für die unterschiedlichsten Anwendungen wie Sägen, Schneiden, Ausschneiden von Holz, Metall,
6106	FLEX  Akku Staubsauger VC2 L HIP 18.0-EC Hüftsauger	Elektrogeräte|Mit Akku	225.00		Technische Daten: / Akku-Spannung: 18.0 V / Akku-Kapazität: 2.5 / 5.0 / 8.0 Ah / Volumenstrom Sauger: 1200 m³/h / Max. Unterdruck: 20500 Pa / Filterfläche: 1250 cm² / Behältervolumen: 1.5 l / Schlauchlänge: 2.5 m / Abmessung (L x B x H): 340 x 135 x 290 mm / Gewicht ohne Akku: 2.0 kg / Grundausstattung: / 1x Vlies-Filtersack 530.573 / 1x Flachfaltenfilter 530.574 / 1x Saugschlauch mit Nebenluftreg
6108	FLEX  Aktion Akku Linienlaser 360° ALC3/360-G/R 12 Volt	Elektrogeräte|Mit Akku	990.00		Beschreibung: / Mit einer horizontalen und zwei vertikalen 360° Laserlinien, einzeln schaltbar / Die Linien stehen im 90° Winkel zueinander und ermöglichen eine schnelle Ausrichtung und Montage / Lotfunktion, die vertikalen Kreuzpunkte sind automatisch der Lotpunkt / Speziell entspiegelte Gläser sorgen für saubere und hochpräzise Laserlinien / Das grüne Linienbild ist deutlich klarer in der Darste
6135	KRAFTWERK Schlosserhammer		24.40		chlosserhammer mit 500 g Kopfgewicht und einem sehr hochwertigen und leichten Fiberglasstiel. Der mit Gummi überzogene und ergonomische Handgriff gewährleistet einen sicheren und rutschfesten Halt. / Schlosserhammer mit Fiberglasstiel / Gummiüberzogener und ergonomischer Handgriff / Kopfgewicht: 500 g / Länge Hammerkopf: 118 mm / Abmessungen Schlagseite: 27 mm / Gesamtlänge: 320 mm / Gesamtgewicht
6152	KRAFTWERK Profi-Rollmeter 5m x 27mm		32.00		Extra breites, schockabsorbierendes Massband / 2-seitig beschriftet mit mm-Einteilung / nylonbeschichtet / Grosser, magnetischer Endhaken / robustes ABS-/Gummi-Gehäuse
6158	NEMO GRABO - SlenderSeal		99.00		Produktinformationen Slender Seal ist eine neue Dichtlippe, die auf alle GRABO Modelle passt. Mit der geringen Breite von 100mm und einer Länge von 400mm eignet sich das Slender Seal speziel zum Ansaugen von schmalen Oberflächen. Es macht das Heben von schmalen Fliesen, Holzbalken, Stahlträgern, Paletten, und zugeschnittenen Pflastersteinen und Tischplatten zum Kinderspiel. Selbst Rohre lassen sic
6162	FLEX Absaughaube komplett für: LBE 17-11 Winkelschleifer		111.00		Beschreibung Ermöglicht randnahes Arbeiten bei höchster Absaugleistung. Höhenverstellung über Innensechskantschraube erlaubt ein schnelles Anpassen der Absaughaube auf die Werkzeughöhe. Hinweis: für das Arbeiten mit der Absaughaube und Diamantschleiftellern wird ein Winkelschleifer mit mindestens 1500 Watt empfohlen. Nur passend für Winkelschleifer mit Rastmechanik-Schutzhaube. / Technische Daten:
6167	Flex Aktion Pack VCE 33 M AC-Set		1		VCE 33 M AC-Set Sauger, inkl. Reinigungsset, 5 Stk Filtersäcke und FLEX box klein. Die Aktion läuft bis 31.03.2025 / Beschreibung: / Adapterplatte zur Fixierung von L-BOXXEN und Tanos Systainern auf dem Kopf des Saugers / Die Hochleistungsturbine sorgt für hohe Saugleistung und hohen Unterdruck. Dadurch entsteht ein hervorragendes Absaugergebnis / Konstant hohe Saugleistung durch laufendes automat
6197	AKEMI Rapid Impregnator	AKEMI Produkte	34.60		Imprägnierung auf Basis von organischen und siliziumorganischen Wirkstoffen / Dient zur wasser- und schmutzabweisenden Behandlung von Natur- und Kunststein mit polierter, geschliffener und rauer Oberfläche. Sehr schnelle Entfaltung der Schutzwirkung mit ausgeprägtem Abperleffekt. Ideal für Fassaden, Denkmäler und Grabsteine. / Schützen & Imprägnieren: Basisschutz / Materia:l Naturstein, Granit, Te
6200	Flex Aktion Pack VCE 44 L AC-Set		879.00		Beschreibung: / Adapterplatte zur Fixierung von L-BOXXEN und Tanos Systainern auf dem Kopf des Saugers / Die Hochleistungsturbine sorgt für hohe Saugleistung und hohen Unterdruck. Dadurch entsteht ein hervorragendes Absaugergebnis / Konstant hohe Saugleistung durch laufendes automatisches Abreinigen des Filters / Der Flachfaltenfilter mit Teflon-/Nanobeschichtung ermöglicht eine optimale Nutzung d
622	AKEMI Reiniger A 1lt	AKEMI Produkte	28.50		lösungsmittelhaltiger Reiniger auf Ketonbasis, sehr schnelle Ablüftung, nicht filmbildend, CKW-frei. Wird zum intensiven Reinigen von Flächen verwendet, die geklebt, gekittet oder abgedichtet werden sollen. Entfernt nicht ausgehärtete Klebstoff- und Dichtungsmassenreste von Werkstücken aus Natur- und Kunststein, Fliesen, Keramik, Glas, Kliner, Email und Metallen. Er trocknet sehr schnell von der O
6236	FLEX Absaughaube  Ø125mm LD+LDE 15-10R/LD 18-7 125R		170.00		Beschreibung: / Ermöglicht randnahes Arbeiten bei höchster Absaugleistung. Werkzeuglose Höhenverstellung über Spannhebel erlaubt ein schnelles Anpassen der Absaughaube auf die Werkzeughöhe. / Technische Daten: / Abmessungen: ø 125 mm / Passend zu: LD+LDE 15-10 R / LD 18-7 125 R
6242	KGS HANDPAD DIFLEX 75x75mm		44.90		Diamant-Handpads "dünn und flexibel". Die 75x75 mm grossen Handpads haben einen nur 10 mm dicken Schaumstoff als Trägermaterial. Diese zusätzliche Flexilibität bedeutet, dass sie shr gut zum schleifen und polieren auf Oberflächen mit einem Profil geeignet sind. / für manuelles schleifen + polieren / auf Naturstein / Glas / Keramik / Metall / breites Anwendungsspektrum / für Nassanwendung / Ni=Meta
6243	FLEX GRABO VLP 18 C Vakuumheber	Elektrogeräte|Mit Akku	510.00		Flex-tools VLP 18.0/2.5 Set Grabo Akku-Sauglifter 18Volt / Besondere Merkmale: / Mit dem ergonomisch gestalteten, mobilen, elektrischen Vakuumlifter können Sie fast jeden Gegenstand mühelos heben, bewegen und präzise platzieren. / Dieser Vakuumheber ist für verschiedene Materialien wie Fliesen, Gipskartonplatten, Betonsteine, Glas, Metalle, Möbel und große Elektrogeräte geeignet. / Sein leistungss
6252	StoneLux,Struk.Granulat X1		61.10		Kristalle X1 / Granulat / 4 gr transpa / 4 gr weiss / 4 gr schwarz / Verwendung: Eignet sich hervorragend für Natursteine mit Kristallkörnungen wie z.B. Marmor. Wird in das Reparaturmaterial untergemischt oder oberflächlich darübergestreut und anschliessend weiterverarbeitet. / Artikelnummer / Farbe / Preis / Warenkorb / 020-220 / transparent / Nicht an Lager / exkl. MwSt / 020-220 W / weiss / Nic
6253	FLEX L 12-11 125 Winkelschleifer	Elektrogeräte|230 Volt	185.00		Beschreibung: / Mikroprozessor-Elektronik mit Sanftanlauf, Wiederanlaufsperre nach Stromausfall, Temperaturüberwachung, CDC-Konstantelektronik / Motor: hoch belastbar mit hohem Wirkungsgrad für starke Abgabeleistung / Eine effektive Luftführung und optimierte Kohlengeometrie sorgen für eine hohe Lebensdauer / Aufwändige Staubabdichtung von Motor und Getriebe / Anti-Kickback, schaltet beim Blockier
6254	StoneLux,Struk.Granulat X2		60.55		Kristalle X2 / Granulat: / 0,16 - 0,63mm, 4 gr transpa / 0,16 - 0,63mm  4 gr weiss / 0,16 - 0,63mm  4 gr schwarz / Verwendung: Eignet sich hervorragend für Natursteine mit Kristallkörnungen wie z.B. Marmor. Wird in das Reparaturmaterial untergemischt oder oberflächlich darübergestreut und anschliessend weiterverarbeitet. / Artikelnummer / Farbe / Preis / Warenkorb / 020-222 / transparent / Nicht a
6255	StoneLux,Struk.Granulat X3		60.55		Kristalle X3 / Granulat: / 0,64 - 1,00mm, 4 gr transpa / 0,64 - 1,00mm, 4 gr weiss / 0,64 - 1,00mm, 4 gr schwarz / Verwendung: Eignet sich hervorragend für Natursteine mit Kristallkörnungen wie zb Marmor. Wird in das Reparaturmaterial untergemischt oder oberflächlich darübergestreut und anschliessend weiterverarbeitet. / Artikelnummer / Farbe / Preis / Warenkorb / 020-224 / transparent / Nicht an 
6256	StoneLux,Struk.Granulat X4		63.10		Kristalle X4 / Granulat / >1 mm, 4 gr transpa / >1 mm, 4 gr weiss / >1 mm, 4 gr schwarz / Verwendung: Eignet sich hervorragend für Natursteine mit Kristallkörnungen wie zb Marmor. Wird in das Reparaturmaterial untergemischt oder oberflächlich darübergestreut und anschliessend weiterverarbeitet. / Artikelnummer / Farbe / Preis / Warenkorb / 020-226 / transparent / Nicht an Lager / exkl. MwSt / 020-
6257	FLEX LED Akku Baustrahler CL 5000 10.8/18.0	Elektrogeräte|Mit Akku	220.00		Beschreibung: / Leistungsstarker 5000 Lumen Akku-Baustrahler mit 5 Helligkeitsstufen plus ECO Modus. Mit Memory Funktion, das Licht startet mit der zuletzt eingestellten Stufe / Die Farbtemperatur von 5000 Kelvin entspricht einer neutralen Lichtfarbe und eignet sich ideal für Arbeit in dunklen Räumen. Das ermöglicht eine genaue Anpassung an die Arbeitsaufgabe / Leuchtkörper um 215° drehba / Visuel
6277	FLEX LED Akku Baustrahler CL 10000 10.8/18.0	Elektrogeräte|Mit Akku	360.00		Beschreibung: / Leistungsstarker 5000 Lumen Akku-Baustrahler mit 5 Helligkeitsstufen plus ECO Modus. Mit Memory Funktion, das Licht startet mit der zuletzt eingestellten Stufe / Die Farbtemperatur von 5000 Kelvin entspricht einer neutralen Lichtfarbe und eignet sich ideal für Arbeit in dunklen Räumen. Das ermöglicht eine genaue Anpassung an die Arbeitsaufgabe / Leuchtkörper um 215° drehbar / Visue
6280	FEIN Segmentmesser SLM Diamant 1.2 mm		496.50		Das Diamant-Sägeblatt von Fein bietet Ihnen eine hohe Standzeit und ermöglicht das einfache Austrennen von Marmor-, Epoxidharz- sowie Trassfugen. Zudem eignet es sich auch für harte Epoxid- und Zementfugen. In der dünnen Ausführung mit einer Schnittbreite von 1,2 mm können auch Arbeiten in Ecken und an Kanten ohne Überschnitt vorgenommen werden. Die Aufnahme des Werkzeuges erfolgt unkompliziert üb
6281	FEIN Segmentmesser SLM Diamant 2.2 mm		470.00		Das Diamant-Sägeblatt von Fein bietet Ihnen eine hohe Standzeit und ermöglicht das einfache Austrennen von Marmor-, Epoxidharz- sowie Trassfugen. Zudem eignet es sich auch für harte Epoxid- und Zementfugen. In der dünnen Ausführung mit einer Schnittbreite von 2,2 mm können auch Arbeiten in Ecken und an Kanten ohne Überschnitt vorgenommen werden. Die Aufnahme des Werkzeuges erfolgt unkompliziert üb
6282	FEIN E-Cut Sägeblatt SLP U-BIM 60x44mm		83.00		E-CUT UNIVERSAL-SÄGEBLATT Bi-Metall mit gewellter Universalverzahnung. Breites Anwendungsspektrum für Blech bis 2 mm, Alu-Profile, Cu-Rohre, Holz, Gipskarton und Kunststoffe. Mittlere Breite, taillierte Form für optimale Schnittgeschwindigkeit und gute Spanabfuhr. / Länge 60 mm / 5 Stück
6283	FEIN Hartmetall-Raspel SL Verpackungseinheit 1 Stk Kantenlänge 80 mm		41.50		Die Hartmetall-Raspel von Fein eignet sich zum Grobschliff von Spachtelmasse, Beton, Stein sowie Holz. Sie ist in Dreiecksform gefertigt und kann aufgrund der Lochung auch mit Staubabsaugung eingesetzt werden. Die Aufnahme des Werkzeugs erfolgt via Starlock. / Zum Grobschliff von Spachtelmasse, Fliesenkleber, Beton, Stein und Holz / Dreiecksform mit 80 mm Kantenlänge / Auch mit Staubabsaugung eins
6284	FEIN E-Cut Metall-Sägeblatt SLM HM Carbide Pro		147.25		Tauchsägeblatt E-Cut Carbide Pro SLP HM / TiN-beschichtetes Hartmetall-Tauchsägeblatt mit extrem hoher Verschleißfestigkeit. 100 % höhere Standzeit gegenüber unbeschichteten Hartmetall-Sägeblättern. 30-fach höhere Lebensdauer im Vergleich zu HSS-Sägeblättern / TiN (Titannitrid)-beschichtetes Hartmetall mit extrem hoher Verschleissfestigkeit / Geeignet für harte Materialien wie Eisen-Metalle, Edels
6285	FEIN Schleifplatte ungelocht SL 3-Eck 81mm		19.90		Schleifplatte ungelocht. Standard-Ausführung. / Kunststoff-Trägerplatte zur Vermeidung von Beschädigungen und Markierungen auf dem Werkstück / Dreiecksform 80 x 80 x 80 mm / Klettenhaftteil / Starlock kompatibel / 1 Stück / .
6286	FEIN Schleifplatte extra flach SL 3-Eck 81mm Starlock		23.60		Schleifplatte ungelocht, Standard-Ausführung. / Kunststoff-Trägerplatte zur Vermeidung von Beschädigungen und Markierungen auf dem Werkstück. / Dreiecksform / Klettenhaftteil / Kantenlänge 80 mm / 1 Stück
6296	FLEX L 1400 125 Winkelschleifer	Elektrogeräte|230 Volt	149.00		Beschreibung: / Mikroprozessor-Elektronik mit Sanftanlauf, Wiederanlaufsperre nach Stromausfall, Temperaturüberwachung, CDC-Konstantelektronik / Motor: hoch belastbar mit hohem Wirkungsgrad für starke Abgabeleistung / Erhöhte Lebensdauer dank optimierter Kühlung und Kohlengeometrie / Aufwändige Staubabdichtung von Motor und Getriebe / Kompakte und ergonomische Bauform / Ergonomische Arm-Arbeitshal
6306	FLEX CHE 5-40 SDS-max Kombi Bohrhammer	Elektrogeräte|230 Volt	715.00		Beschreibung: / 1050 Watt Bohr- und Meißelhammer in D-Bauform mit hoher Schlagenergie und geringen Vibrationen / Funktionsschalter mit drei Funktionen: hammerbohren, meißeln, Meißeljustierung / Sicherheitsrutschkupplung: schützt bei blockierender Bohrkrone / Drehstopp zum Meißeln / Entkoppelter, ergonomischer Handgriff mit gummierter Grifffläche. Durch einen federgelagerten Dämpfer und zusätzliche
6322	DTS ø150 X M14 LASER Performer ohne Kühllöcher	Diamantwerkzeuge|Diamanttrennscheiben 150mm -230mm	95.00		Diamanttrennscheibe Laser-Performer ø 150 mm / Aufnahme M 14 IG / Segmente 10mm / gesintert / ohne Kühllöcher / für Stein/ Beton leicht armiert / Super-Universal / Trockenanwendung
6323	FLEX ST 804 Stockmaschine Ø150mm mit 4 Stockstationen	Elektrogeräte|230 Volt	1		Beschreibung: / Zum Stocken und Aufrauen von Oberflächen aus Natur oder Kunststein (z.B. Granit, Sandstein, Beton usw.) / Wirtschaftlich dank hohem Arbeitsfortschritt / Staubabsaugung: für den Einsatz auch in bewohnten Gebäuden / Die mit 80 aggressiven Hartmetallspitzen bestückte Maschine erledigt Aufrauharbeiten schnell und präzise / Griffhaube direkt über dem Werkzeug ermöglicht präzises Führen 
6333	Flex Schlagbohrschrauber PD 2G 18.0 EC HD	Elektrogeräte|Mit Akku	305.00		Beschreibung: / Electronic Management System (EMS) schützt die Maschine, verlängert die Lebensdauer und erhöht die Effizienz / Bürstenloser Motor mit höherem Wirkungsgrad und längerer Lebensdauer / Anti-Kickback, schaltet beim Blockieren von Verschraubungen und Bohrungen den Motor ab, um ein Verdrehen des Handgelenkes zu verhindern / Turbo-Modus für schnelleres und kraftvolleres Arbeiten. Durch Ei
6342	Telum Dry Diamantschleifscheibe ø115x25 QRS grau K50-800		69.90		Bei der Diamant-Schleifscheibe KGS® Telum® Dry mit Klettverschluss handelt es sich um eine leistungsstarke Schleifscheibe mit einer harten Zwischenschicht und einer sehr haltbaren Pfeilstruktur bestehend aus einem metallgebundenen Diamant. / Für Trockenschliff geeignet / Für Kalkstein hart, Serpentin hart, Marmor hart und Granit / Weitaus längere Lebensdauer als herkömmliche Schleifscheiben / Sehr
6346	Innotec Schaum Glas Reiniger Plus 500ml		23.10		Lebensmitteltauglicher Glasreiniger / Foam Glass Clean Plus ist ein spezieller weiterentwickelter Reiniger für glatte Oberflächen, der über eine NSF-Registrierung verfügt (FOOD SAFE). Das Produkt entfernt schlierenfrei Fett, Staub, Schmutz, Insektenreste, Nikotinbeschlag usw. von allen Arten von Glas, Plexiglas und transparenten Kunststoffen. Foam Glass Clean Plus läuft nicht von vertikalen Fläche
6359	FERRIX DTS EPIC Ø230 Ceramics Aufnahme 22.2mm	Diamantwerkzeuge|Diamanttrennscheiben 150mm -230mm	89.00		Hochwertiges, schmale Trennscheibe, perfekt für alle Arten von Keramik, und Porzellan. / Hohe Geschwindigkeit auf Porzellan und ultrakompakten Materialien. / Durchgehender Rand für präzises schneiden / Randhöhe (belegt) 11 mm / Auch für Dekton, Lapitec und Neolith / Auch empfohlen für Marmor, Granit und andere harte und nicht-abrasive Materialien / Hohe Anzahl an Kühllöchern im Scheibenkörper / Au
6360	FERRIX DTS EPIC Ø250 Ceramics Aufnahme 25.4mm		118.00		Hochwertiges, schmale Trennscheibe, perfekt für alle Arten von Keramik, und Porzellan. / Hohe Geschwindigkeit auf Porzellan und ultrakompakten Materialien. / Durchgehender Rand für präzises schneiden / Randhöhe (belegt) 11 mm / Auch für Dekton, Lapitec und Neolith / Auch empfohlen für Marmor, Granit und andere harte und nicht-abrasive Materialien / Hohe Anzahl an Kühllöchern im Scheibenkörper / Au
6364	FERRIX DTS EPIC Ø115 mm Ceramics Aufnahme 22.2mm	Diamantwerkzeuge|Diamanttrennscheiben 45mm -125mm	33.00		Hochwertiges, schmale Trennscheibe, perfekt für alle Arten von Keramik,  und Porzellan. / Hohe Geschwindigkeit auf Porzellan und ultrakompakten Materialien. / Durchgehender Rand für präzises schneiden / Randhöhe (belegt) 11 mm / Auch für Dekton, Lapitec und Neolith / Auch empfohlen für Marmor, Granit und andere harte und nicht-abrasive Materialien / Hohe Anzahl an Kühllöchern im Scheibenkörper / A
6365	FERRIX DTS EPIC Ø125 Ceramics Aufnahme 22.2mm	Diamantwerkzeuge|Diamanttrennscheiben 45mm -125mm	38.00		Hochwertiges, schmale Trennscheibe, perfekt für alle Arten von Keramik, und Porzellan. / Hohe Geschwindigkeit auf Porzellan und ultrakompakten Materialien. / Durchgehender Rand für präzises schneiden / Randhöhe (belegt) 11 mm / Auch für Dekton, Lapitec und Neolith / Auch empfohlen für Marmor, Granit und andere harte und nicht-abrasive Materialien / Hohe Anzahl an Kühllöchern im Scheibenkörper / Au
6366	FERRIX DTS EPIC Ø150 Ceramics Aufnahme 22.2mm	Diamantwerkzeuge|Diamanttrennscheiben 150mm -230mm	47.00		Hochwertiges, schmale Trennscheibe, perfekt für alle Arten von Keramik, und Porzellan. / Hohe Geschwindigkeit auf Porzellan und ultrakompakten Materialien. / Durchgehender Rand für präzises schneiden / Randhöhe (belegt) 11 mm / Auch für Dekton, Lapitec und Neolith Auch empfohlen für Marmor, Granit und andere harte und nicht-abrasive Materialien / Hohe Anzahl an Kühllöchern im Scheibenkörper / Aufn
6367	FERRIX DTS EPIC Ø180 Ceramics Aufnahme 22.2mm	Diamantwerkzeuge|Diamanttrennscheiben 150mm -230mm	61.00		Hochwertiges, schmale Trennscheibe, perfekt für alle Arten von Keramik, und Porzellan. / Hohe Geschwindigkeit auf Porzellan und ultrakompakten Materialien. / Durchgehender Rand für präzises schneiden / Randhöhe (belegt) 11 mm / Auch für Dekton, Lapitec und Neolith / Auch empfohlen für Marmor, Granit und andere harte und nicht-abrasive Materialien / Hohe Anzahl an Kühllöchern im Scheibenkörper / Au
6413	KGS Telum Dry Diamantschleifscheibe ø100x15 QRS K50-800		63.00		Bei der Diamant-Schleifscheibe KGS® Telum® Dry mit Klettverschluss handelt es sich um eine leistungsstarke Schleifscheibe mit einer harten Zwischenschicht und einer sehr haltbaren Pfeilstruktur bestehend aus einem metallgebundenen Diamant. / Für Trockenschliff geeignet / Für Kalkstein hart, Serpentin hart, Marmor hart und Granit / Weitaus längere Lebensdauer als herkömmliche Schleifscheiben / Sehr
6420	Aufnahmeteller ø100/120x10 M14 für Lammfelle		29.50		Produktinformationen "Aufnahmeteller M14   ø 120 mm | für Lammfell" / für Lammfellhaube / Anschluss maschinenseitig: M14 / Durchmesser: 120 mm / für Lammfellhaube Ø: 120 mm / Durchmesser / 100/120x10 mm
6421	Aufnahmeteller ø140/180x20 M14 für Lammfelle		37.50		Produktinformationen "Aufnahmeteller M14 | ø 170 mm | für Lammfell" / für Lammfellhaube / Anschluss maschinenseitig: M14 / Durchmesser: 170 mm / für Lammfellhaube Ø: 180/190 mm / Durchmesser / 140/180x20 mm
6427	Fingerfräser Ferrix Ø 25mm M14 mit Rundkopf		119.00		Diamantfingerfräser Ferrix DRY Vollbelag / Diamantfingerfräser Ferrix DRY galvanisiert mit Rundkopf und rundum Vollbelag. Für die Anwendung auf Winkelschleifern, zum Erweitern von Bohrungen, Innenflächen und Konturen. / Trockenanwendung, für alle Materialien. / Drehgeschwindigkeit: ca. 10`000 U/min / für Trockenanwendung / Ø 25mm / Nutzlänge 40 mm / Aufnahme M 14
645	Profi 310ml Kartuschen Presse Premium-Pistole für Silikon 310 ml		68.00		AKEMI Austrags-Pistole für Silikon-Kartusche 310ml / Mit dieser Kartuschenpresse können Sie präzise und effizient arbeiten, um eine optimale Verklebung zu erreichen. / No drop Technik / Kartuschenpresse mit manuellem Antrieb / Stabile Metallausführung mit gehärteter Schubstange. / Aufttragsart: Raupenauftrag / für 310ml Kartuschen / Kraftübersetzung: 12:1 und 18:1 / Für diese manuell betriebene Au
6476	FERRIX DTS ICON Ø400 mm Step 2.5 mm Bohrung 60mm + BRETON NL		299.00		Brücken- und CNC-Sägeblätter Ultrakompakte Oberflächen – Porzellan Gres / Extrem schnelles Schneiden, selbst bei niedrigen Drehzahlen / Eigenschaften: / für Ultra compact surface / Ø 400mm / Bohrung 60 mm / Silent Blatt / Blattbreite: 2.5 mm / Nassanwendung / Anwendung: / Dekton / NEOLITH / TECHLAM / Inalco / LAMINAM / Lapitec
6485	Tischfräse ACHILLI ALU130PL		2		Tischfräse ACHILLI ANR 100-CE / 230V/50Hz / 2,2Kw/3HP/1 Phase / 2800U/min / Eigengewicht: 118kg / MasseL/B/H:1790 mm x 690 mm x 1370 mm / Trennscheibe: 350mm / Betrieb: manuell inkl. 45° neigbar / exklusiv Trennscheibe und Transport zum Kunden / exklusive Winkelanschlag (auf Foto rechts) / VORTEILE: Robust und präzise, die ideale Bausäge zum Schneiden von Fliesen, Steinen und Baumaterialien. / Arb
6490	Husqvarna K970 III 16" 400mm Trennschleifer		1		TRENNSCHLEIFER K 970 16" | 20mm/1" / PRODUKTBESCHREIBUNG Robust, zuverlässig, leicht und kraftvoll, der K 970 Trennschleifer ist immer einsatzbereit. Die perfekte Wahl, wenn Sie einen Trennschleifer benötigen, dem auch unter schwierigsten Bedingungen Kraftstoff- und Wetterschwankungen nichts ausmachen. / TOP-SPEZIFIKATIONEN. / Antriebsart Benzin / Ausgangsleistung 4.8 kW / Max. Schnitttiefe 155 mm
6493	FLEX Akku Pack P-Set 88 R		479.00		FLEX Akku Pack P-Set 88 R Schnelladegerät 10.8/18Volt und zwei Akku 8Ah 18V / Starter Set / Lieferumfang: / 1 / Schnell-Ladegerät CA 10.8/18 / 2 Akku 8 AH 18 Volt
6494	FLEX Akku Pack P-Set 55 R		279.00		FLEX Akku Pack P-Set 55 R Schnelladegerät 10.8/18Volt und zwei Akku-Packs 5Ah 18V / Starter Set / Lieferumfang: / 1 / Schnell-Ladegerät / Ladegerät CA 10.8 Volt / 18.0 Volt Ladegerät / 2 Akku 5 AH 18 Volt
6496	StoneLux 2.0 Primer Universal 1ml		41.90		primer universal / Haftvermittler / Stift 1ml / Verwendung: Der Primer universal dient als Haftvermittler zwischen der zu reparierenden Oberfläche und unserem Material. (ersetzt das Pyrosilgas)
6501	StoneLux 2.0 Primer granit 1ml		41.90		primer granite / Haftvermittler / Stift, 1ml / Verwendung: Der primer granite Stift dient als Haftvermittler zwischen der zu reparierenden Oberfläche und unserem Material. (speziell für Granite)
6504	StoneLux 2.0  Seperator Pen 1ml		41.90		separator pen / Oberflächenbearbeitung / Stift, 1ml / Verwendung: Antihaftmittel für die Stempelherstellung in der Struktur Reparatur Technik. / Siehe Video Youtube / Anleitung Stempeltechnik / Viele Objekte aus moderner Keramik bestechen durch raffinierte Texturen. Die Reparatur solcher 3D Oberflächen lässt sich mit innovativer Stempeltechnik erfolgreich durchführen.
6527	Putztuch XXL Rollen 1Stk Blau 1000 Stk Papier 3-lagig	PSA Plattenleger	61.00		Reinigungspapierrollen KatrinClassic XXL 3 blue / Material Zellulose / 1000 Blatt/Rolle / PREIS 1 Stück / Lagen: 3 / Grösse: 38 x 38 cm / Gesammtlänge 360 Meter / Gewicht: 7.4 Kilogramm / Wird nur zu 2 Stück verkauft (Verpackungseinheit). Ungerade Bestellungen werden aufgerundet auf eine gerade Zahl. / Wir bitten um Verständnis
6535	AKEMI AKEPOX 5010 Coloured	AKEMI Produkte	92.50		vorgefärbter, witterungsbeständiger, gelartiger 2K-Konstruktionskleber in verschiedenen Farben, vergilbungsarm, in Kartuschen, genaue Dosierung und homogene Vermischung, lebensmittelunbedenklich (bestätigt durch externes deutsches Prüfinstitut), Emissionsklasse A+ (bestätigt durch externes Prüfinstitut), Mischungsverhältnis 2:1 / Für das farbgenaue Verkleben von Sichtfugen im Innen- und Außenberei
6540	FLEX CHE 2-26 18.0 EC C Akku Kombi-Bohrhammer	Elektrogeräte|Mit Akku	360.00		Aus der FLEX Akku-Serie / Beschreibung: / Bürstenloser Motor mit höherem Wirkungsgrad und längerer Lebensdauer / Leistungsstarker Motor mit 2,6 Joule Schlagenergie und hoher Abtragsleistung / Funktionsschalter mit vier Funktionen: bohren, hammerbohren, meißeln, Meißeljustierung / Drehstopp zum Meißeln / Ideal für den täglichen Einsatz zum Bohren und Meißeln in Beton, Mauerwerk, Holz und Metall / B
6588	PSA Atemschutzsystem OPTREL SWISS AIR BASIC	PSA Plattenleger	1		swiss air Gebläse-Atemschutzsystem ABE1P BASIC (ohne Maske) / Das swiss air ist ein Gebläse-Atemschutz mit TH3/TM3-Filter der höchsten Schutzklasse. Sein geringes Gewicht und der hohe Tragekomfort machen es zum Atemschutz deiner Wahl. Es ist stand-alone verwendbar oder mit vielfältiger Schutzausrüstung kombinierbar. / Lieferumfang: / Gebläse-Atemschutzgerät komplett mit control panelswiss air schw
6607	FLEX Staubsauger VC 6 L MC 230V Kompaktsauger		169.00		Beschreibung: / AKTIONSSET bis 31.03.2025 / Flex Staubsauger VC 6 L MC / Sehr kompakter, handlicher und leichter Sauger mit Tragegurt für den mobilen Einsatz. Passt durch die kompakte Bauweise in jedes Fahrzeug / Die Hochleistungsturbine sorgt für hohe Saugleistung und hohen Unterdruck. Dadurch entsteht ein hervorragendes Absaugergebnis / Durch Betätigung der manuellen Filterabreinigung wird das F
6609	Husqvarna Tischsäge TS 73 R		1		PRODUKTBESCHREIBUNG TS 73 R ist eine Fliesen-Brückensäge mit hoher Schnittleistung für alle Arten von Fliesen und Klinker. Diese Tischsäge ist mit einem robusten Schienenführungssystem mit ausgezeichneter Schnittgenauigkeit zum Schneiden von großen Fliesen mit einer Schnittlänge von bis zu 730 mm ausgestattet. Mit der TS 73 R können Kapp- und Gehrungsschnitte von 45° bis 90° und diagonale Schnitte
6656	FLEX LB 125 18.0-EC C Akku Winkelschleifer ohne Akku	Elektrogeräte|Mit Akku	325.00		Beschreibung: / Electronic Management System (EMS) schützt die Maschine, verlängert die Lebensdauer und erhöht die Effizienz / Bürstenloser Motor mit höherem Wirkungsgrad und längerer Lebensdauer Mikroprozessor-Elektronik mit Sanftanlauf, Wiederanlaufsperre nach Stromausfall, Temperaturüberwachung, Überlastungsschutz, CDC-Konstantelektronik / Mit elektronischer Bremse, stoppt das Werkzeug in 3 Sek
6677	AKEMI Pearl Impregnator	AKEMI Produkte	104.00		Premium-Imprägnierung auf Basis hochwertiger, organischer Wirkstoffe, hohe Ergiebigkeitnach, nach der Aushärtung ist das Produkt bei Kontakt mit Lebensmitteln gesundheitlich unbedenklich (bestätigt durch externes deutsches Prüfinstitut), Emissionsklasse A+ (bestätigt durch externes Prüfinstitut), Eintreten der Schutzwirkung (20°C): 10 - 20 min. / Premium-Imprägnierung mit exzellentem wasser-, öl- 
6689	Husqvarna K 540i Akku Trennschleifer		949.00		Der neue K 540i ist ein Akku-Trennschleifer, der für Arbeiten in den Bereichen Mauerwerkarbeiten und Landschaftsbau optimiert wurde. Die integrierte X-Halt™-Bremsfunktion sorgt für mehr Betriebssicherheit. Das ausgezeichnete Leistungs-Gewicht-Verhältnis schafft eine optimale Balance. Er bietet eine Schnitttiefe von 100 mm mit verstellbarem Trennscheibenschutz und eignet sich perfekt für Nass- und 
6694	FLEX Akku Pack P-Set 22 Q 18 Volt und zwei Akku 2.5Ah 18V	Elektrogeräte|Mit Akku	159.00		Produkteigenschaften: / Akku Starter-Paket bestehend aus einem Ladegerät 18.0 Volt und zwei Akku-Packs 2,5 Ah 18,0 V / Lieferumfang: / 2x Akkupacks 18 V / 2,5 AH / 1x Ladegerät / Technische Daten: / Ladezustandsanzeige      Ja / Lade-/Entladeschutz       Ja / Akku-Technologie Li-Ion / Beschreibung Akku: / Akku-Pack Li-Ion 18V mit integriertem Lade- und Entladeschutz, Ladezustandsanzeige, Staub- un
6709	Husqvarna Set 1 / K1 Pace 14"		6		Husqvarna K1Pace mit 2x Akku 94V (B 380 X) und Ladegerät (C 900 X) in Holzbox. / Die  Maximale Schnitttiefe ist  144.5mm. Das Gewicht beträgt 7.4 kg. / Lieferumfang: / 1 Stück Akku Trennschleifer K1 Pace in Kartonschachtel / Schnelladegerät und 2 Akku`s in Husqvarna Holzkiste / Technische Daten: / Max. Trennscheibenstärke: 1.8 mm, / Max. Trennscheibendurchmesser: 361 mm. / Geräuschemissionen Schal
6777	Diamantscheibe Bildhauer Ø 230 mm Aufnahme 22,2 mm	Diamantwerkzeuge|Diamanttrennscheiben 150mm -230mm	457.50		Bildhauer Diamanttrennscheiben für Trockenschnitt mit galvanisiertem Vollmantelbelag D 427 / Ø 230 mm / Dicke Trennscheibe 1.8 mm / Schnittbreite 2.8 mm / für Marmor und Kalkstein / Mit montiertem  Seiten-Flansch / Aufnahme Ø 22.2 mm / Maximal 6000 rpm / Aufnahme / 22.2 mm
6781	FLEX Akku Ventilator 18.0/230 V	Elektrogeräte|Mit Akku	140.00		Beschreibung: / Electronic Management System (EMS) schützt die Maschine, verlängert die Lebensdauer und erhöht die Effizienz / Stufenlose Luftmengenregulierung / Sanftanlauf Flexibel im Einsatz dank Haken, 1/4" und 5/8" Aufnahme und um 180° schwenkbarem Kopf / Kann mit einem 18V Akku oder über das 230 V Netzteil betrieben werden / Laufzeit bei maximaler Drehzahl: ca. 2,2 Stunden mit Akkupack 2,5 A
6783	FLEX Akku-Baustrahler mit Stativ TL 4000 18.0/230V	Elektrogeräte|Mit Akku	360.00		Beschreibung: / Leistungsstarker Akku-Baustrahler mit 3 Helligkeitsstufen, 1000, 2000 und 4000 Lumen / Der Multifunktionskopf kann als reine Arbeitsleuchte direkt mit einer 18V Batterie betrieben werden. Verwendung möglich durch Befestigung mit Haken oder auf Stativ montiert / Die drei Panels der Leuchte mit zwei Drehachsen ermöglichen eine freie Positionierung des Lichtwinkels. Somit kann das Lic
6837	PSA Nitril Handschuhe schwarz, Box à 100Stk, Grösse M/L/XL	PSA Plattenleger	15.00		Nitril-Handschuhe Safe Light schwarz M-XL / Einweg-Handschuh aus Nitril mit 100 Stück Inhalt / Schutz vor Spritzern bei Arbeiten mit Flüssigkeiten / öl- und fettbeständig / texturierte Fingerspitzen / mit Rollrand / Ergeben 50 Paar Handschuhe / Schutz von Produkten vor Verunreinigungen / Menge / 100 Stück / Artikelnummer / Grösse / Preis / Warenkorb / 090-080 M / M / ab Lager / exkl. MwSt / 090-08
6851	Putzlappen Trikotstoff 5kg bunt	PSA Plattenleger	16.90		Putzlappen Trikotstoff BUNT / in Plastik verpackt / Baumwolle / vielfältig einsetzbar / Metallfrei / Gewicht 5 kg
6852	Putzlappen Trikotstoff 5kg weiss	PSA Plattenleger	24.20		Putzlappen Trikotstoff WEISS / in Plastik verpackt / Baumwolle / vielfältig einsetzba / Metallfrei / Gewicht 5 kg
6862	CERAMIC TS 300x30mm EXTREME Gres Silencio		351.00		Clipper Extreme Gres Silencio Diamanttrennscheibe 300 x 30 mm / Beschreibung: / Extreme Gres Silencio ist speziell für Naturstein und Keramikfliesen entwickelt worden. / Die bis zu 15 mm hohen Segmente werden mit der patentierten iHD-Technologie hergestellt. / Dadurch sind die Segmente porös und bleiben selbst bei härtesten Materialien konstant scharf und halten die Schnittgeschwindigkeit aufrecht
6863	FLEX Kombi-Bohrhammer Akku CHE 18.0-EC C	Elektrogeräte|Mit Akku	18.0		Beschreibung: / Bürstenloser Motor mit höherem Wirkungsgrad und längerer Lebensdauer / Funktionsschalter mit vier Funktionen: bohren, hammerbohren, meißeln, Meißeljustierung / Electronic Management System (EMS) schützt die Maschine, verlängert die Lebensdauer und erhöht die Effizienz / Drehstopp zum Meißeln / Robustes Aluminium-Druckguss Getriebegehäuse / Mit Gasgebeschalter und Dauerbetriebsfunkt
6864	FLEX Akku AP 18.0 Volt / 2.5Ah / 5.0 Ah / 8Ah	Elektrogeräte|Mit Akku	102.00		Beschreibung: / Akku-Pack Li-Ion 18V mit integriertem Lade- und Entladeschutz, Ladezustandsanzeige, Staub- und Spritzwasserschutz. / Electronic Management System (EMS) / schützt den Akkupack, verlängert die Lebensdauer und erhöht die Effizienz. / Technische Daten: / Akku-Spannung: 18V / Akku-Kapazität: 2.5 Ah / 5.0 Ah / 8.0 Ah / Gewicht: 0.45-1.15 kg / Artikelnummer / Preis / Warenkorb / 050-358 2
6875	FLEX 2-Gang Rührer Akku MXE 18.0 EC WR2 120	Elektrogeräte|Mit Akku	390.00		FLEX 2-Gang Rührer Akku MXE 18.0 EC WR2 120 ohne Akku, ohne Schnellladegerät / Beschreibung: / Electronic Management System (EMS) schützt die Maschine, verlängert die Lebensdauer und erhöht die Effizienz / Bürstenloser Motor mit höherem Wirkungsgrad und längerer Lebensdauer / Robustes 2-Gang-Getriebe: groß dimensioniert und optimal übersetzt - für materialgerechte Drehzahlen und ein starkes Drehmo
6876	FLEX 2-Gang Rührer Akku MXE 18.0 EC/5.0 Set & WR2 120	Elektrogeräte|Mit Akku	670.00		FLEX 2-Gang Rührer Akku MXE 18.0 EC WR2 120 mit 2 Akkus und mit Schnellladegerät / Beschreibung: / Electronic Management System (EMS) schützt die Maschine, verlängert die Lebensdauer und erhöht die Effizienz / Bürstenloser Motor mit höherem Wirkungsgrad und längerer Lebensdauer Robustes 2-Gang-Getriebe: groß dimensioniert und optimal übersetzt - für materialgerechte Drehzahlen und ein starkes Dreh
6901	Husqvarna DE 130 Staubsauger (230V) mit Auto-Pulse-Technologie	Elektrogeräte|230 Volt	5		Der DE 130 H ist ein leistungsfähiger einphasiger H/HEPA-Staubabsauger, der für anspruchsvolle Anwendungen wie die Bodenvorbereitung, Schleif-, Glätt-, Vertikutier- und Kugelstrahlarbeiten sowie zur Verwendung zusammen mit größeren handgeführten Werkzeugen ausgelegt ist. Die Auto-Pulse-Technologie von Husqvarna ermöglicht einen konstanten, hohen Luftstrom ohne Leistungseinbußen während des gesamte
6926	FLEX Laser Distanzmesser ADM 30 Smart		59.00		Produkteigenschaften: / Längen-, Flächen- und Voluminaberechnung / Kontinuierlicher Messmodus / Umschaltbare Maßangabe in m/mm, Inch/Feet / Automatische Abschaltung / Einfache Bedienung / Integrierter Li-Polymer Akku / Ermitteln von Höhen mit indirekter Distanzmessung (einfacher und doppelter Pythagoras) / Schnelles Ermitteln vom Aufmaß im Innenbereich / Inkl. Micro-USB Kabel zum Aufladen / Techni
6948	FLEX Doppel-Ladegerät CA 2x 12/18V	Elektrogeräte|230 Volt	195.00		Das Schnellladegerät bietet Platz für zwei Akkus. / 2 x 150 W / sorgen für schnelles und zeitgleiches Laden von 12 und 18 V Akkus. Mit LED Ladezustandsanzeige, integrierter Akkupackkühlung, Überhitzungs-, Entladungs- und Überlastschutz. Kabelaufwicklung am Gehäuse und die Vorrichtung zur Wandmontage sorgen für Ordnung. Das Schnellladegerät ist kompatibel mit dem FLEX Aufbewahrungs- und Transportsy
6957	FLEX Aktion Twinpack 18V Akku Vakuumheber VLP 18.0 Grabo	Elektrogeräte|Mit Akku	749.00		Beschreibung: / Mit dem ergonomisch gestalteten, mobilen, elektrischen Vakuumheber lässt sich mühelos nahezu jedes Objekt heben, bewegen und präzise platzieren. Dieser Vakuumheber eignet sich hervorragend für verschiedene Materialien wie Fliesen, Trockenbauplatten, Betonsteine, Glas, Metalle, Möbel und große Elektrogeräte. Seine leistungsstarke Funktionalität gewährleistet eine effiziente und zuve
6968	FLEX Winkelschleifer 900 Watt LE 9-11 Ø125mm	Elektrogeräte|230 Volt	160.00		Beschreibung: / Mikroprozessor-Elektronik: mit Drehzahlkonstanthaltung mittels Tachogenerator, Drehzahlregelung, Sanftanlauf, Wiederanlaufsperre nach Stromausfall, Überlastungsschutz / Variable Geschwindigkeitseinstellung (6 Stufen) / Motor: hoch belastbar mit hohem Wirkungsgrad für starke Abgabeleistung / Erhöhte Lebensdauer dank optimierter Kühlung und veränderter Kohlengeometrie / Aufwändige St
6994	Husqvarna DE 110 H Staubsauger 230 V	Elektrogeräte|230 Volt	1		Dieser vielseitige Staubabsauger der H-Klasse ist kompakt, leicht zu transportieren und dennoch leistungsstark. Er ist mit einer benutzerfreundlichen Mensch-Maschine-Schnittstelle (Human Machine Interface, HMI) zur Leistungsüberwachung und mit einer e-Flow-Funktion ausgestattet, die den Luftstrom automatisch anpasst und so einen stabilen Luftstrom sowie lange Intervalle zwischen den Filterreinigun
7023	FLEX Thermo Super Ø150/22.2mm Diamantschleiftopf		245.00		Beschreibung: / Schleifteller geeignet zum Abschleifen von Betonteilen, Anschleifen von verwittertem Altbeton, hartem Zementputz, zum Entfernen von Schalungsübergängen und Betonläufern, ausgehärteten Epoxidharzbeschichtungen und der Sinterschicht an Betonteilen. Hohe Schleifleistung und Lebensdauer durch neuartige Segmentkonstruktion. Optimale Untergrundvorbereitung für eine weitere Beschichtung. 
7030	StoneLux Sparkanülen mit Metallröhrchen 10 Stk im Säckchen		14.00		Sparkanülen mit Metallröhrchen / Die Kanülen werden auf die Spritzen aufgeschraubt, für besseres, gezielteres dosieren. Für 100%igen Lichtausschluss nach der Anwendung wieder mit der Originalkappe verschließen. / 10 Stück / mit Metallröhrchen zur Applikation
7040	tesa 4342 Hochtemperatur-Präzisionskrepp Premium 50mx38mm		8.65		Produktbeschreibung / tesa 4342 Präzionskrepp® besteht aus einem extrem dünnen und reißfesten Papierträger, ausgerüstet mit einer Acrylatklebmasse. Es eignet sich besonders für Abdeckanwendungen, die eine flache, präzise sowie scharfe Farb- und Lackkante erfordern. tesa 4342 Präzionskrepp® ist die ideale Abdecklösung für anspruchsvolle Maler- und Lackieraufgaben. tesa 4342 wird nach neuesten Produ
7048	Husqvarna DS 250 Kernbohrständer, für BK mit max. Ø250mm		1		PRODUKTBESCHREIBUNG DS 250 ist ein mittelgroßer Bohrständer. Der leichte Bohrständer aus Aluminium hat einen kombinierten Bohrständerfuß für Vakuum- und Dübelbefestigung. Die ideale Wahl für Bohrarbeiten mit Durchmessern von bis zu 250 mm. Geeignet für Durchbruch- und Winkelbohrungen im Heizungs- und Sanitärbau. / Merkmale DS 250: / Gerades, präzises Bohren Winkelbohren / Optimale Kurbeldrehzahl /
7072	FLEX LB 125 Winkelschleifer 18.0-EC 5.0 SET	Elektrogeräte|Mit Akku	685.00		Beschreibung: / Bürstenloser Motor mit höherem Wirkungsgrad und längerer Lebensdauer / Mikroprozessor-Elektronik mit Sanftanlauf, Wiederanlaufsperre nach Stromausfall, Temperaturüberwachung, Überlastungsschutz, CDC-Konstantelektronik / Mit elektronischer Bremse, stoppt das Werkzeug in ca. 3 Sekunden / Electronic Management System (EMS) schützt die Maschine, verlängert die Lebensdauer und erhöht di
711	AKEMI Oel + Fettentfernerpaste	AKEMI Produkte	25.40		Öl- und Fettentfernerpaste, 250 ml Tube: cremige, leicht auftragbare Paste mit Absorptionsmittel. Zum Entfernen von Fett-, Öl- und Wachsflecken sowie Randzonenverfärbungen durch Weichmacher von Silicon-Dichtstoffen aus allen Natur- und Kunststeinen, Keramikflächen sowie Cottobelägen. / Oberfläche: Rau, Fein geschliffen, Geschliffen, Satiniert, Gestockt, Sand gestrahlt, Antik, Gesägt, Sägerau, Spal
7140	Ferro Plattengreifer Gecko V3 Tragkraft 80kg		208.00		Ferro-Plattengreifer Gecko  Hebewerkzeug für den komfortablen Transport von Steinplatten / Rutschsichere Innenbeschichtung für sicheren und materialschonenden Einsatz / Eigengewicht der Werkstücke setzt sich in Klemmkraft um / Technische Daten: / Gewicht 4 kg / Greiffläche 112 x 240 mm / Klemmbereich  5-45 mm / Tragkraft pro Stück 80 kg
7141	Ferro Saugheber Porter Compo		132.00		Ferro Saugheber Porter / Kräftiger und robuster Saugheber mit hoher Tragkraft, speziell für schwere und große Werkstücke. Verwendbar für alle Materialien mit glatter Oberfäche. Durch eine entsprechende Warnmarkierung lässt sich das Vakuum jederzeit kontrollieren. Somit ist ein sicheres Arbeiten garantiert. / Eingebaute Vakuumpumpe im Griff / Handpumpe aus Messing / Inklusive Transportkoffer / Tech
7151	FLEX Bau-Luftreiniger VAC 800-EC #AKTION#	PSA Plattenleger	999.00		SPEZIALPREIS bis 31.03.2025 / Zur Luftreinhaltung bei Sanierungs- und Rückbauten in Schwarz-Bereichen. Zum Schutz der Anwender werden lungengängige Feinstäube aus der Luft gefiltert unter Verwendung von Grob-, Fein-, M/H-Filter sowie Aktivkohlefilter / Stäube werden direkt am Ort der Entstehung abgesaugt. Durch Installation von mobilen Kunststoffwänden und Schleusen läßt sich ein Unterdruck erziel
7155	FLEX Vorfiltermatten G3 passend zu Bau-Luftreiniger VAC 800-EC 10 Stück	PSA Plattenleger	35.00		VFE VAC G3 / Vorfiltermatten G3 / Hält grobe Partikel zurück. / Wird zum Schutz der Filterkassetten eingesetzt. / Passend für VAC 800-EC. / 10 Stück
7156	FLEX Grobfilter G4 passend zu Bau-Luftreiniger VAC 800-EC 1 Stück	PSA Plattenleger	34.00		FE VAC G4 / Grobfilter G4 / Grobstaub Filterkassette zum Einsatz als Vorfilter. / Hält bis zu 90 % der Staubpartikel zurück. / Luftwiderstand nur 45 Pascal. / Passend für VAC 800-EC.
7157	FLEX Aktivkohlefilter G4 passend zu Bau-Luftreiniger VAC 800-EC	PSA Plattenleger	76.00		FE VAC G4 AK / Aktivkohlefilter G4 / Grobstaub Filterkassette für den Einsatz als Vorfilter. / Filtert Gerüche aus dem Arbeitsumfeld und hält bis zu 70 % der Staubpartikel zurück. / Luftwiderstand nur 45 Pascal. / Passend für VAC 800-EC.
7158	FLEX Feinstaubfilter F7 passend zu Bau-Luftreiniger VAC 800-EC 1 Stück	PSA Plattenleger	58.00		FE VAC F7 / Feinstaubfilter F7 / Filterkassette hält bis zu 80 % der Feinstaubpartikel zurück. / Luftwiderstand nur 60 Pascal. / Passend für VAC 800-EC. / 1 Stück
7159	FLEX HEPA 13 Filter passend zu Bau-Luftreiniger VAC 800-EC	PSA Plattenleger	215.00		FE VAC H13/HEPA / Filter HEPA H13 / Filterkassette hält 99,99 % der Feinstaubpartikel zurück. / Luftwiderstand 185 Pascal. / Passend für VAC 800-EC.
7160	FLEX HEPA 14 Filter passend zu Bau-Luftreiniger VAC 800-EC	PSA Plattenleger	231.00		FLEX HEPA 14 Filter / Filter HEPA H14 / Filterkassette hält 99,995 % der Feinstaubpartikel zurück. / Luftwiderstand 160 Pascal. / Passend für VAC 800-EC.
7163	FLEX Staubschutz Türe zu VAC 800-EC  10 Stück	PSA Plattenleger	241.00		DL 2,3x1,3m PP / Türschleuse / Türschleuse aus PP-Folie zum Anbringen an Zimmertüren. / Schottet den Arbeitsbereich ab, dadurch läßt sich ein Unterdruck erzielen und es wird vermieden, dass sich Stäube außerhalb des Arbeitsbereiches ausbreiten. / Abmessung (L x H)2300 x 1300 mm
7164	FLEX Schlauch SH 125x5m C passend zu Bau-Luftreiniger VAC 800-EC	PSA Plattenleger	78.00		Beschreibung Luftführungsschlauch bis 5 m / 6 m / 7.5 m ausziehbar / inkl. Schlauchschelle Ø 125 mm. / Zum Anschluss an das VAC 800-EC an Absaug- oder Luftführungsseite. / Artikelnummer / Länge / Preis / Warenkorb / 050-522 SH5 / 5000 mm / Nicht an Lager / exkl. MwSt / 050-522 SH6 / 6000 mm / Nicht an Lager / exkl. MwSt / 050-522 SH7.5 / 7500 mm / Nicht an Lager / exkl. MwSt / Rückgaberecht / Vers
7174	AKENOVA CLEAR 300 glasklar CC 2200 1K-Klebedichtstoff	AKEMI Produkte	19.70		AKENOVA® CLEAR 300 / glasklarer 1K-Klebedichtstoff auf Basis Polyhybrid-Technologie, Anfangshaftung >80 kg/m2, Klebefestigkeit > 4 N/mm², geringer Schwund, witterungsbeständig, VOC-, silicon- und isocyanatfrei, nahezu geruchlos, überlackierbar, spannungsausgleichend / Generalist für Sichtfugen. Transparente Eigenfarbe ermöglicht Einsatz auf Untergründen in jeder Farbe. Zur Verklebung von Natur- un
7229	NORTON DTS Ø125mm/22,2mm Mr. Invincible	Diamantwerkzeuge|Diamanttrennscheiben 45mm -125mm	29.00		Diamantscheibe für den Einsatz in alle Baumaterialien. / Norton Clipper bietet eine große Auswahl an sicheren und leistungsfähigen Diamantscheiben. Die Norton Clipper "Superheldenscheibe" ist speziell dafür geeignet, ein dynamisches Duo vor allem auch mit batteriebetriebenen Maschinen zu bilden. / Merkmale / Unbesiegbarkeit: Die zweite Generation der iHD-Infiltrationstechnoligie macht die Scheiben
7230	NORTON DTS Ø230mm/22,2mm Mr. Invincible	Diamantwerkzeuge|Diamanttrennscheiben 150mm -230mm	59.00		Diamantscheibe für den Einsatz in alle Baumaterialien. / Norton Clipper bietet eine große Auswahl an sicheren und leistungsfähigen Diamantscheiben. Die Norton Clipper "Superheldenscheibe" ist speziell dafür geeignet, ein dynamisches Duo vor allem auch mit batteriebetriebenen Maschinen zu bilden. / Merkmale / Unbesiegbarkeit: Die zweite Generation der iHD-Infiltrationstechnoligie macht die Scheiben
7235	NORTON DTS Ø115mm/22,2mm Mr. Invincible	Diamantwerkzeuge|Diamanttrennscheiben 45mm -125mm	29.00		Diamantscheibe für den Einsatz in alle Baumaterialien. / Norton Clipper bietet eine große Auswahl an sicheren und leistungsfähigen Diamantscheiben. Die Norton Clipper "Superheldenscheibe" ist speziell dafür geeignet, ein dynamisches Duo vor allem auch mit batteriebetriebenen Maschinen zu bilden. / Merkmale: / Unbesiegbarkeit: Die zweite Generation der iHD-Infiltrationstechnoligie macht die Scheibe
7240	Pflastererhammer Berliner Form 1000-2000g, Eschenstiel geschweift		22.50		Ausführung Berliner Form:Gewalzte Qualität, fertig eingestielt / Einsatzbereich: / der Pflasterhammer Berliner Form ist ist ideal für jede Handwerker Anwendung / der ideale Hammer für diverse Pflästerer / Handwerker / er überzeugt durch beste Qualität und ist aus Spezialstahl geschmiedet und gehärtet mit Holzstiel / sein geringes Eigengewicht erleichtert das Arbeiten er gehört damit in jede Werkze
7244	FLEX 2-Gang Rührer 1200 Watt MXE 1202 AKTIONSSET	Elektrogeräte|230 Volt	289.00		Der Mixer Flex MXE 1202 verfügt über ein robustes 2-Gang-Getriebe und ein übergroßes Getriebe. Es kann bis zu 60 kg mischen: pastös bis viskos wie Klebstoffe für Platten, Massen für Fugen, Ausgleichsmassen, Klebstoffe, Fertigbeschichtung, Klebemörtei etc. / Beschreibung: / Robustes 2-Gang-Getriebe: groß dimensioniert und optimal übersetzt - für materialgerechte Drehzahlen und ein starkes Drehmomen
7248	AKEMI Impregnation Application Mob / Mikrofasermopp	AKEMI Produkte	15.80		Mikrofasermopp / lösungsmittelfest / waschbar / Masse  48 x 15 cm / Für den großflächigen Auftrag von AKEMI Imprägnierungen und Farbtonvertiefern. / Zubehör: Auftragswerkzeuge
7253	AKEMI klappbarer Kunststoff-Mopphalter mit Fixierklipp 40x11cm	AKEMI Produkte	36.80		Klapphalter / klappbarer Kunststoff-Mopphalter mit Fixierclip, 40 x 11 cm / Zur Aufnahme aller oben gelisteten Mopps (Art.Nr. 30273, 30274, 30275, 30276, 30277) in Verbindung mit dem Teleskopstiel (Art.Nr. 020-979 TS). / Zubehör: Auftragswerkzeuge
7256	AKEMI Square Bucket 10 Liter	AKEMI Produkte	40.00		rechteckiger Multifunktions-Kunststoffeimer, lösungsmittelfest, ergonomischer Griff, gestaffelte Literskala, / Fassungsvermögen: 10 Liter / Grösse 55 x 24 x 19 cm / ergonomischer Griff / lösungsmittelfest / Für den großflächigen Auftrag von AKEMI Imprägnierungen, Farbtonvertiefern und Reinigungsprodukten. / Die rechteckige Form ist ideal zum Eintauchen aller oben gelisteten rechteckigen Mopps. / Z
7257	AKEMI Ceramic Smart Repair Set	AKEMI Produkte	925.00		Keramik-Reparaturset im formschönen kleinen Tragekoffer. / CERAMIC Smart Repair Set für nahezu unsichtbare Fliesenreparaturen / Ideal für kleine Schadstellen wie Kratzer und Abplatzungen. / Geeignet für Keramikoberflächen wie Böden, Stufen, Fensterbänke, Theken und Waschtische. / 2-Schritt-Verfahren: 1. Schadstelle mit PLATINUM L-Spezial verfüllen. 2. Oberfläche farblich passend mit den CERAMIC Co
7263	FLEX VCE 28 L MC-Sauger, inkl. Reinigungsset	Elektrogeräte|230 Volt	445.00		Beschreibung: / Handlicher und kompakter Sauger, einfach zu handhaben und leicht zu transportieren / Die Hochleistungsturbine sorgt für hohe Saugleistung und hohen Unterdruck. Dadurch entsteht ein hervorragendes Absaugergebnis / Durch Betätigung der manuellen Filterabreinigung wird das Filterelement durch einen gezielten Luftstoß von abgelagertem Staub befreit / Füllstandsüberwachung, keine Störun
7307	FLEX CHE 2-28 R SDS-plus Kombi-Bohrhammer		310.00		Beschreibung: / Leichter 800 Watt Bohr- und Meißelhammer in Pistolenbauform, mit der Funktion Rechts-Linkslauf / Rechts-/Linkslauf mit Umschaltung über Kohlewender. Dadurch nahezu gleiches Drehmoment in beide Drehrichtungen / Bohrfutter werkzeuglos abnehmbar / Werkzeug-Schnellwechselsystem: universell einsetzbar, mit SDS Plus-Bohreraufnahme oder 13 mm-Schnellspannbohrfutter / Bohren mit Hammerfunk
7315	FLEX Aktion Selbstnivellierender Kreuzlinien-Laser ALC 3/1-G/R	Elektrogeräte|Mit Akku	389.00		Beschreibung: / Mit einer horizontalen und zwei vertikalen Laserlinien im 90° Winkel plus Lot (rote Laserlinie), einzeln schaltbar Lotfunktion / Speziell entspiegelte Gläser sorgen für saubere und hochpräzise Laserlinien / Grüne Laserdiode / Das grüne Linienbild ist deutlich klarer in der Darstellung und auch bei schlechten Lichtverhältnissen immer noch gut sichtbar / Erweitert die Reichweite von 
7322	FLEX LBP 125-15 18-EC C Winkelschleifer	Elektrogeräte|Mit Akku	340.00		Beschreibung: / Electronic Management System (EMS) schützt die Maschine, verlängert die Lebensdauer und erhöht die Effizienz / Bürstenloser Motor mit höherem Wirkungsgrad und längerer Lebensdauer / Mikroprozessor-Elektronik mit Sanftanlauf, Wiederanlaufsperre nach Stromausfall, Temperaturüberwachung, Überlastungsschutz, CDC-Konstantelektronik / Mit elektronischer Bremse, stoppt das Werkzeug in ca.
7356	FLEX Vlies-Filtersäcke VC 21-26 Pack à 5 Stück		35.00		Beschreibung: / Hochreißfestes Vlies für optimale Befüllung der Filtersäcke und problemlose Entsorgung der abgesaugten Stäube. Staubklasse L, für VC 21 L MC, VC 25 L MC und VCE 26 L MC. / Technische Daten: / Typ Filtersack: Filtersack / Verwendbar für: VC/E 21-26 / Material Filtersack: Vlies / Verpackungseinheit: 5 Stück
7374	Lyra Zimmermannstifte 333, flachoval		1.85		LYRA ZIMMERMANNSTIFT 333® PROFI 18CM / Bestens geeignet für professionelle Anwendungen oder Markierungen auf trockenem Holz / Profi-Ausführung in ovaler Form, mit bruchfester Mine und bester Spitzeigenschaft / Markierfarbe: Graphit / Markierbreite: mittel / Markierhärte: H / Markiermittellänge: 180mm / Preis per Stück
7377	Lyra Universalschreiber, wachshaltige Mine		2.40		Universalschreiber LYRA / Farbe: blau, gelb, rot und weiss / dünner Markierungsstift für glatte Oberflächen / geeignet für Metall, Keramik, Kunststoff, trockenes und nasses Holz, Stein, Beton, Glas, Gummi / leicht entfernbar von Metall, Keramik, Kunststoff und Glas / Schaftform sechskant / 6.8 mm Ø / 17.8 cm lang / Karton à 12 Stück / Artikelnummer / Preis / Warenkorb / 040-926 BLAU / ab Lager / e
7378	SIMPLEX Schonhammer extra kurz, Ø60mm Stiel 205mm	Hämmer	56.00		SIMPLEX-Schonhammer Gummikomposition, / mit Standfuß / / Superplastik / Dieser SIMPLEX-Schonhammer verfügt über einen extra kurzen Stiel. Die kompakte Bauform verhindert -beispielsweise bei Pflasterarbeiten- das Anschlagen des Griffendes auf dem Boden. / Der SIMPLEX-Schonhammer D60mm mit der Einsatzkombination Gummikomposition / Superplastik ist ein unentbehrlicher Begleiter für eine Vielzahl von 
7379	SIMPLEX Schonhammer mit Alu-Gehäuse und Holzstiel, Ø 30/40/50/60 mm	Hämmer	35.00		SIMPLEX-Schonhammer Halder mit Aluminiumgehäuse und Holzstiel, TPE-soft/TPE-mid, Ø 30/40/50/60 mm / Der SIMPLEX-Schonhammer der Serie 3113 verfügt über die Einsatzkombination TPE-soft / TPE-mid. Beide Einsätze sind Thermoplast-Elastomere und hinterlassen keinen Farbabrieb, es bleibt im Vergleich zum herkömmlichen Gummihammer kein unerwünschter schwarzer Abrieb zurück. / Der blaue TPE-soft-Einsatz 
7383	PICARD Fliesenlegerhammer	Hämmer	31.50		PICARD Fliesenlegerhammer mit 2-Komponenten Griff. Einzigartig im Design; Leicht und gleichzeitig extrem robust und langlebig. Rutschfeste Griffzonen ermöglichen ergonomisches Arbeiten. / Mit integrierter Hartmetallspitze / Aufhängeöse am Griffende / 2 Komponenten-Griff, ergonomisch und schwingungsreduziert / Angenehmes Handling
7384	RUTHE Gipserbeil Stahlrohr VPA		36.90		VPA/GS geprüft / Aus Qualitätsstahl / Kopf schwarz lackiert / Mit Flaschenöffner / Mit Nagelzug / Geschliffene Schneide / Geraute Bahn / Länge: 318 mm
7389	Lyra China Marker Universal Wachsstift		2.30		Bestens geeignet für professionelle Anwendungen auf glatten Oberflächen wie Glas, Plastik, Papier, Metall und Gummi / Runde Form mit abziehbarer Papierhülle / Hitzebeständig bis +400°C, braune Farbmine widersteht Temperaturen von +800°C / ohne Lösungsmittel / Länge: 170 mm / Artikelnummer / Farbe / Preis / Warenkorb / 040-800 ROT / rot / ab Lager / exkl. MwSt / 040-800 GELB / gelb / ab Lager / exk
7394	Lyra Ink Profi permanent Tieflochmarker, Farbe ROT		7.65		Für professionelles Anzeichnen von Bohrlöchern und schwer zugänglichen Stellen, mit längerer Edelstahl-Teleskopspitze in 35 mm Länge / Permanente Tinte, für alle Oberflächen (Holz, Metall, Kunststoff, Glas, Keramik…) geeignet / Strichbreite: 1 mm / Im praktischen Köcherschoner mit Spezialclip, ideal zur Einhandbedienung / Ergonomisch dreiflächiger Marker / Auch in Farbe SCHWARZ erhältlich / Produk
7395	Lyra Ink Profi permanent Tieflochmarker, Farbe SCHWARZ		7.65		Für professionelles Anzeichnen von Bohrlöchern und schwer zugänglichen Stellen, mit längerer Edelstahl-Teleskopspitze in 35 mm Länge / Permanente Tinte, für alle Oberflächen (Holz, Metall, Kunststoff, Glas, Keramik…) geeignet / Strichbreite: 1 mm / Im praktischen Köcherschoner mit Spezialclip, ideal zur Einhandbedienung / Ergonomisch dreiflächiger Marker / Auch in Farbe ROT erhältlich / Produktabm
7396	Lyra Cosmos Line Alu fast rewind Schlagschnurgerät		57.00		Schlagschnurgerät robuste Einsätze / Für professionelle Anwendungen an Wänden, Decken und Fußböden / Farbige Markierungen für gerade Linien im Innen und Außenbereich / Markiermittellänge: 30m
7397	Lyra Schlagschnurpulver 200g rot		8.95		NFORMATION: / Für professionelle Anwendungen an Wänden, Decken und Fußböden / Farbige Markierungen für gerade Linien im Innen und Außenbereich / Hochpigmentiertes Pulver für sehr gute Sichtbarkeit / Hoch-/Tiefbau, Sanitär / Fliese, Schreiner / Zimmermann
7399	KNIPEX Fliesenlochzange (Papageienschnabelzange)		29.50		Zange: schwarz atramentiert/lackiert/brüniert / Länge: 200 mm / ohne Griffhüllen / Kopf: poliert / Löcher in Fliesen können durch Ausbrechen erweitert und Kanten geformt werden. / Installationslöcher ohne Sägen herstellen Dank der Knipex Fliesenlochzange ist es nicht erforderlich, eine Armatur mit zwei Fliesenteilen zu umkleben. Nach dem Vorbohren eines Loches wird dieses mit der Zange vergrößert.
7400	KNIPEX Monierzange (Rabitz-oder Flechterzange) 250		29.50		Kraftersparnis im Vergleich mit herkömmlichen, gleich grossen Monierzangen / Auch zum Binden tiefliegender Eisen durch ihre besonders schlanke Form / Zum Fixieren von Moniereisen mit Bindedraht von der Rolle / Verdrillen und Abschneiden des Drahts in einem Arbeitsgang / Hoch übersetztes Gelenk / Entlastung von Sehnen und Muskulatur durch starke Dämpfung des Schnittschlags nach Durchtrennen des Bin
7401	KNIPEX Monierzange (Rabitz-oder Flechterzange) 300		37.90		Kraftersparnis im Vergleich mit herkömmlichen, gleich grossen Monierzangen / Auch zum Binden tiefliegender Eisen durch ihre besonders schlanke Form / Zum Fixieren von Moniereisen mit Bindedraht von der Rolle / Verdrillen und Abschneiden des Drahts in einem Arbeitsgang / Hoch übersetztes Gelenk / Entlastung von Sehnen und Muskulatur durch starke Dämpfung des Schnittschlags nach Durchtrennen des Bin
7409	FLEX LBE 76 12-EC C Winkelschleifer	Elektrogeräte|Mit Akku	215.00		Beschreibung: / Sehr kompakter und handlicher Mini-Winkelschleifer mit Forward/Reverse Funktion für verschiedenste Trennarbeiten / Um 180° drehbarer Kopf, zum Trennen ideal für Rechts-/Linkshänder. Zum Schleifen eignet sich die 90° Position / Bürstenloser Motor mit höherem Wirkungsgrad und längerer Lebensdauer / Mikroprozessor-Elektronik mit Sanftanlauf, Wiederanlaufsperre nach Stromausfall, Tempe
7430	AKEMI Marmor Silikon 310ml Kartusche	AKEMI Produkte	20.00		Luftfeuchtigkeitshärtender 1-Komponenten-Fugendichtstoff auf Basis Siliconkautschuk, garantiert keine Randzonenverfärbung, fungizide Einstellung, reißfest, neutral vernetzend, 12 Monate lagerfähig. / Speziell für Dehnungs- und Anschlussfugen im Bereich Natur- und Kunststein wie Marmor, Granit, Quarzit, Sandstein, Terrazzo u.ä. Auch sehr gute Haftung auf Putz, Keramik, Glas, Holz, vielen Metallen u
7465	CoolGEL zum bohren in Keramik & Feinsteinzeug, Inhalt 250ml		10.50		Sauberes Bohren / Das Bohren von Löchern in Feinsteinzeug ist immer mit einer Verunreinigung des Arbeitsbereichs verbunden. Beim Trockenbohren entsteht eine Menge Staub. Beim Bohren mit Kühlung: ein Strom von Schmutzwasser. All diese Faktoren machen den Prozess schwierig, unangenehm und der Arbeitsplatz muss gereinigt werden. Es gibt eine Lösung - Kühlendes CoolGEL-Bohrgel. Nach der Markierung wir
7466	DISTAR Glider 45 PRO 2.0 für die perfekte Jolly Kante		285.00		Distar Cutting Guard GLIDER 45 – Die neue Generation für den perfekten 45°-Schnitt / Der „Jolly-Schnitt“ (Gehrungsschnitt) gilt als die Königsdisziplin beim Fliesenlegen. Mit dem Distar GLIDER 45 wird diese Herausforderung zum Standardprozess. Vergessen Sie komplizierte Einstellungen, instabile Führungen oder lästige Vibrationen. Diese Schneidführung bringt die Bearbeitung von Feinsteinzeug auf ei
7467	Fliesenschneider TRACER 1200		550.00		Schneiden von Fliesen ist einfach. Mit dem Tracer 1200 haben Sie alles, was Sie für präzise und mühelose Fliesenschnitte benötigen. / Der handgeführte Fliesenschneider Tracer 1200 ist Ihr zuverlässiger Partner für Fliesenarbeiten! Mit dem handgeführten Fliesenschneider Tracer, der sorgfältig entwickelt wurde, um Ihren Fliesenverlegeprozess zu verbessern, können Sie das Potenzial Ihrer Fliesenarbei
7469	ESTHETE 2.0 Diamanttrennscheibe Ø115mm x 1.1mm x 22.23mm	Diamantwerkzeuge|Diamanttrennscheiben 45mm -125mm	56.00		BESCHREIBUNG: / Die Diamanttrennscheibe DISTAR 1A1R Esthete wird zum Schneiden von keramischen Materialien mit dekorativen Beschichtungen verwendet. Mit der serienmäßigen Bohrung kann sie auf nahezu jedem Winkelschleifer zum Trockenschneiden eingesetzt werden. Durch das extradünne Segment können auch feinste Glasuren sauber geschnitten werden. Erhältlich für alle handelsüblichen Trennschleifer in 
7471	Diamanttrennscheibe PERFECT Ø125mm x 1.5mm M14	Diamantwerkzeuge|Diamanttrennscheiben 45mm -125mm	72.00		DISTAR DTS PERFECT trocken für Keramik & Feinsteinzeug Ø125x1.5mm M14 / Beschreibung: / Perfect, Just Perfect. Der saubere Schnitt wird durch eine dünne Schicht von 1,5 mm gewährleistet. Ein noch sauberer Schnitt, ist zudem robust. Die Zuverlässigkeit wird durch die erhöhte Schichtdicke von 1,5 mm und das zusätzliche Flanschgehäuse gewährleistet. Die Sauberkeit wird durch die einzigartige Sandwich
7472	TERMIT Diamanttrennscheibe Ø76mm	Diamantwerkzeuge|Diamanttrennscheiben 45mm -125mm	39.00		Diamanttrennscheibe Ø76mm x 1mm x 10mm trocken für Keramik & Feinsteinzeug / Angesichts des stetigen Anstiegs der Beliebtheit von kleinen Trennscheiben unter Fliesenlegern hat das Unternehmen Distar die leistungsstarke Termit-Scheibe mit einem Durchmesser von 76 mm in Turbo-Ausführung entwickelt. / Dank ihrer hohen Schneidfähigkeit bewältigt die Termit-Scheibe mühelos jeden ultrastarken Feinsteinz
7473	COLIBRI Diamanttrennscheibe Ø76mm	Diamantwerkzeuge|Diamanttrennscheiben 45mm -125mm	50.00		Ein kleines Werkzeug für große Aufgaben. / Für die Durchführung kleiner, aber komplexer, delikater Schnitte von Verkleidungsmaterialien, bei denen besondere Sauberkeit mit minimaler Schnittbreite erforderlich ist, sind Scheiben mit einem Durchmesser von 125 mm und sogar 115 mm nicht immer geeignet. / Genau für solche Arbeiten wurde die einzigartige Colibri-Scheibe mit einem Durchmesser von 76 mm e
7475	FLEX Kartuschenpresse CG 310 18C	Elektrogeräte|Mit Akku	290.00		Beschreibung: / Set für Folienbeutel und Eimermaterial als optionales Zubehör erhältlich / Kompakte Akku-Kartuschenpresse für 310 ml Kartuschen und 300-600 ml Folienbeutel / Mit einer Druckkraft bis zu 3000 N. Die Software passt die Geschwindigkeit an die Materialviskosität an und sorgt für eine konstante Arbeitsgeschwindigkeit. Effizient für harte Materialien wie Konstruktionskleber oder Windschu
7476	FLEX Kartuschenpresse CG 310/600 18	Elektrogeräte|Mit Akku	400.00		Beschreibung: / Kompakte Akku-Kartuschenpresse für 310 ml Kartuschen und 300-600 ml Folienbeutel / Mit einer Druckkraft bis zu 3000 N. Die Software passt die Geschwindigkeit an die Materialviskosität an und sorgt für eine konstante Arbeitsgeschwindigkeit. Effizient für harte Materialien wie Konstruktionskleber oder Windschutzscheibenkleber / Mit 6 Drehzahlstufen kann der Materialfluss von 0,5 mm/s
7530	FLEX L 1606 VR Winkelschleifer 230V	Elektrogeräte|230 Volt	375.00		Beschreibung: / Motor: hoch belastbar mit hohem Wirkungsgrad für starke Abgabeleistung / Mikroprozessor-Elektronik mit Sanftanlauf, Wiederanlaufsperre nach Stromausfall, Temperaturüberwachung, Überlastungsschutz, CDC-Konstantelektronik / Elektronik: Drehzahlvorwahl in 6 Stufen / Anti-Kickback, schaltet beim Blockieren der Scheibe den Motor ab / Griffhaube direkt über dem Werkzeug ermöglicht präzis
7550	FLEX Aktion LDE 16-8 125 R, Kit Thermo-Super Betonschleifer #FLEX#Bodenbearbeitung	Elektrogeräte|230 Volt	765.00		Beschreibung: / Mikroprozessor-Elektronik mit Sanftanlauf, Wiederanlaufsperre nach Stromausfall, Temperaturüberwachung, Überlastungsschutz, CDC-Konstantelektronik / Zuverlässiger 1600 Watt Hochleistungsmotor mit ausreichenden Leistungsreserven / Staubabsaugung: schützt vor Staubbelästigung, senkt den Scheibenverschleiß, hält die Betonporen für die Neubeschichtung offen / Anti-Kickback, schaltet be
7675	SIMPLEX Schonhammer mit verstärktem  Ø30mm, TPE-soft / Nylon	Hämmer	59.00		HALDER SIMPLEX Schonhammer Ø 30 mm TPE-soft blau / Nylon mit verstärktem Tempergussgehäuse und Fiberglasstiel / SIMPLEX-Schonhammer TPE-soft blau / Nylon mit verstärktem Tempergussgehäuse und Fiberglasstiel / Die SIMPLEX-Serie 3718 verfügt über die Einsatzkombination TPE-soft / Nylon. Der blaue TPE-soft–Einsatz (Serie 3201) ist der weichste Einsatz in der SIMPLEX-Serie, stark dämpfend und somit fü
7688	FLEX Akku Winkelschleifer LBE 76 12-EC SET	Elektrogeräte|Mit Akku	319.00		Beschreibung: / Sehr kompakter und handlicher Mini-Winkelschleifer mit Forward/Reverse Funktion für verschiedenste Trennarbeiten / Um 180° drehbarer Kopf, zum Trennen ideal für Rechts-/Linkshänder. Zum Schleifen eignet sich die 90° Position / Bürstenloser Motor mit höherem Wirkungsgrad und längerer Lebensdauer / Mikroprozessor-Elektronik mit Sanftanlauf, Wiederanlaufsperre nach Stromausfall, Tempe
7692	FLEX Handtragegriff VLP-HCH Duo		365.00		Beschreibung: / Schwere Lasten mit dem Handtragegriff und VLP 18 Grabo ergonomisch, in aufrechter Position heben. Einfach und schnell montieren, Platte heben und das Vakuum über integrierte Fusspedale lösen. Der Tragegriff ist höhenverstellbar, Tragfähigkeit bis zu 130 kg, für zwei Personen. / Grundausstattung: / ohne VLP 18 Grabo geliefert / Technische Daten: / Höhe: 550 / 630 / 720 / 800 mm / Gr
7693	FLEX Handtragegriff VLP-HCH Solo		300.00		Beschreibung: / Schwere Lasten mit dem Handtragegriff und VLP 18 Grabo ergonomisch, in aufrechter Position heben. Einfach und schnell montieren, Platte heben und das Vakuum über integrierte Fusspedale lösen. Der Tragegriff ist höhenverstellbar, Tragfähigkeit bis zu 130 kg, für eine Person. / Grundausstattung: / ohne VLP 18 Grabo geliefert / Technische Daten: / Höhe: 550 / 630 / 720 / 800 mm / Grif
7726	Elegant  DTS Ø100mm x 1mm x 10mm trocken für Keramik & Feinsteinzeug	Diamantwerkzeuge|Diamanttrennscheiben 45mm -125mm	60.00		BESCHREIBUNG: / Sauber auch mit Glasierung / Die größte Schwierigkeit beim Schneiden von glasierten, glänzenden Fliesen und Feinsteinzeug ist das Absplittern. Die Diamantscheibe ist ein entscheidender Faktor für einen sauberen Schnitt. Die Elegant-Scheibe ist die beste Lösung für das Feinschneiden schwieriger Materialien. Die Scheibe enthält sehr feine Diamanten und eine selbstschärfende Bindung. 
7727	NECTAR DSK Ø45mm x 5.8 mm trocken für Keramik & Feinsteinzeug	Diamantwerkzeuge|DISTAR Technik|Diamanttrennscheiben 45mm -125mm	43.00		Der Distar Schleiftopf DGM-S 45/5,8F Nectar 100 ist Ihr unverzichtbares Werkzeug, um das Schleifen von Feinsteinzeug neu zu definieren. Gerade bei der Arbeit mit leistungsschwachen Winkelschleifern stellt das Bearbeiten dieser extrem harten Materialien oft einen der zeitaufwendigsten und mühsamsten Schritte dar. Mit NECTAR haben wir die weltweit beste Wahl für die effiziente und präzise Fliesenbea
7728	BUTTERFLY DTS Ø45mm x 0.58mm x 0.45mm trocken für Keramik & Feinsteinzeug	Diamantwerkzeuge|DISTAR Technik|Diamanttrennscheiben 45mm -125mm	31.00		Ein kleines Werkzeug für große Aufgaben. / Wenn Sie Schmuckpräzision, hohe Qualität und Stabilität beim Schneiden von Fliesen benötigen, dann ist diese Scheibe genau das, wonach Sie gesucht haben. / Die Butterfly-Scheibe hat ein einzigartiges Design und zahlreiche Vorteile gegenüber galvanischen Scheiben. Sie besteht aus einer durchgehenden Diamantschicht mit einer Dicke von 0,6 mm, was eine minim
7729	DISTAR MasterGRIND Ø115x1.8x30mm für Keramik und Glas	Diamantwerkzeuge|Diamanttrennscheiben 45mm -125mm	24.00		SCHNEIDEN UND SCHLEIFEN / Die vakuumgelötete Diamantschicht mit einer Breite von 30 mm ermöglicht Schneiden und Schleifen mit hoher Produktivität, während der hochwertige Diamant ein schleifen ohne Abplatzungen gewährleistet. Die spezielle Geometrie des Körpers mit gebogener Topfform verhindert den Kontakt des Spannflansches mit dem Material. / Die Geometrie des Körpers sorgt für einen stabilen Sc
7799	DISTAR Aufnahmeteller Click & Lock Pro Ø100mm M14		75.00		BESCHREIBUNG: / Click-Lock PRO-magnetischer Aufnahmeteller für Polierpads / Entdecken Sie die Zukunft des Schleifens und Polierens mit dem revolutionären CLICK-LOCK PRO vom Mechanic by DiSTAR! Vergessen Sie komplizierte Polierscheibenwechsel und erleben Sie müheloses Arbeiten bei höchster Effizienz. / Wechsel der Polierwerkzeuge im Handumdrehen / Beim Schleifen von Feinsteinzeug und Granit muss st
7830	AKEMI Solvent à 50ml - Zum Anlösen der Farbe von den CERAMIC Colour Cards	AKEMI Produkte	68.50		ausgezeichnete Lösekraft / Zum Anlösen der Farbe von den CERAMIC Colour Cards. / Nur für den professionellen Gebrauch! / Gebinde: Flasche zu 50ml / Gefahrenhinweise Flüssigkeit und Dampf leicht entzündbar. Verursacht schwere Augenreizung. Kann Schläfrigkeit und Benommenheit verursachen. Wiederholter Kontakt kann zu spröder oder rissiger Haut führen. Von Hitze, heißen Oberflächen, Funken, offenen F
7831	AKEMI Cleaner I à 30ml - lösungsmittelhaltiger Reiniger auf Alkoholbasis	AKEMI Produkte	31.00		Lösungsmittelhaltiger Reiniger auf Alkoholbasis, etwas verzögerte Ablüftung, nicht filmbildend / Eignet sich hervorragend zum schonenden Reinigen von Keramik (z.B. Böden, Stufen, Fensterbänke, Theken, Waschtische) vor dem Reparieren. / Nur für den professionellen Gebrauch! / Gebinde: Flasche zu 30ml / kann auch mit Literflasche aufgefüllt werden. / Gefahrenhinweise: / Flüssigkeit und Dampf leicht 
7832	AKEMI Pinsel für Ceramic Smart Repair Set	AKEMI Produkte	37.00		4 Stück Pinsel / Größe 2 / Zum Auftragen der gelösten Farbe auf die mit PLATINUM MAXI POWER L-Spezial gefüllte Reparaturstelle. l
7833	AKEMI Mischglas für Lösungsmittel	AKEMI Produkte	14.90		Mischgefäß aus Glas mit Deckel / Standfest, wiederverschließbar / Zum einfachen Mischen der gelösten Farben. / Aufgrund der Verschließbarkeit können die gelösten Farben auch mehrmals verwendet werden.
7834	AKEMI Hobel	AKEMI Produkte	76.80		handlicher Spezialhobelaus dem / Für die Abtragung von Materialüberschüssen auf Oberflächenniveau des Steines / der Keramik / ohne Glanzgradveränderung der Stein-/Keramikoberfläche. / 2 Stück
7841	PROXXON Akku Langhals - Winkelbohrmaschine LHW/A	Elektrogeräte|Mit Akku	199.00		Akku-Langhals-Winkelbohrmaschine – erreichen Sie auch schwer zugängliche Stellen Die Akku-Langhals-Winkelbohrmaschine ist ein unverzichtbares Werkzeug für Handwerker und Profis, die höchste Präzision und Flexibilität benötigen. Ob Bohren, Schleifen, Trennen oder Polieren – dieses leistungsstarke Gerät wurde speziell für Arbeiten an schwer zugänglichen Stellen wie Hohlkörpern entwickelt und ist ide
7842	PROXXON Langhals-Winkelbohrmaschine LWB/E		128.00		Zum Bearbeiten von Stahl, NE-Metall, Glas, Keramik, Holz und Kunststoff. Zum Trennen, Schruppen, Schleifen, Feinschleifen, Polieren, Feinpolieren und zur Formgebung in Holz. Balancierter DC-Spezialmotor, durchzugskräftig, leise und langlebig. Stabiler Getriebekopf aus Aluminium-Druckguss. Hauptgehäuse aus glasfaserverstärktem Polyamid. Komplett mit Schleifscheibe aus Edelkorund (K 60), Lamellen-Sc
7843	PROXXON Akku Langhals - Winkelbohrmaschine LWB/A		199.00		Akku-Langhals-Winkelbohrmaschine – erreichen Sie auch schwer zugängliche Stellen Die Akku-Langhals-Winkelbohrmaschine ist ein unverzichtbares Werkzeug für Handwerker und Profis, die höchste Präzision und Flexibilität benötigen. Ob Bohren, Schleifen, Trennen oder Polieren – dieses leistungsstarke Gerät wurde speziell für Arbeiten an schwer zugänglichen Stellen wie Hohlkörpern entwickelt und ist ide
7845	DISTAR Shine Ø125/0.6mm DTS für Akku Geräte	DISTAR Technik	60.00		Diamanttrennscheibe für Akku Geräte mit Spray-Nassanwendung / Vorstellung: die Shine-Scheibe, ausgestattet mit der dünnsten Diamantschicht von nur 0,6 mm. Dank der ultradünnen Schicht und der fein dispergierten Diamanten ermöglicht die Scheibe das Schneiden von Feinsteinzeug so sauber wie nie zuvor. Absplitterungen sind vollständig ausgeschlossen, und die Kante ist so sauber, dass keine Nachbearbe
7849	DISTAR Duster 45° für 115 & 125mm Trennscheiben		78.00		Distar Mechanic CUTTING GUARD DUSTER 45 115-125: Sauberes und komfortables Fliesenschneiden im 45°-Winkel / BESCHREIBUNG: / Das Schneiden von Keramikfliesen ist mit großem Staubanfall verbunden. Besonders beim Schneiden im Winkel von 45°, da dabei mehr Material zerspant wird. Der Winkelschleiferaufsatz Duster 45 sorgt dafür, dass nahezu der gesamte Staub in den Staubsauger gelangt. Er hat zudem 2 
7850	EdPlit 3Stk. Verstecktes Handtuchhalter-Set	EdPlit	88.00		Entdecken Sie die perfekte Lösung für hochwertige, moderne Badezimmer – das versteckte Handtuchhalter-Set von EdPLIT. Dieses innovative System wurde fachmännisch entwickelt, um vollständig in Ihrer gefliesten Wand zu verschwinden, und sorgt für ein makelloses, aufgeräumtes Erscheinungsbild, ohne die Alltagstauglichkeit zu beeinträchtigen. / Lieferumfang: / 3 verdeckte Haken Ihrer Wahl / Eine Lochs
7851	EdPlit 5Stk. Verstecktes Handtuchhalter-Set	DISTAR Technik	129.00		Entdecken Sie die perfekte Lösung für hochwertige, moderne Badezimmer – das versteckte Handtuchhalter-Set von EdPLIT. Dieses innovative System wurde fachmännisch entwickelt, um vollständig in Ihrer gefliesten Wand zu verschwinden, und sorgt für ein makelloses, aufgeräumtes Erscheinungsbild, ohne die Alltagstauglichkeit zu beeinträchtigen. / Lieferumfang: / 5 verdeckte Haken Ihrer Wahl / Eine Lochs
7852	DISTAR Spraynozzle und Schutz für BUTTERFLY nass	Diamantwerkzeuge|Diamanttrennscheiben 45mm -125mm	33.00		Wasserversorgungssystem Spray 115-125 Obwohl beim Schneiden von Feinsteinzeug das Trockenschneiden weit verbreitet ist, verwenden Handwerker immer häufiger die Bearbeitung mit Wasserabkühlung, da keine Trockenschneidung in Bezug auf die Qualität mit Nassschneiden mithalten kann. Und jetzt ist dies dank der Verbreitung von / Akku-Elektrowerkzeugen / möglich, bei denen die Verwendung von Wasser aus 
7853	DISTAR CoolPAD Ø50mm x3 mm x 7mm  Polierer #4		16.00		POLIERPAD 50X3X7 COOLPAD #4 / BESCHREIBUNG: / IMMER SCHARF Das Schleifen von Feinsteinzeug auf leistungsschwachen Geräten ist eine anspruchsvolle Aufgabe. Die Polierscheiben CoolPAD wurden speziell für das Trockenschleifen von Feinsteinzeug mit Gravurmaschinen entwickelt. Die Zusammensetzung der diamantführenden Schicht gewährleistet eine konstant hohe Schleifgeschwindigkeit und beste Oberflächenq
7854	DISTAR CoolPAD Ø50mm x3 mm x 7mm  Polierer #3		16.00		POLIERPAD 50X3X7 COOLPAD #3 / BESCHREIBUNG: / IMMER SCHARF Das Schleifen von Feinsteinzeug auf leistungsschwachen Geräten ist eine anspruchsvolle Aufgabe. Die Polierscheiben CoolPAD wurden speziell für das Trockenschleifen von Feinsteinzeug mit Gravurmaschinen entwickelt. Die Zusammensetzung der diamantführenden Schicht gewährleistet eine konstant hohe Schleifgeschwindigkeit und beste Oberflächenq
7855	DISTAR CoolPAD Ø50mm x3 mm x 7mm  Polierer #2		16.00		POLIERPAD 50X3X7 COOLPAD #2 / BESCHREIBUNG: / IMMER SCHARF Das Schleifen von Feinsteinzeug auf leistungsschwachen Geräten ist eine anspruchsvolle Aufgabe. Die Polierscheiben CoolPAD wurden speziell für das Trockenschleifen von Feinsteinzeug mit Gravurmaschinen entwickelt. Die Zusammensetzung der diamantführenden Schicht gewährleistet eine konstant hohe Schleifgeschwindigkeit und beste Oberflächenq
7856	DISTAR CoolPAD Ø50mm x3 mm x 7mm  Polierer #1		16.00		POLIERPAD 50X3X7 COOLPAD #1 / BESCHREIBUNG: / IMMER SCHARF Das Schleifen von Feinsteinzeug auf leistungsschwachen Geräten ist eine anspruchsvolle Aufgabe. Die Polierscheiben CoolPAD wurden speziell für das Trockenschleifen von Feinsteinzeug mit Gravurmaschinen entwickelt. Die Zusammensetzung der diamantführenden Schicht gewährleistet eine konstant hohe Schleifgeschwindigkeit und beste Oberflächenq
7861	DISTAR Edge Dry Diamanttrennscheibe für Keramik 45° Schnitt Ø125mm		73.00		BESCHREIBUNG: / 45° ist einfach / Das Schneiden von Keramikfliesen im 45° Winkel, auch Gehrungsschneiden genannt, ist der häufigste Vorgang in der Endbearbeitung beim Fliesenlegen. Viele Handwerker führen diese Arbeit mit einem Winkelschleifer durch. Die Anforderung an die Trennscheibe ist dabei, ausreichende Festigkeit des Stammblatts bei gleichzeitig weichem Schnitt und sauberem Schleifen der Sc
7862	DISTAR Edge Dry DTS für Keramik 45° Ø125mm mit M14 Flansch	Diamantwerkzeuge|Diamanttrennscheiben 45mm -125mm	85.00		BESCHREIBUNG: / 45° ist einfach / Das Schneiden von Keramikfliesen im 45° Winkel, auch Gehrungsschneiden genannt, ist der häufigste Vorgang in der Endbearbeitung beim Fliesenlegen. Viele Handwerker führen diese Arbeit mit einem Winkelschleifer durch. Die Anforderung an die Trennscheibe ist dabei, ausreichende Festigkeit des Stammblatts bei gleichzeitig weichem Schnitt und sauberem Schleifen der Sc
7863	DISTAR MasterCut DTS trocken für Keramik & Feinsteinzeug Ø 45mm	Diamantwerkzeuge|Diamanttrennscheiben 45mm -125mm	13.00		BESCHREIBUNG: / SAUBERER SCHNITT AUCH OHNE KÜHLUNG / MasterCUT / - eine Scheibe für Gravurgeräte, die Feinsteinzeug und Keramikfliesen schnell und präzise schneidet, sowohl im Trockenschnitt als auch mit Wasserkühlung. / Der Scheibendurchmesser von / 45 mm / und die Dicke von / 0,8 mm / machen sie unverzichtbar für präzise und saubere Schnitte, auch an schwer zugänglichen Stellen. / MasterCUT / bi
7864	DISTAR MasterCUT Ø76 Diamanttrennscheibe trocken für Keramik	Diamantwerkzeuge|Diamanttrennscheiben 45mm -125mm	19.00		SAUBER UND SOUVERÄN / In der Regel fehlt 76-mm-Winkelschleifern die Leistung für eine vollwertige Bearbeitung von Feinsteinzeug. Die speziell entwickelte MasterCUT 76 Trennscheibe für leistungsschwache Elektrowerkzeuge ermöglicht Schnitte jeder Komplexität. MasterCUT 76 schneidet Feinsteinzeug, Glas, Quarzvinyl und andere extrem harte Materialien schnell und präzise - im Trockenbetrieb oder mit Wa
7865	DISTAR MasterCUT Ø125mm Diamanttrennscheibe trocken für Keramik	Diamantwerkzeuge|Diamanttrennscheiben 45mm -125mm	22.00		BESCHREIBUNG Die MasterCUT ist eine Scheibe, die Feinsteinzeug oder extrastarke Materialien wie Glas schnell und effizient im Trockenbetrieb auf einem Winkelschleifer oder mit Wasserkühlung auf einem Fliesenschneider schneidet. Das Werkzeug wird aus extrastarken Diamanten hergestellt, die im Vakuum auf einen hochwertigen Stahlkörper aufgeschmolzen werden. Der Arbeitskomfort wird durch das Abrollen
7866	DISTAR CeraMAX 1200 TELESCOPE 2.0 Schneidetisch		735.00		BESCHREIBUNG / CeraMAX Teleskop 2.0. / Die Höhe verstellen, aber wie und mit was? / Der CeraMAX Teleskop 2.0 sorgt für eine rückenschonende, präzise und effiziente Arbeitsweise und bringt das Ergonomie-Niveau in der Fliesenbearbeitung auf eine neue Stufe. / In der Regel verfügen fast alle Kipptische nicht über eine Höhenverstellung. Das ist äußerst unpraktisch, denn jeder Mensch ist anders groß. A
7867	DISTAR Schaumstützteller Ø50mm PROXXON		4.90		Der Proxxon Schaumstützteller ist ein vielseitiges Schleifmittel, das speziell für die Verwendung mit verschiedenen Polier- und Schleifwerkzeugen entwickelt wurde. Mit einem Durchmesser von 50 mm und einer vollflächigen Hartschaum-Klettaufnahme bietet dieser Stützteller eine zuverlässige und stabile Basis für die Anbringung von Polierschwämmen, Lammfell-Polierhauben, Filzscheiben sowie Schleifsche
7868	DISTAR Spraynozzle und Schutz für BUTTERFLY nass für Keramik & Feinsteinzeug - Proxxon	Diamantwerkzeuge|Diamanttrennscheiben 45mm -125mm	58.00		Lieferumfang: / nur Spraynozzle/Schutz für Trennscheibe, mit Schlauch 2 Meter / ohne Diamanttrennscheibe und Proxxon Gerät. / Für 45 mm Trennscheiben
7878	PROXXON/DISTAR Starter Set	Elektrogeräte	499.00		Das Ferronato AG Starterset zum attraktiven Preis. / Lieferumfang: / 1 Stück PROXXON Akku Langhals - Winkelbohrmaschine LHW/A in BOX Art. Nr. 060-210 A / 1 Stück PROXXON Akku Langhals - Winkelbohrmaschine LWB/A in BOX Art. Nr. 060-212 A / 1 Stück DISTAR Druckflasche Art. Nr. 032-731 FL / 1 Stück DISTAR MasterCut DTS für Keramik & Feinsteinzeug Ø 45mm Art. Nr. 032-669 45 / 1 Stück DISTAR BUTTERFLY 
7882	FLEX OSE 2-80 EC Set Schwingschleifer	Elektrogeräte|230 Volt	370.00		Beschreibung: / Bürstenloser Motor mit höherem Wirkungsgrad und längerer Lebensdauer / Elektronik: Drehzahlvorwahl in 4 Stufen, Drehzahlkonstanthaltung mittels Tachogenerator, Sanftanlauf, Wiederanlaufsperre / Materialgerechte Schleifgeschwindigkeit durch elektronische Drehzahleinstellung / Leichter, kompakter Einhand-Schwingschleifer, besonders ergonomisch und vibrationsarm durch spezielle Auswuc
7898	FLEX MXE 1202 + WR2 140 Rührwerk	Elektrogeräte|230 Volt	310.00		Beschreibung. / Robustes 2-Gang-Getriebe: groß dimensioniert und optimal übersetzt - für materialgerechte Drehzahlen und ein starkes Drehmoment / Vollwellenelektronik: mit Sanftanlauf, Temperaturüberwachung, Überlastungsschutz und mit stufenloser Drehzahlregelung über Gasgebeschalter - für ein kontrolliertes Hochfahren an die optimale Rührgeschwindigkeit. Durchzugsstark in allen Drehzahlbereichen 
7899	FLEX MXE 1602 + WR2 160 Rührwerk	Elektrogeräte|230 Volt	415.00		Beschreibung: / Robustes 2-Gang-Getriebe: groß dimensioniert und optimal übersetzt - für materialgerechte Drehzahlen und ein starkes Drehmoment / Vollwellenelektronik: mit Sanftanlauf, Temperaturüberwachung, Überlastungsschutz und mit stufenloser Drehzahlregelung über Gasgebeschalter - für ein kontrolliertes Hochfahren an die optimale Rührgeschwindigkeit. Durchzugsstark in allen Drehzahlbereichen 
7908	FLEX VCE 22 M MC 2x18 Akku Industriesauger		735.00		Beschreibung: / Überzeugt durch Leistung mit 2 x 18V Akku-Packs. / Luftstrom und Laufzeit sind für den Einsatz mit der „Giraffe"" optimiert / , d.h. der Luftstrom sinkt nicht unter 1400 Liter Luft pro Minute und sorgt für staubfreies Arbeiten / Die Hochleistungsturbie sorgt für hohe Saugleistung und hohen Unterdruck. Dadurch entsteht ein hervorragendes Absaugergebnis / Wahlschalter Saugdurchmesser
7912	Wassergefäss zu Proxxon mit Messing Nozzle		24.00		Druckflsche mit Spranozzledüse in Messing für Schlauch zu Distar Butterfly-Schutzhaube.
7926	FERROSIL Seal-it® 450 PUR CLEANER		9.50		Anwendungen / Als Pistolenreiniger; Die Pur-Dose aus der Pistole entfernen, Ferrosil Seal-it® 450 PUR CLEANER auftragen, Pistole mehrmals durchspülen, gut einwirken lassen, dann wieder ausspülen. Ferrosil Seal-it® 450 PUR CLEANER entfernen, Pistolenadaptergewinde reinigen/trocknen und danach mit Vaseline, Silikon und/oder PTFE-Spray einfetten. / Als Schaumreiniger; Zerstäuber auf Ventil aufsetzen,
7933	FLEX MXE 1000 + WR2 120 Rührwerk		225.00		Beschreibung: / Robustes 1-Gang-Getriebe: groß dimensioniert und optimal übersetzt - für ein starkes Drehmoment / Vollwellenelektronik: mit Sanftanlauf, Temperaturüberwachung, Überlastungsschutz und mit stufenloser Drehzahlregelung über Gasgebeschalter - für ein kontrolliertes Hochfahren an die optimale Rührgeschwindigkeit. Durchzugsstark in allen Drehzahlbereichen / Ein-/Aus-Schalter mit Arretier
7936	FLEX Akku Fliesenrüttler TV 18-EC C		175.00		Beschreibung: / Durch die effiziente Vibrationsübertragung werden Hohlräume und Blasenbildung im Kleber vermieden, was eine perfekte Verbindung zwischen Fliese und Kleber sicherstellt / Sehr handliche, leichte Maschine mit optimalen Bedienungskomfort. Ermöglicht ermüdungsarmes und ergonomisches Arbeiten / Integrierte Drehzahlregulierung für optimale Anpassung an Material und Format / Mit Ø 120 mm 
7949	EdPlit versteckter Spühlkasten Betätigung M1 Geberit	EdPlit	349.00		Versteckter Toilettenspülknopf M1 Edplit (ohne Verbrauchsmaterial) – kompatibel mit Geberit / Innovatives System für den Einbau einer flächenbündigen Spülplatte hinter Fliesen. Inklusive Spülmechanismus, Justierwerkzeuge und Schneid-Zubehör. Präzise, langlebig, wassersparend – ideal für minimalistisches Baddesign. / Version: Mit Verbrauchsmaterial
7954	EdPlit versteckter Spühlkasten Betätigung M4 Geberit	EdPlit	399.00		Der M4-Taster ermöglicht die vollständig verdeckte Installation direkt hinter den Fliesen. Das Set beinhaltet einen Spülmechanismus, Komponenten zur präzisen Justierung und alle für die Installation benötigten Teile. Kompatibel mit den Installationssystemen Geberit Sigma, Delta, Omega, Alcaplast, Viega, Vitra, Tece, Noken, JomoTech und Cersanit. / Version: Mit Verbrauchsmaterial
7969	FLEX Aktion Grabo VLP + Fliesenrüttler TV 18-EC C		539.00		Beschreibung: / Akku-Vakuumheber & Fliesenrüttler Set – 18V Power für präzises Heben, Positionieren & Verlegen / Das leistungsstarke Kombi-Set aus Akku-Vakuumheber VLP 18 C, Akku-Fliesenrüttler TV 18-EC C und dem P-Set 22 Q bietet professionelle Unterstützung bei allen Hebe- und Verlegearbeiten. Beide Maschinen basieren auf dem FLEX 18V System und sind für anspruchsvolle Anwendungen im Handwerk ko
7981	FERROSIL Abdeckvlies Rolle atmungsaktiv 1mx50m 140gr./m2		65.90		Beschreibung: / Dieses hochwertige, diffusionsoffene & selbsthaftende Abdeckvlies ist ideal geeignet zur sicheren Abdeckung frisch verlegter Böden im Innenbereich. Mit einem Flächengewicht von 160 g/m² und einer Materialstärke von ca. 2 mm schützt es empfindliche Untergründe optimal vor Schmutz, Kratzern, Druckstellen und mechanischer Belastung und ermöglicht gleichzeitig eine kontrollierte Dampfd
7982	FERROSIL Abdeckvlies Rolle PRO 1mx50m 180gr./m2 Premium Qualität		64.20		Abdeckvlies selbsthaftend weiss "PRO" 1m x 50m, 180 g/m² / Beschreibung: / Breite: 1 Meter / Länge: 50 Meter / Flächengewicht: 180gr./m2 / Selbsthaftend / Oberseite PE-Folie / Premium Qualität / Produktinformationen / Bestens geeignet zum Schutz von Böden, Möbeln, Treppen, Fenstern usw. / Leichtes Handling / Selbsthaftendes Polyestervlies / Kaschiert mit PE-Folie / Rutschfest / Nur auf trockenen F
7983	FERROSIL Abdeckvlies Rolle Classic 1mx50m 120gr./m2		52.50		Ferrosil Abdeckvlies selbsthaftend weiss "Classic" 1m x 50m / Breite: 1 Meter / Länge: 50 Meter / Flächengewicht: 120gr./m2 / Oberseite mit PE-Folie / Unterseite selbsthaftend und rückstandsfrei entfernbar / Selbsthaftendes Abdeckvlies weiss für Böden und Treppen im Innen- und Aussenbereich. / Produktvorteile: / Unterseite mit speziellem rückstandsfreiem Kleber / Oberseite mit wasserdichter rutsch
7984	DISTAR DGM Schleiftopf Soft Edge Ø45mm	DISTAR Technik	42.00		BESCHREIBUNG: / GENIESSE SAUBERKEI / Die große Vielfalt an Feinsteinzeugarten erfordert eine breite Auswahl an Diamantwerkzeugen. Der Fräser Soft Edge 45 für Graviergeräte wurde speziell für die Bearbeitung besonders anspruchsvoller Fliesen entwickelt. / Die Diamantschicht wird durch Graphitspäne gekühlt und verhindert zuverlässig Abplatzungen. Ideal zum Schleifen von glasiertem oder sprödem Feins
7985	DISTAR Support Adapter Ø19mm	DISTAR Technik	19.50		DISTAR Support Adapter-Set / Das DISTAR Support Adapter-Set ist ein hochpräzises System, das speziell für ein extrem stabiles und sicheres Schneiden und Schleifen von Feinsteinzeug mit kompakten Graviergeräten entwickelt wurde. Es ersetzt die herkömmlichen, fehleranfälligen Spannzangen und verhindert zuverlässig deren Durchrutschen oder Lösen unter Belastung. Durch die verkürzte Bauform wird zudem
8043	Diamantfrässtift fein / spitz 0.8x8x2.35mm Pack à 10 Stück		24.00		Diamantfrässtift fein / spitz 0.8mm x 8mm x 2.35mm / Verpackungseinheit: 10 Stück / Totallänge: 43mm / Frästeil Länge 8mm / Aufnahme: 2.35mm
8253	Husqvarna Staubsauger DE 35 H		1		Der DE 35 H ist ein hochproduktiver Staubabsauger, ideal für die Beseitigung von gefährlichem Staub in vielen gängigen Anwendungen wie Oberflächenvorbereitung, allgemeiner Reinigung und Staubsaugen. / Er kann auch an kleinere handgeführte Elektrowerkzeuge angeschlossen werden, wenn die Staubbekämpfung mit Wasser nicht erwünscht oder zulässig ist. / Top Preis- Leistungsverhältnis mit viel Zubehör. 
8288	HALDER SUPERCRAFT-Schonhammer Ø60mm und Ø70mm		84.00		SUPERCRAFT-Schonhammer mit schwingungsdämpfendem, ergonomisch geformtem und lackiertem Hickorystiel / Das Kopfrohr der SUPERCRAFT-Schonhämmer ist mit Stahlschrot befüllt. Dies bewirkt, dass beim Aufprall der Schlagfläche auf das Werkstück die Schrotfüllung verzögert folgt. Durch den verminderten Rückprall wird die Schlagenergie optimal ausgenutzt. Dadurch sind sehr kraftvolle Schläge möglich. Darü
8365	PICARD Plattenlegerhammer BlackTec®		98.00		PICARD Plattenlegerhammer für Wege- und Pflasterarbeiten, mit rundem, austauschbarem und rückschlaghemmendem aufvulkanisiertem Gummikopf. Kopf schwarz pulverlackiert, korrosionsgeschützt / Aus legiertem PICARD-Spezialstahl, sorgfältig gehärtet und angelassen / Rückschlaghemmend / Starke Verbindung von Kopf und Stiel durch 2 Komponenten-Kleber / 3-Komponenten-Kunststoff-Stiel mit innenliegendem Fib
8401	PICARD Gummihammer Grösse 2 + 3, zum Festschlagen von empfindlichen Bauteilen		24.90		Der PICARD Gummihammer, Nr. 251/7b, Gr. 2 +3 ist ein robustes Werkzeug für den professionellen Einsatz. Die hochwertige Verarbeitung und die Größe 2 machen ihn zu einem unverzichtbaren Begleiter bei verschiedenen Anwendungen. Mit seiner gummierten Schlagfläche ermöglicht er präzises und schonendes Arbeiten. Perfekt für den täglichen Gebrauch. / Technische Daten: / Gewicht Grösse 2: 0.72 kg / Gewic
