3957	Steinmetz & Bildhauer	01 Messen & Anzeichnen	Anreisswerkzeuge	2	Anreissnadel leicht und schwer		Anreissnadel mit Widia-Spitze in zwei Ausführungen.
1219	Steinmetz & Bildhauer	01 Messen & Anzeichnen	Anreisswinkel	3	Maurerwinkel 150x100mm	100-054	Richtet und reisst rechte Winkel präzise an.
1230	Steinmetz & Bildhauer	01 Messen & Anzeichnen	Anreisswinkel	3	Maurerwinkel 100x70mm	100-056	Kompakter Winkel zum Anreissen und Ausrichten.
3980	Steinmetz & Bildhauer	01 Messen & Anzeichnen	Anzeichenmaterial	3	Caran D'ache Classic klein		Wasserfester Öl-Wachs-Kreidestift zum Anzeichnen auf Stein.
2320	Steinmetz & Bildhauer	01 Messen & Anzeichnen	Anzeichnen	2	Pauspapier 430 x 610 mm per Stück		Pauspapier zum Übertragen von Vorlagen auf Stein.
3965	Steinmetz & Bildhauer	01 Messen & Anzeichnen	Anzeichnen & Markieren	3	Steinhauerkreidenstifte Staedtler permanent		Wasserfester Markierstift für deckende Anzeichnungen auf Stein.
208	Steinmetz & Bildhauer	01 Messen & Anzeichnen	Bildhauerwerkzeuge	2	Steinzirkel aus Stahl Länge 500 mm	040-768	Präzisionszirkel mit gehärteten Spitzen, 500mm.
4310	Steinmetz & Bildhauer	01 Messen & Anzeichnen	Punktiergeräte	2	Punktiermaschine Standard 600	040-774	Punktiergerät zum massgenauen Übertragen von Modellen auf Stein.
1190	Steinmetz & Bildhauer	01 Messen & Anzeichnen	Schablonenfolie	3	Schablonit transparent  0.25mm, 1 Laufmeter	041-504	Wasser- und ölfeste Schablonenfolie für Anzeichnen und Beschriften.
1191	Steinmetz & Bildhauer	01 Messen & Anzeichnen	Schablonenfolie	2	Schablonit transparent Rolle	041-502	Grossrolle Schablonenfolie für den durchgehenden Werkstattbedarf.
7877	Steinmetz & Bildhauer	01 Messen & Anzeichnen	Zeichenmaterial	2	FERROBLAST Hochtransparentes Zeichenpapier	070-736	Säurefreies Transparentpapier für präzise Anrisse und Skizzen.
63	Steinmetz & Bildhauer	02 Schneiden & Trennen	Bildhauer-Handwerkzeug	2	REXID Bossiereisen 22mm WIDIA mit SK	041-120	Hartmetall-Bossiereisen für Hartgestein, mit Schlägelkopf.
6317	Steinmetz & Bildhauer	02 Schneiden & Trennen	Bildhauer-Handwerkzeug	2	REXID Kipphammer 2 Schneiden 40 mm	040-279	Zweischneidiger Kipphammer für Hartgestein, 40 mm.
7362	Steinmetz & Bildhauer	02 Schneiden & Trennen	Bildhauer-Handwerkzeuge	3	MULLER Schlageisen Carbone Ø18/400mm	040-013	Nachschleifbarer Flachmeissel aus Kohlenstoffstahl, 18 mm.
3974	Steinmetz & Bildhauer	02 Schneiden & Trennen	Bildhauer-Handwerkzeuge	2	Ferrit Handsetzer mit Schlägelkopf SK 85° H		Robuster Handsetzer mit Hartmetallplatte für Naturstein und Beton.
3982	Steinmetz & Bildhauer	02 Schneiden & Trennen	Bildhauer-Handwerkzeuge	2	Kunststoffknüpfel schwarz		Robuster Knüpfel für harten, schnellen Schlag bei der Steinbearbeitung.
4007	Steinmetz & Bildhauer	02 Schneiden & Trennen	Bildhauer-Handwerkzeuge	2	EUROP Flachschlageisen		Robustes Flachschlageisen mit Widia-Einsatz, Länge 190 mm.
4048	Steinmetz & Bildhauer	02 Schneiden & Trennen	Brücken-/Tischfräsen-Trennscheiben	3	Trennscheibe BETCUT TS Marmor DBM.30S Nassanwendung		Leisekern-Trennscheibe für sauberen Schnitt in Marmor und Kalkstein.
4049	Steinmetz & Bildhauer	02 Schneiden & Trennen	Brücken-/Tischfräsen-Trennscheiben	3	BETCUT UCS DEKTON für Brückenfräsen		Verstärkte Trennscheibe für 45°-Schnitte in Dekton und Lapitec.
4092	Steinmetz & Bildhauer	02 Schneiden & Trennen	Brücken-/Tischfräsen-Trennscheiben	3	BETCUT CERAMICS für Tischfräsen		Trennscheibe für Keramikplatten inkl. Dekton und Lapitec bis 30 mm.
3290	Steinmetz & Bildhauer	02 Schneiden & Trennen	Diamant-Trennscheiben	4	TS SWIFLEX-RED-K810 ø150mm	032-594	Universal-Diamanttrennscheibe mit hoher Standzeit, ø 150 mm.
3292	Steinmetz & Bildhauer	02 Schneiden & Trennen	Diamant-Trennscheiben	4	RED K825 Dia.Trennscheibe Ø115		Dicke Mörtelräumer-Trennscheibe zum Fugenfräsen, ø 115 mm.
3293	Steinmetz & Bildhauer	02 Schneiden & Trennen	Diamant-Trennscheiben	4	RED K825 Dia.Trennscheibe Ø125	032-058	Dicke Mörtelräumer-Trennscheibe zum Fugenfräsen, ø 125 mm.
3455	Steinmetz & Bildhauer	02 Schneiden & Trennen	Diamant-Trennscheiben	4	DTS BETCUT ø350/25.4 M/G/B	030-558	Günstige gesinterte Trennscheibe für schnellen Granitschnitt.
4008	Steinmetz & Bildhauer	02 Schneiden & Trennen	Diamant-Trennscheiben	4	Marmor Trennscheibe M14 Ø125 + Ø150 mm		Diamanttrennscheibe für Marmor und Kalkstein, Trockenschnitt.
5774	Steinmetz & Bildhauer	02 Schneiden & Trennen	Diamant-Trennscheiben Naturstein	3	FERRIX DTS Granit Speed Ø400mm /60 mm	031-205 400B	Grossformatige Diamant-Trennscheibe Ø400mm für Granit-Nassschnitt.
3897	Steinmetz & Bildhauer	02 Schneiden & Trennen	Diamanttrennscheiben	4	KGS RED K810 Diamant Trennscheibe für Granit Trockenschnitt		Universelle Premium-Trennscheibe für Granit, Beton und Verbundstein.
6777	Steinmetz & Bildhauer	02 Schneiden & Trennen	Diamanttrennscheiben	4	Diamantscheibe Bildhauer Ø 230 mm Aufnahme 22,2 mm	030-594	Diamant-Vollmanteltrennscheibe für den Trockenschnitt von Marmor und Kalkstein.
6361	Steinmetz & Bildhauer	02 Schneiden & Trennen	Diamanttrennscheiben (Ferrix)	4	FERRIX DTS EPIC Ø300 mm Ceramics Aufnahme 25.4mm	031-199 300	Ferrix-Trennscheibe für Feinsteinzeug und Marmor, Ø 300 mm.
6362	Steinmetz & Bildhauer	02 Schneiden & Trennen	Diamanttrennscheiben (Ferrix)	4	FERRIX DTS CERAMICUT-2 Ø300 mm Ceramics Aufnahme 25.4mm	031-197 300	Ferrix CERAMICUT-2-Trennscheibe für Feinsteinzeug, Ø 300 mm.
3844	Steinmetz & Bildhauer	02 Schneiden & Trennen	Diamanttrennscheiben Brückensäge	4	BETCUT EVO NEXT Ø400x60mm	030-728	Segmentierte Diamanttrennscheibe für Brückenfräsen in Dekton und Lapitec.
5141	Steinmetz & Bildhauer	02 Schneiden & Trennen	Fäustel & Hämmer	3	Milani Eisenfäustel 400 Gramm	040-888	Eisenfäustel für kraftvolle Schläge auf kristalline Gesteine.
5693	Steinmetz & Bildhauer	02 Schneiden & Trennen	Fäustel & Hämmer	2	Künstler Kupferhammer 500g	041-458 500	Funkenfreier Kupferhammer für schonendes Arbeiten.
5694	Steinmetz & Bildhauer	02 Schneiden & Trennen	Fäustel & Hämmer	2	Künstler Kupferhammer 200  Gramm	041-458 200	Funkenfreier Kupferhammer, leichte 200-Gramm-Ausführung.
5713	Steinmetz & Bildhauer	02 Schneiden & Trennen	Führungsschienen	2	FLEX Führungsschienen 800 / 1100 / 1600 mm		Präzise Führungsschiene mit Anti-Rutschsicherung.
5717	Steinmetz & Bildhauer	02 Schneiden & Trennen	Führungsschienen	2	FLEX Verbinder Führungsschiene	050-026 VFS	Verbindungsstück zum Koppeln von Führungsschienen.
5586	Steinmetz & Bildhauer	02 Schneiden & Trennen	Granit-Trennscheiben (Akku-Trennjäger)	3	Ferrix DTS TJ Granit Uni Ø350/25.5mm Super-Leise	030-570 G	Super-leise Granit-Trennscheibe für Akku-Trennjäger.
3969	Steinmetz & Bildhauer	02 Schneiden & Trennen	Handschrifteisen	2	EUROP Handschrifteisen SK **		Handschrifteisen mit WIDIA-Einsatz in drei Härtegraden.
5104	Steinmetz & Bildhauer	02 Schneiden & Trennen	Handsetzer & Fäustel	3	Ferrit Handsetzer Breite 25 mm	040-582	Handsetzer mit Hartmetalleinsatz für Marmor und Granit.
5105	Steinmetz & Bildhauer	02 Schneiden & Trennen	Handsetzer & Fäustel	3	Ferrit Handsetzer Breite 30 mm	040-584	Handsetzer mit Hartmetalleinsatz für Marmor und Granit.
488	Steinmetz & Bildhauer	02 Schneiden & Trennen	Handsetzer & Meissel	2	Gedik Handsetzer ø 60mm Marmor + Granit	040-600	Handsetzer mit Hartmetallplatte für schwere Absprengarbeiten.
1678	Steinmetz & Bildhauer	02 Schneiden & Trennen	Kleintrennscheiben	3	Bildhauer Trennscheibefür Marmor Ø 50/6mm und 75/6 mm		Kleintrennscheibe für die feine Marmorbearbeitung von Hand.
171	Steinmetz & Bildhauer	02 Schneiden & Trennen	Kleintrennscheiben	2	Schaft ø 6mm zu Kleintrennscheiben	031-144	Aufnahmeschaft zum Betreiben von Kleintrennscheiben Ø6 mm.
3132	Steinmetz & Bildhauer	02 Schneiden & Trennen	Nasskreissägen	2	FLEX CS60 WET Nasskreissäge mit Fi (PRCD)	050-024	Nasskreissäge zum Steinschneiden und Fugenfräsen.
3975	Steinmetz & Bildhauer	02 Schneiden & Trennen	Pressluft-Bildhauerwerkzeuge	2	MILANI Pressluft PL Zahneisen 12.5 mm		Präzises Pressluft-Zahneisen mit Hartmetalleinsatz, Aufnahme 12.5 mm.
3976	Steinmetz & Bildhauer	02 Schneiden & Trennen	Pressluft-Bildhauerwerkzeuge	2	MILANI Pressluft PL Zahneisen 7.4 mm		Feines Pressluft-Zahneisen mit Widia-Einsatz, Aufnahme 7.4 mm.
3977	Steinmetz & Bildhauer	02 Schneiden & Trennen	Pressluft-Bildhauerwerkzeuge	2	FERROBLACK PL-Schlageisen 12.5 mm		Kräftiges Pressluft-Schlageisen mit Widia-Einsatz.
5256	Steinmetz & Bildhauer	02 Schneiden & Trennen	Pressluft-Gravierwerkzeuge	2	Druckluft Gravierstift GP 950	060-170	Druckluft-Gravierstift für feine Gravurarbeiten in Stein.
5645	Steinmetz & Bildhauer	02 Schneiden & Trennen	Pressluft-Meisselhammer	3	Meisselhammer FK 702.4 A, Einsteckende 12.7 x 50 mm	060-702.4 A 12.7	Pressluft-Meisselhammer für allgemeine Steinarbeiten.
5705	Steinmetz & Bildhauer	02 Schneiden & Trennen	Pressluft-Meisselhammer	3	Meisselhammer FK 702.4 A Einsteckende RK13	060-702.4 A RK13	Pressluft-Meisselhammer mit RK13-Einsteckende.
550	Steinmetz & Bildhauer	02 Schneiden & Trennen	Pressluft-Schlageisen	3	REXID PL-Schlageisen 20/16+30/16  Aufnahme: 10,2 mm		Pressluft-Schlageisen mit Widia-Hartmetall für Marmor.
3606	Steinmetz & Bildhauer	02 Schneiden & Trennen	Pressluft-Schlageisen	2	Ferrit Pressluft Schlageisen Aufnahme 12,7 mm Universal		Pressluft-Schlageisen mit Hartmetall für universelle Steinbearbeitung.
5092	Steinmetz & Bildhauer	02 Schneiden & Trennen	Pressluft-Schrifteisen	3	EUROP Pressluft Schrifteisen 8mm * Aufnahme 10.2mm	040-088	Pressluft-Schrifteisen mit Hartmetall für Schriftarbeiten.
5164	Steinmetz & Bildhauer	02 Schneiden & Trennen	Pressluft-Schrifteisen	3	FERROBLAU G 6mm PL12,7	041-486	Widia-Schrifteisen für Schriftarbeiten in Granit.
5165	Steinmetz & Bildhauer	02 Schneiden & Trennen	Pressluft-Schrifteisen	3	Pressluft Schrifteisen FERROBLAU G 8mm PL12,7	041-488	Widia-Schrifteisen für Schriftarbeiten in Granit.
5166	Steinmetz & Bildhauer	02 Schneiden & Trennen	Pressluft-Schrifteisen	3	Pressluft Schrifteisen FERROBLAU G 10mm PL12,7	041-490	Widia-Schrifteisen für Schriftarbeiten in Granit.
3605	Steinmetz & Bildhauer	02 Schneiden & Trennen	Pressluft-Schrifteisen	2	Ferrit Pressluft-Schrifteisen ø12,5mm  Breite 4-20 mm		Schlankes Pressluft-Schrifteisen mit Hartmetall für Kalkstein.
3958	Steinmetz & Bildhauer	02 Schneiden & Trennen	Pressluft-Schrifteisen	2	FERROBLACK Pressluft Bildhauerschrifteisen Aufnahme 12.7 mm		Handgefertigtes Pressluft-Schrifteisen mit WIDIA-Einsatz.
3962	Steinmetz & Bildhauer	02 Schneiden & Trennen	Pressluft-Schrifteisen	2	EUROP PL-Schrifteisen 4-12 mm** Aufnahme 12.7mm		Pressluft-Schrifteisen mit WIDIA-Einsatz in drei Härtegraden.
5643	Steinmetz & Bildhauer	02 Schneiden & Trennen	Pressluft-Schriftenhammer	3	Schriften Hammer FK 701 A, Einsteckende 12.7 x 50 mm	060-701 A 12.7	Pressluft-Schriftenhammer für Bossieren, Stocken und Schrift.
5680	Steinmetz & Bildhauer	02 Schneiden & Trennen	Pressluft-Schriftenhammer	3	Schriften Hammer FK 711 A Einsteckende 12.7mm x 50 mm	060-711 A 12.7	Pressluft-Schriftenhammer mit hoher Schlagzahl.
5696	Steinmetz & Bildhauer	02 Schneiden & Trennen	Pressluft-Schriftenhammer	3	Schriften Hammer FK 713 A Einsteckende 12.7 x 50mm	060-713 A 12.7	Pressluft-Schriftenhammer für Schrift- und Stockarbeiten.
5698	Steinmetz & Bildhauer	02 Schneiden & Trennen	Pressluft-Schriftenhammer	3	Schriftenhammer FK 700 A Einsteckende 10.2 x 36 mm	060-700 A 10.2	Pressluft-Schriftenhammer mit kleiner Aufnahme 10,2mm.
5699	Steinmetz & Bildhauer	02 Schneiden & Trennen	Pressluft-Schriftenhammer	3	Schriftenhammer FK 701 A Einsteckende 10.2 x 36 mm	060-701 A 10.2	Pressluft-Schriftenhammer mit kleiner Aufnahme 10,2mm.
5700	Steinmetz & Bildhauer	02 Schneiden & Trennen	Pressluft-Schriftenhammer	3	Schriftenhammer FK 713 A Einsteckende 10.2 x 36 mm	060-713 A 10.2	Pressluft-Schriftenhammer mit kleiner Aufnahme 10,2mm.
5701	Steinmetz & Bildhauer	02 Schneiden & Trennen	Pressluft-Schriftenhammer	3	Schriftenhammer FK 714 A Einsteckende 12.7mm x 50 mm	060-714 A 12.7	Pressluft-Schriftenhammer, kompakt und leicht.
5702	Steinmetz & Bildhauer	02 Schneiden & Trennen	Pressluft-Schriftenhammer	3	Schriftenhammer FK 711 A Einsteckende 10.2 x 36 mm	060-711 A 10.2	Pressluft-Schriftenhammer mit kleiner Aufnahme 10,2mm.
5704	Steinmetz & Bildhauer	02 Schneiden & Trennen	Pressluft-Schriftenhammer	3	Schriftenhammer FK 715 A Einsteckende 10.2x 36mm	060-715 A 10.2	Pressluft-Schriftenhammer, kompakt mit kleinem Kolben.
5095	Steinmetz & Bildhauer	02 Schneiden & Trennen	Pressluft-Spitzeisen	3	GEDIK Pressluft Spitzeisen Konus.13 HM 18mm	040-180	Pressluft-Spitzeisen mit Hartmetallspitze, Konus 13mm.
5096	Steinmetz & Bildhauer	02 Schneiden & Trennen	Pressluft-Spitzeisen	3	GEDIK Pressluft Spitzeisen Konus13 HM 20mm	040-182	Pressluft-Spitzeisen mit Hartmetallspitze, Konus 13mm.
5107	Steinmetz & Bildhauer	02 Schneiden & Trennen	Pressluft-Spitzeisen	3	Ferrit Pressluft Spitzeisen 8 mm Aufnahme  10.5 mm G	040-604	Pressluft-Spitzeisen mit Hartmetalleinlage für Granit.
5145	Steinmetz & Bildhauer	02 Schneiden & Trennen	Pressluft-Spitzeisen	3	REXID Spitzeisen 8mm 8x8mm EE 10.2mm Uni10	041-248	Schrift-Spitzeisen mit Hartmetallstift für alle Gesteinsarten.
5146	Steinmetz & Bildhauer	02 Schneiden & Trennen	Pressluft-Spitzeisen	3	REXID Spitzeisen10mm 10x10mm EE 10.2mm Uni10	041-250	Schrift-Spitzeisen mit Hartmetallstift für alle Gesteinsarten.
5148	Steinmetz & Bildhauer	02 Schneiden & Trennen	Pressluft-Spitzeisen	3	REXID Pressluft Spitzeisen 12-14 mm UNI Aufnahme 10,5 mm		Universal-Spitzeisen für Hart- und Weichgestein.
5150	Steinmetz & Bildhauer	02 Schneiden & Trennen	Pressluft-Spitzeisen	3	REXID Pressluft Spitzeisen 8-18 mm Aufnahme 12,7 mm Universal		Universal-Spitzeisen für Hart- und Weichgestein.
5563	Steinmetz & Bildhauer	02 Schneiden & Trennen	Pressluft-Spitzeisen	3	REXID Pressluft Spitzeisen ERGO EE10.2 Ø10mm =10x10mm	041-235	Gummiummanteltes Schrifteisen für vibrationsarmes Arbeiten.
5672	Steinmetz & Bildhauer	02 Schneiden & Trennen	Pressluft-Stocker	3	HM PL-Stocker langer Schaft 10x2,5mm Zähne 1x4 Zähne	040-175	Pressluft-Stocker mit Hartmetallplatte für Oberflächenstruktur.
3851	Steinmetz & Bildhauer	02 Schneiden & Trennen	Pressluft-Stocker	2	PL-Stocker 30x30 16 Zähne m.B. KSHK	040-170	Pressluft-Stocker mit Widia-Zähnen für Oberflächenstrukturierung.
5108	Steinmetz & Bildhauer	02 Schneiden & Trennen	Pressluft-Zahneisen	3	Ferrit Pressluft Zahneisen 16mm 4Z 10.2	040-620	Pressluft-Zahneisen mit Hartmetallspitzen, 4 Zähne.
3607	Steinmetz & Bildhauer	02 Schneiden & Trennen	Scharriereisen	2	REXID Scharriereisen KK M		Schlankes Scharriereisen für Sandstein mit Knüpfelkopf.
362	Steinmetz & Bildhauer	02 Schneiden & Trennen	Schlageisen	2	Stahlschlageisen 25mm	040-362	Gehärtetes Schlageisen für Sandstein.
364	Steinmetz & Bildhauer	02 Schneiden & Trennen	Schlageisen	2	Stahlschl.eisen Kl.Sandst.35mm	040-364	Gehärtetes Schlageisen für Sandstein.
3899	Steinmetz & Bildhauer	02 Schneiden & Trennen	Schlageisen	2	FERROBLACK Handschlageisen KK		Handgefertigtes Schlageisen mit WIDIA-Einsatz.
2979	Steinmetz & Bildhauer	02 Schneiden & Trennen	Spaltkeile	2	Spaltkeilgarnitur ø 14 - 30 mm 3-Teilig		Spaltkeilgarnitur zum klassischen Spalten von Naturstein von Hand.
3611	Steinmetz & Bildhauer	02 Schneiden & Trennen	Spitzeisen	2	REXID Spitzeisen SK Universal		Hartmetall-Spitzeisen für alle Gesteinsarten.
3612	Steinmetz & Bildhauer	02 Schneiden & Trennen	Spitzeisen	2	REXID Spitzeisen Prellerform H		Prellerform-Spitzeisen mit Hartmetall für Hartgestein.
5122	Steinmetz & Bildhauer	02 Schneiden & Trennen	Stockhammer-Einsätze	4	Stockhammer Einsatz 20 mm x 20 mm		Stockhammer-Einsatz mit gehärteten Zähnen, 4-36 Zähne.
1370	Steinmetz & Bildhauer	02 Schneiden & Trennen	Trennscheiben	4	KGS Kleintrennscheibe ø 50/75 mm x  Ø 6 mm		Kleine gesinterte Trennscheibe für feine Trennarbeiten.
1372	Steinmetz & Bildhauer	02 Schneiden & Trennen	Trennscheiben	4	Diamanttrennscheibe Laser Performer Trockenschnitt		Universelle Diamanttrennscheibe für Stein und Beton, Trockenschnitt.
1741	Steinmetz & Bildhauer	02 Schneiden & Trennen	Trennscheiben Brückenfräse	3	BETCUT EVOGRES PLUS Ø400x60mm	030-716	Diamanttrennscheibe für ultraschnellen Schnitt auf Brückenfräsen.
901	Steinmetz & Bildhauer	02 Schneiden & Trennen	Trennscheiben Trocken	4	Diamanttrennscheibe ARCODry Cut SCC ø125 mm-180 mm		Trennscheibe für Kurvenschnitte in Beton und Granit.
4241	Steinmetz & Bildhauer	02 Schneiden & Trennen	Trennscheiben Universal	4	KGS RED K810 Diamanttrennscheibe 115-230 mm  Aufnahme M14		Universelle Trennscheibe für Beton, Pflaster und Naturstein.
4495	Steinmetz & Bildhauer	02 Schneiden & Trennen	Trennscheiben trocken	4	Diamanttrennscheibe ø105mm x 22.2 mm AEM	030-620	Trennscheibe mit geschliffenem Rand für Granit und Beton.
5902	Steinmetz & Bildhauer	02 Schneiden & Trennen	Trockentrennscheiben Universal	4	Diamant Laser Performer ø125 mm und 150 mm X M14 Trockenschnitt	032-113	Diamant-Trennscheibe Laser-Performer Ø125/150mm für Trockenschnitt, Super-Universal.
4585	Steinmetz & Bildhauer	02 Schneiden & Trennen	Wasserkühlung Zubehör	1	Gummispritzdüse zu LONN	100-204	Ersatzdüse für die LONN-Wasserkühlung an Trennmaschinen.
4586	Steinmetz & Bildhauer	02 Schneiden & Trennen	Wasserkühlung Zubehör	1	Wasserspritzdüse LONN	100-202	Original-Wasserspritzdüse für die LONN-Wasserkühlung.
3901	Steinmetz & Bildhauer	02 Schneiden & Trennen	Werkzeugschärfen	2	DMT-Diamantrutscher / Abziehstein DAS 150		Diamant-Abziehstein zum Schärfen von Bildhauerwerkzeugen.
3961	Steinmetz & Bildhauer	02 Schneiden & Trennen	Zahneisen-System	2	FERROGOLD PL-Zahneisen  2-5 Zähne		Pressluft-Zahneisen mit Hartmetalleinlage, 2 bis 5 Zähne.
3963	Steinmetz & Bildhauer	02 Schneiden & Trennen	Zahneisen-System	2	Zahneisenhalter 25 und 40 mm KK		Wiederverwendbarer Halter für Zahneisen-Einsätze.
3967	Steinmetz & Bildhauer	02 Schneiden & Trennen	Zahneisen-System	2	REXID PL-Zahneisen Konus  W		Pressluft-Zahneisen mit Hartmetallstiften für Sandstein.
3964	Steinmetz & Bildhauer	02 Schneiden & Trennen	Zahneisen-System	1	Zahneiseneinsätze		Auswechselbare Einsätze für Zahneisenhalter.
5916	Steinmetz & Bildhauer	03 Bohren & Fräsen	Adapter/Aufnahmeschaft	3	Aufnahmeschaft 1/2" M12 IG NL 100mm	030-721	Adapter R1/2 auf M12 für Bohrkronen, Nutzlänge 100mm.
4502	Steinmetz & Bildhauer	03 Bohren & Fräsen	Bildhauer-Meisseleinsätze	3	REXID PL-Zahneisen Schaft 10,2 mm		Hartmetall-Zahneisen für Sandstein am Presslufthammer.
4503	Steinmetz & Bildhauer	03 Bohren & Fräsen	Bildhauer-Meisseleinsätze	3	REXID PL-Zahneisen 3-5 Zähne 12,7mm		Hartmetall-Zahneisen für Kalkstein, Schaft 12.7 mm.
4550	Steinmetz & Bildhauer	03 Bohren & Fräsen	Bildhauer-Meisseleinsätze	2	PL-Stocker 30x30mm 25 Zähne m.B. KSHK	040-172	Hartmetall-Stocker 30x30 mm mit 25 Zähnen für Fassadenarbeiten.
1235	Steinmetz & Bildhauer	03 Bohren & Fräsen	Bildhauer-Werkzeugsets	4	Guillet Bildhauerset No. 5	040-002	Komplettes Einsteiger-Set für die Bildhauer-Handarbeit.
3904	Steinmetz & Bildhauer	03 Bohren & Fräsen	Bohrkronen Keramik	4	BETCUT-CERAMICS Bohrkrone R 1/2"		Diamant-Bohrkrone für ausbruchfreie Löcher in Keramik und Dekton.
4810	Steinmetz & Bildhauer	03 Bohren & Fräsen	CNC-Adapter	2	Aufnahmeschaft R1/2 M14 IG	030-618	Adapterschaft für Fingerfräser, M14 IG auf R1/2".
4817	Steinmetz & Bildhauer	03 Bohren & Fräsen	CNC-Adapter	2	Adapter 20mm R1/2" GAS M12	030-720	Stahladapter R1/2" auf M12 für Fingerfräser.
4095	Steinmetz & Bildhauer	03 Bohren & Fräsen	CNC-Bohrwerkzeuge	3	CNC-Diamanthohlbohrer		CNC-Diamanthohlbohrer für Granit, Nassanwendung.
5666	Steinmetz & Bildhauer	03 Bohren & Fräsen	CNC-Diamanthohlbohrer	4	BETCUT CNC Diamanthohlbohrer Ø12-Ø35 mm x 60 mm 2mm Ring R1/2''		CNC-Hohlbohrer für Naturstein in mehreren Bindungen.
5772	Steinmetz & Bildhauer	03 Bohren & Fräsen	CNC-Diamanthohlbohrer	3	BETCUT CNC Diamanthohlbohrer Ø19/15x7mm NL120mm Ringsegment R1/2"	031-110 19	CNC-Diamanthohlbohrer Ø19/15mm für Naturstein im Nasseinsatz, Bohrtiefe 120mm.
6327	Steinmetz & Bildhauer	03 Bohren & Fräsen	CNC-Diamantwerkzeuge	3	ADI Wasserrillenfräser Radius 6mm Ø12mm K1-K4 Aufnahme R 1/2" UHS		Wasserrillenfräser für Küchenplatten-Arbeitsplatten, Ø 12 mm.
6427	Steinmetz & Bildhauer	03 Bohren & Fräsen	CNC-Diamantwerkzeuge	3	Fingerfräser Ferrix Ø 25mm M14 mit Rundkopf	030-693	Diamantfingerfräser für Bohrungen und Konturen, Ø 25 mm.
2800	Steinmetz & Bildhauer	03 Bohren & Fräsen	CNC-Diamantwerkzeuge	3	Diamantfingerfräser FF Ø23 mm Aufnahme R½" CNC		Diamantfingerfräser für CNC-Fräsmaschinen an Granit.
4200	Steinmetz & Bildhauer	03 Bohren & Fräsen	CNC-Fingerfräser	3	Fingerfräser Ø20 mm H 45 mm Aufnahme: R1/2"	031-304	CNC-Fingerfräser für Nassanwendung, Höhe 45 mm.
4204	Steinmetz & Bildhauer	03 Bohren & Fräsen	CNC-Fingerfräser	3	Fingerfräser KGS MD UNI Ø20x40	031-652	CNC-Fingerfräser mit Sonderstahl-Segmenten, Nassanwendung.
1150	Steinmetz & Bildhauer	03 Bohren & Fräsen	CNC-Fräswerkzeuge	3	CNC Umfangfräser ø54/25/7 Crec	031-176	CNC-Fräswerkzeug für Massivarbeiten in Naturstein, doppelseitig nutzbar.
1151	Steinmetz & Bildhauer	03 Bohren & Fräsen	CNC-Fräswerkzeuge	3	CNC Umfangfräser ø91/30/7 UHS	031-178	Grösseres CNC-Fräswerkzeug für Massivarbeiten in Naturstein.
7045	Steinmetz & Bildhauer	03 Bohren & Fräsen	CNC-Fräswerkzeuge	3	CNC MEM Fingerfräser Ø20 mm H25 mm PREMIUMextreme	031-185	CNC-Fingerfräser für Keramik und Porzellan, Ø20mm.
7049	Steinmetz & Bildhauer	03 Bohren & Fräsen	CNC-Fräswerkzeuge	3	CNC MEM Fingerfräser Granit/Quartzit Ø23mm H50mm R1/2"	031-186	CNC-Fingerfräser für Granit und Quarzit, Ø23mm.
7051	Steinmetz & Bildhauer	03 Bohren & Fräsen	CNC-Fräswerkzeuge	3	CNC MEM Bohrer Ø35 mm R1/2"	031-183	Gesinterter CNC-Bohrer Ø35mm für Granit, Marmor und Keramik.
7052	Steinmetz & Bildhauer	03 Bohren & Fräsen	CNC-Fräswerkzeuge	3	CNC MEM Umfangfräser Ø87mm	031-188	CNC-Umfangfräser Ø87mm für Marmor und Granit.
5668	Steinmetz & Bildhauer	03 Bohren & Fräsen	CNC-Fräswerkzeuge (Finger Bits)	3	Finger Bit GRES Ø 23x35mm	030-691	Finger Bit für CNC-Bearbeitung von Feinsteinzeug.
1781	Steinmetz & Bildhauer	03 Bohren & Fräsen	CNC-Gravurstifte	3	Gravurstift HM CNC 60° ø10mm x 55mm	031-386	CBN-Gravurstift für CNC-Maschinen mit interner Wasserzufuhr.
1782	Steinmetz & Bildhauer	03 Bohren & Fräsen	CNC-Gravurstifte	3	Gravurstift HM CNC 90° ø10mm x 55mm	031-384	CBN-Gravurstift für CNC-Maschinen mit interner Wasserzufuhr.
6895	Steinmetz & Bildhauer	03 Bohren & Fräsen	CNC-Profilfräser	3	CNC MEM Profilfräser Metal Linie Ø20 mm Zenith Z40  R 1/2"		CNC-Profilfräser für Naturstein, komplette Körnungsreihe P1-P6 plus H1.
6898	Steinmetz & Bildhauer	03 Bohren & Fräsen	CNC-Profilfräser	3	CNC MEM Profilfräser Metal Linie Ø 40mm Zenith Z40 Position 1-6 + H1		CNC-Profilfräser Ø40mm für Naturstein, komplette Positionsreihe P1-H1.
6900	Steinmetz & Bildhauer	03 Bohren & Fräsen	CNC-Profilfräser	3	CNC MEM Profilfräser Metal Linie Ø60mm Zenith Z40 Pos.1-6  und H1		CNC-Profilfräser Ø60mm für Naturstein, komplette Positionsreihe P1-H1.
7596	Steinmetz & Bildhauer	03 Bohren & Fräsen	Diamant-Bohrkronen	4	DUSS DBK Bohrkrone CBL 1/2" Ø 57-122mm L300 mm		Nass-Bohrkrone mit Premium-Dachsegmenten für hohe Standzeit.
4030	Steinmetz & Bildhauer	03 Bohren & Fräsen	Diamant-Fingerfräser	3	Fingerfräser BETCUT DRY Vollbelag		Diamantfingerfräser für Bohrungserweiterung und Konturen, trocken.
4861	Steinmetz & Bildhauer	03 Bohren & Fräsen	Diamant-Frässcheiben	3	Diamantfräser DISC Ø 50 x 6 mm geschlitzt	030-952	Gesinterte Diamant-Frässcheibe für Marmor und Granit.
435	Steinmetz & Bildhauer	03 Bohren & Fräsen	Diamant-Frässtifte	3	Diamantfrässtift Zylinder  Ø 4 / 35mm lang, galvanisiert	031-308	Galvanisierter Diamantfrässtift für Marmor und Granit.
437	Steinmetz & Bildhauer	03 Bohren & Fräsen	Diamant-Frässtifte	3	Diamantschleifstift galvanisiert A ø6x11mm Rundkegel spitz	031-312	Galvanisierter Diamantstift, Rundkegel spitz für Detailarbeiten.
438	Steinmetz & Bildhauer	03 Bohren & Fräsen	Diamant-Frässtifte	3	Diamant Schleifstift galvanisiert D ø15mm	031-314	Galvanisierter Diamantstift, Zylinder flach, Ø 15 mm.
4862	Steinmetz & Bildhauer	03 Bohren & Fräsen	Diamant-Frässtifte	3	Diamantschleifstift Zylinder  Ø10/40mm galvanisiert	030-954	Galvanisierter Diamantfrässtift, Zylinderform Ø 10 mm.
4863	Steinmetz & Bildhauer	03 Bohren & Fräsen	Diamant-Frässtifte	3	Diamantschleifstift Disc gesintert  Ø 25x1,5 mm	030-956	Gesinterter Diamant-Scheibenstift für feine Details.
4922	Steinmetz & Bildhauer	03 Bohren & Fräsen	Diamant-Frässtifte	3	Bildhauerset Stift Diamantschleifstift ø 15mm / R=7,5mm	031-422	Pilzförmiger Diamant-Schleifstift, Radius 7.5 mm.
3579	Steinmetz & Bildhauer	03 Bohren & Fräsen	Diamant-Frässtifte	3	DSK 6mm Diamantfrässtift Kugel Ø 4mm - 16mm		Galvanisierter Kugel-Frässtift für Marmor und Granit.
4197	Steinmetz & Bildhauer	03 Bohren & Fräsen	Diamant-Frästeller	3	BETCUT Diamantfrästeller Ø50mm, Topqualität	030-634	Diamantfrästeller in Topqualität für Bildhauerarbeiten.
1682	Steinmetz & Bildhauer	03 Bohren & Fräsen	Diamant-Gravur- & Schleifstifte	3	DSK 6 mm Bildhauerstift gesintert Ø12x20mm	031-552	Gesinterter Diamant-Bildhauerstift für grobe Formbearbeitung.
1683	Steinmetz & Bildhauer	03 Bohren & Fräsen	Diamant-Gravur- & Schleifstifte	3	DSK 3 Gravurstift Diamant.gesintert Ø10mm x 6mm	031-548	Gesinterter Diamant-Gravurstift mit Trapez-Kopfkegel.
1684	Steinmetz & Bildhauer	03 Bohren & Fräsen	Diamant-Gravur- & Schleifstifte	3	Gravurstift Dia.ges.Ø4x12mm	031-550	Gesinterter Diamant-Gravurstift, Flachzylinderform.
1685	Steinmetz & Bildhauer	03 Bohren & Fräsen	Diamant-Gravur- & Schleifstifte	3	Gravurstift Dia.ges.Ø3,5x10mm	031-544	Gesinterter Diamant-Gravurstift, Spitzzylinderform.
1686	Steinmetz & Bildhauer	03 Bohren & Fräsen	Diamant-Gravur- & Schleifstifte	3	Gravurstift Dia.ges.Ø3x5mm	031-546	Gesinterter Diamant-Gravurstift, Rundzylinderform.
1840	Steinmetz & Bildhauer	03 Bohren & Fräsen	Diamant-Gravur- & Schleifstifte	3	Diamantschleifst. PlanCon 25	031-580	Vakuumgelöteter Diamantschleifstift für gute Standzeit.
1847	Steinmetz & Bildhauer	03 Bohren & Fräsen	Diamant-Gravur- & Schleifstifte	3	DSK 3mm Set Gravurstifte galvanisiert 10 verschiedene Formen		10-teiliges Diamant-Gravurstift-Set für Marmor und Granit.
1735	Steinmetz & Bildhauer	03 Bohren & Fräsen	Diamant-Profilfräser	3	BETCUT INTEGRAL Flach Ø100 M14	031-562	Flacher Diamantfräser mit M14-Aufnahme für Trockenschliff.
1838	Steinmetz & Bildhauer	03 Bohren & Fräsen	Diamant-Profilfräser	3	BETCUT PROFILE V20 Aufnahme M14 Körnung 40	031-520	Diamant-Profilfräser für V-Profile 60 mm an Naturstein und Platten.
1839	Steinmetz & Bildhauer	03 Bohren & Fräsen	Diamant-Profilfräser	3	BETCUT PF V30/R15 Aufnahme M14 Körnung 40	031-510	Diamant-Profilfräser für V-Profile 30 mm an Naturstein und Platten.
7091	Steinmetz & Bildhauer	03 Bohren & Fräsen	Diamant-Vollbohrer	3	DVB Vollbohrer kurz, Nass Ø 2.5mm-12mm  M14 IG		Diamant-Vollbohrer für Granit und Marmor, Ø2.5-12mm, M14.
3671	Steinmetz & Bildhauer	03 Bohren & Fräsen	Diamantwerkzeuge CNC	2	Diamantstift komplett	031-470	Kompletter Diamantstift mit Halter für CNC-Anlagen.
3670	Steinmetz & Bildhauer	03 Bohren & Fräsen	Diamantwerkzeuge CNC	1	Ersatz Diamantspitze (zu Diamantstift)	031-472	Ersatzspitze für CNC-Diamantstift.
4276	Steinmetz & Bildhauer	03 Bohren & Fräsen	Fingerfräser CNC	3	KGS Speedline RT 20x20mm M12	031-282	Fingerfräskrone für Granit auf CNC-Maschinen.
4277	Steinmetz & Bildhauer	03 Bohren & Fräsen	Fingerfräser CNC	3	Fingerfräskrone M Ø20x20mm M12	031-250	Fingerfräskrone für Marmor auf CNC-Maschinen.
4278	Steinmetz & Bildhauer	03 Bohren & Fräsen	Fingerfräser CNC	3	FF ø20/14x15 SYRMA M12	031-260	Fingerfräser Ravelli für CNC-Fräsmaschinen.
4281	Steinmetz & Bildhauer	03 Bohren & Fräsen	Fingerfräser CNC	3	KGS Speedline RTF 20x20mm M12	032-164	Fingerfräser für Granit ohne Wasserschlitze.
4282	Steinmetz & Bildhauer	03 Bohren & Fräsen	Fingerfräser CNC	3	KGS Speedline RTES M12	032-166	Fingerfräser speziell für Quarzkomposite.
4910	Steinmetz & Bildhauer	03 Bohren & Fräsen	Fingerfräser CNC	3	Fingerfräser ø20 mm / 14x12 mm	031-258	Fingerfräser ADI für Granit, Nutzlänge 100 mm.
5925	Steinmetz & Bildhauer	03 Bohren & Fräsen	Gravierzubehör (Pressluft)	1	Ersatznadel zu Druckluft Gravierstift GP 950	060-171	Ersatznadel für den Druckluft-Gravierstift GP 950.
1177	Steinmetz & Bildhauer	03 Bohren & Fräsen	Handsetzer & Zahneisen	3	Stahl-Zahneisen 4Z.16mm KK	040-354	Zahneisen für die Handbearbeitung von Sandstein.
1218	Steinmetz & Bildhauer	03 Bohren & Fräsen	Handsetzer & Zahneisen	3	Stahl-Zahneisen 4 Zähne . 22mm KK	040-356	Zahneisen für die Handbearbeitung von Sandstein.
1344	Steinmetz & Bildhauer	03 Bohren & Fräsen	Handsetzer & Zahneisen	3	Ferrit Handsetzer  85°		Widia-Handsetzer für präzise Steinbearbeitung per Hammerschlag.
3608	Steinmetz & Bildhauer	03 Bohren & Fräsen	Hartmetallbohrer	3	Hartmetall Bohrer Marmor+Granit		Hartmetallbohrer mit WIDIA-Einsatz für Marmor und Granit.
3610	Steinmetz & Bildhauer	03 Bohren & Fräsen	Hartmetallbohrer	3	Hartmetall Bohrer OMC		Hartmetallbohrer mit WIDIA-Einsatz für Granit.
1354	Steinmetz & Bildhauer	03 Bohren & Fräsen	Hartmetallstocker	3	Hartmetallstocker PL rund   Aufnahme Ø 12.7 x 50 mm		Rundstocker für Marmor und Granit mit auswechselbaren Widia-Einsätzen.
1355	Steinmetz & Bildhauer	03 Bohren & Fräsen	Hartmetallstocker	3	Hartmetallstocker PL 12.5 mm Länge 190 mm		Grosser Hartmetallstocker mit wählbarer Zähnezahl.
118	Steinmetz & Bildhauer	03 Bohren & Fräsen	Pressluft-Meisselwerkzeuge	3	FERRIT PL-ZE 16/2Z UNI Konus 13	041-206	Widia-Zahneisen für den Presslufthammer, universell einsetzbar.
1350	Steinmetz & Bildhauer	03 Bohren & Fräsen	Pressluft-Schlageisen	3	REXID PL-Schlageisen 12,7 W		Schnittfreudiges Schlageisen für Weichgestein am Presslufthammer.
1351	Steinmetz & Bildhauer	03 Bohren & Fräsen	Pressluft-Schlageisen	3	REXID PL-Schlageisen 12,7 H		Schnittfreudiges Schlageisen für Hartgestein am Presslufthammer.
1352	Steinmetz & Bildhauer	03 Bohren & Fräsen	Pressluft-Schlageisen	3	REXID PL-Schlageisen Konus 13		Widia-Schlageisen mit Konus-13-Aufnahme für Weich- und Hartgestein.
1346	Steinmetz & Bildhauer	03 Bohren & Fräsen	Pressluft-Schrifteisen	3	REXID PL-Schrifteisen H ø10.2		Widia-Schrifteisen für Hartgestein am Presslufthammer.
1347	Steinmetz & Bildhauer	03 Bohren & Fräsen	Pressluft-Schrifteisen	3	REXID Pressluft-Schrifteisen ERGO H		Gummiummanteltes Schrifteisen mindert Vibration und Erwärmung.
1348	Steinmetz & Bildhauer	03 Bohren & Fräsen	Pressluft-Schrifteisen	3	REXID PL-Schrifteisen W Aufnahme 12.7mm		Schnittfreudiges Widia-Schrifteisen für Weichgestein.
1349	Steinmetz & Bildhauer	03 Bohren & Fräsen	Pressluft-Schrifteisen	3	REXID PL-Schrifteisen H  ø12.7mm mit WIDIA-Einsatz		Widia-Schrifteisen für Hartgestein mit 12,7-mm-Schaft.
4926	Steinmetz & Bildhauer	03 Bohren & Fräsen	Profilfräser	3	BETCUT PROFILE B15 Aufnahme M14 Körnung 40	031-518	Diamant-Profilfräser B15 für Kantenprofile an Naturstein.
2984	Steinmetz & Bildhauer	03 Bohren & Fräsen	Steinbohrer	3	Irwin Masonry Steinbohrer		Hartmetall-Steinbohrer für Beton und Granit.
6720	Steinmetz & Bildhauer	03 Bohren & Fräsen	Steinbohrer	3	Dreikantbohrer Ø 3 - 5 mm		Dreikantbohrer für splitterfreie Bohrungen in poliertem Naturstein.
340	Steinmetz & Bildhauer	03 Bohren & Fräsen	Steinfräsen	2	Tischfräse ACHILLI ANR 100-CE	070-012	Manuelle Tischfräse mit 45°-Anschlag für Platten bis 350 mm.
341	Steinmetz & Bildhauer	03 Bohren & Fräsen	Steinfräsen	2	Transp. Steinfräse ANR 130 CE	070-014	Transportable Tischfräse mit 45°-Anschlag, leichter als das Standardmodell.
7903	Steinmetz & Bildhauer	03 Bohren & Fräsen	StoneLux-Werkzeuge	3	PROXXON Industriebohrschleifer IBS/E	060-216	Präzisions-Bohrschleifer mit Rundlaufgenauigkeit von 3/100mm.
4031	Steinmetz & Bildhauer	03 Bohren & Fräsen	Trockenbohrkronen	5	BETCUT DRY M14 Diamantbohrkronen trocken/grob		Vollbelegte Trockenbohrkrone für alle Materialien, ø 5-150 mm.
1396	Steinmetz & Bildhauer	03 Bohren & Fräsen	Trockenbohrkronen	2	Spühlkopf zu Vollbohrer	050-076	Spülkopf für Wasserzufuhr am Vollbohrer beim Nassbohren.
86	Steinmetz & Bildhauer	04 Schleifen, Kanten & Polieren	Abrichtsteine	3	Schärfstein 300 x 290 x 40mm rot	030-526	Schärfstein zum Abrichten von Diamanttrennscheiben.
879	Steinmetz & Bildhauer	04 Schleifen, Kanten & Polieren	Abrichtsteine	3	MAXI HR 200x50x25 C30	010-214 K30	Bakelitgebundener Handrutscher für die Trockenanwendung.
7321	Steinmetz & Bildhauer	04 Schleifen, Kanten & Polieren	Akku-Poliermaschinen (Supraflex)	2	FLEX SE 125 18-EC/5.0 SET Supraflex inkl. Akku u. Schnellladegerät	050-538	Supraflex-Poliermaschine im Komplettset mit Akku und Ladegerät.
3918	Steinmetz & Bildhauer	04 Schleifen, Kanten & Polieren	Antik-/Bürstenschliff	4	FERROFLEX Schleifbürsten Frankfurt Körnung 36-500		Siliziumcarbid-Schleifsegment für Nassschliff im Frankfurt-Format.
3920	Steinmetz & Bildhauer	04 Schleifen, Kanten & Polieren	Antik-/Bürstenschliff	4	FERROFLEX Schleifbürsten DIA-Schleifbürsten Frankfurt		Diamant-Antikbürste im Frankfurt-Format für antike Oberflächen.
3921	Steinmetz & Bildhauer	04 Schleifen, Kanten & Polieren	Antik-/Bürstenschliff	4	FERROFLEX Schleifbürste SIC Ø100mm, Aufnahme SF+ M14		SIC-Schleifbürste für antike Oberflächen ohne Säure.
3922	Steinmetz & Bildhauer	04 Schleifen, Kanten & Polieren	Antik-/Bürstenschliff	4	FERROFLEX Schleifbürste SIC ø130 mm Aufnahme SF + M14		SIC-Schleifbürste für Konturen und antike Oberflächen.
3942	Steinmetz & Bildhauer	04 Schleifen, Kanten & Polieren	Antik-/Bürstenschliff	4	FERROFLEX Schleifbürsten Diamant ø 100 mm Aufnahme SF + M14		Diamant-Schleifbürste für antike Oberflächen im Nassschliff.
3943	Steinmetz & Bildhauer	04 Schleifen, Kanten & Polieren	Antik-/Bürstenschliff	4	Mattschleifbürste: ø 100 mm, Aufnahme: SF / M14		Bürste für gleichmässigen Mattschliff auf Granit.
3123	Steinmetz & Bildhauer	04 Schleifen, Kanten & Polieren	Aufnahmeteller	4	Aufnahmeteller FLEX, Aufnahme M14		Weicher FLEX-Aufnahmeteller mit Klettbelag für Schleifpads.
3124	Steinmetz & Bildhauer	04 Schleifen, Kanten & Polieren	Aufnahmeteller	4	Aufnahmeteller FLEX Aufnahme M14 hart, flach		Harter, flacher FLEX-Aufnahmeteller mit Klettbelag.
5932	Steinmetz & Bildhauer	04 Schleifen, Kanten & Polieren	Aufnahmeteller	3	Aufnahmeteller SF HART Tornado Ø100 (Magnet)	050-148	Magnet-Aufnahmeteller Tornado Ø100mm, Aufnahme SF.
5933	Steinmetz & Bildhauer	04 Schleifen, Kanten & Polieren	Aufnahmeteller	3	Aufnahmeteller ø130 SF Magnet hart	050-150	Harter Magnet-Aufnahmeteller Ø130mm, Aufnahme SF.
2552	Steinmetz & Bildhauer	04 Schleifen, Kanten & Polieren	Aufnahmeteller	3	AT KGS SWIFLEX K1 ø100 QRS M14 RDg	050-084	Klett-Aufnahmeteller für KGS Telum-Trockenscheiben.
268	Steinmetz & Bildhauer	04 Schleifen, Kanten & Polieren	Aufnahmeteller	3	Aufnahmeteller  ø 80mm Alu M14 Velcro	050-126	Alu-Aufnahmeteller mit Klettverschluss ø80mm.
269	Steinmetz & Bildhauer	04 Schleifen, Kanten & Polieren	Aufnahmeteller	3	Aufnahmeteller ø100 mm Alu M14 Velcro	050-122	Alu-Aufnahmeteller mit Klettverschluss ø100mm.
452	Steinmetz & Bildhauer	04 Schleifen, Kanten & Polieren	Aufnahmeteller	3	Aufnahmeteller KGS-SWIFLEX ø115 mm Back up pad M14	050-226	Klett-Aufnahmeteller M14 für QRS-Schleifmedien.
3372	Steinmetz & Bildhauer	04 Schleifen, Kanten & Polieren	Aufnahmeteller & Backing Pads	4	Aufnahmeteller KGS SWIFLEX R ø100 mm Back up pad M14	050-224	Wechselbarer Klett-Aufnahmeteller für Schleifscheiben, M14.
3373	Steinmetz & Bildhauer	04 Schleifen, Kanten & Polieren	Aufnahmeteller & Backing Pads	4	Aufnahmeteller KGS SWIFLEX K1 ø115 mm QRS M14 rot	050-082	Robuster Klett-Aufnahmeteller für Diamantschleifscheiben, M14.
3374	Steinmetz & Bildhauer	04 Schleifen, Kanten & Polieren	Aufnahmeteller & Backing Pads	3	Aufnahmeteller ø 125mm  mit M14	050-204	Luftgekühlter Aufnahmeteller für Sternloch-Fiberscheiben.
1658	Steinmetz & Bildhauer	04 Schleifen, Kanten & Polieren	Aufnahmeteller & Kupplungen	3	DIAFLEX Stützteller 100 QRS/SF	050-236	Harter Klett-Stützteller Ø100 mm für Diamant-Schleifwerkzeuge.
1694	Steinmetz & Bildhauer	04 Schleifen, Kanten & Polieren	Aufnahmeteller & Kupplungen	3	Magnet-Kupplung ø70 mm, M14 Gummi	050-154	Magnetkupplung mit Schnellverschluss für Diamant-Schleifteller.
3906	Steinmetz & Bildhauer	04 Schleifen, Kanten & Polieren	Aufnahmeteller & Zubehör	3	Werkzeug-Aufnahmeteller: Gummikupplung ø 75 mm	050-052	Vulkanisierte Gummikupplung zur Aufnahme von Schleifscheiben.
3908	Steinmetz & Bildhauer	04 Schleifen, Kanten & Polieren	Aufnahmeteller & Zubehör	3	W-AT: Gummikupplung ø 60mm	050-050	Vulkanisierte Gummikupplung für Schleifscheiben bis 4000 RPM.
3909	Steinmetz & Bildhauer	04 Schleifen, Kanten & Polieren	Aufnahmeteller & Zubehör	3	W-AT: Gummikupplung vulkanisiert ø 75 mm	050-058	Vulkanisierte Gummikupplung für Schleifscheiben bis 4000 RPM.
5170	Steinmetz & Bildhauer	04 Schleifen, Kanten & Polieren	Aufnahmeteller/Stützteller	3	Aufnahmeteller SIA ø175 mm / M14 Klettverbindung	050-038	Aufnahmeteller mit Klettverbindung, Aufnahme M14.
5188	Steinmetz & Bildhauer	04 Schleifen, Kanten & Polieren	Aufnahmeteller/Stützteller	3	Aufnahmeteller ø100 mm FLEX Gummi M14 SUPER	050-108	Weicher Gummi-Aufnahmeteller mit Superschlaufen-Klett.
5190	Steinmetz & Bildhauer	04 Schleifen, Kanten & Polieren	Aufnahmeteller/Stützteller	3	Aufnahmeteller ø100 mm FLEX Gummi M14 V SUPER	050-112	Harter Gummi-Aufnahmeteller mit Superschlaufen-Klett.
5196	Steinmetz & Bildhauer	04 Schleifen, Kanten & Polieren	Aufnahmeteller/Stützteller	3	Aufnahmeteller ø120 Gummi M14 Velcro	050-130	Flacher Gummi-Aufnahmeteller, selbstklebend.
3134	Steinmetz & Bildhauer	04 Schleifen, Kanten & Polieren	Betonschleifer	2	FLEX LD 18-7 150 R Betonschleifer ø 150mm	050-020	Betonschleifer mit Staubabsaugung für Bodenflächen.
3593	Steinmetz & Bildhauer	04 Schleifen, Kanten & Polieren	Bildhauer-Handwerkzeuge	2	EUROP Handschrifteisen SK *		Handschrifteisen mit Widia-Einsatz für Kalkstein.
3594	Steinmetz & Bildhauer	04 Schleifen, Kanten & Polieren	Bildhauer-Handwerkzeuge	2	EUROP Handschrifteisen SK ***		Profi-Handschrifteisen mit härtestem Widia für alle Steine.
3984	Steinmetz & Bildhauer	04 Schleifen, Kanten & Polieren	Bildhauer-Handwerkzeuge	2	Gipsraspel Milani doppelseitig		Doppelseitige Handraspel für Sandstein und Gips, italienische Qualität.
6422	Steinmetz & Bildhauer	04 Schleifen, Kanten & Polieren	Bildhauer-Pressluftwerkzeug	2	Ferrit PL-Scharriereisen 80mm EE13 Weichgestein	041-512	Pressluft-Scharriereisen für Sandstein und Marmor, 80 mm.
6439	Steinmetz & Bildhauer	04 Schleifen, Kanten & Polieren	Bildhauer-Pressluftwerkzeug	2	Ferrit PL-Scharriereisen 60mm EE13 Weichgestein	041-511	Pressluft-Scharriereisen für Sandstein und Marmor, 60 mm.
2987	Steinmetz & Bildhauer	04 Schleifen, Kanten & Polieren	Bildhauereisen	3	REXID Bildhauereisen KK W		Schlankes REXID-Bildhauereisen für Weichgestein.
214	Steinmetz & Bildhauer	04 Schleifen, Kanten & Polieren	Bildhauerwerkzeuge	2	REXID Steinfläche 60 mm 2-Schneiden	040-370	Beidseitiges Hartmetall-Flächwerkzeug 60mm.
6514	Steinmetz & Bildhauer	04 Schleifen, Kanten & Polieren	Bildhauerwerkzeuge Handarbeit	3	Marmorraspel Milani 15-35cm B662		Handgehauene Stahlraspel für Marmor, Speckstein und Holz in sechs Längen.
6743	Steinmetz & Bildhauer	04 Schleifen, Kanten & Polieren	Bildhauerwerkzeuge Handarbeit	3	FERRIT Steinfläche 100mm Schneidbreite mit Zähnen	040-408	Zweiseitige Stahlfläche mit WIDIA-Einlage für die manuelle Steinbearbeitung.
6835	Steinmetz & Bildhauer	04 Schleifen, Kanten & Polieren	Bildhauerwerkzeuge Handarbeit	2	Hartmetall Spalthammer 1500g 40x40mm mit Stiel	040-962	Kompakter WIDIA-Spalthammer für die manuelle Steinbearbeitung.
6964	Steinmetz & Bildhauer	04 Schleifen, Kanten & Polieren	Bürstmaschine	2	FLEX BBE 14-3 110 SET Bürstmaschine Trinoflex	050-390	Bürstmaschine mit Schnellwechsel-System zum Satinieren und Bürsten.
4191	Steinmetz & Bildhauer	04 Schleifen, Kanten & Polieren	Diamant-Gravurstifte	3	Diamantstift Kugel Ø 5mm, Schaft Ø 3 x30 mm	031-590	Diamant-Gravurstift Kugelform für Marmor und Granit.
4192	Steinmetz & Bildhauer	04 Schleifen, Kanten & Polieren	Diamant-Gravurstifte	3	Diamantstift Spitz lang, Schaft Ø 3 x30 mm	031-596	Diamant-Gravurstift Spitzform lang für Marmor und Granit.
4193	Steinmetz & Bildhauer	04 Schleifen, Kanten & Polieren	Diamant-Gravurstifte	3	Diamantstift Spitz, kurz, Schaft Ø 3 x30 mm	031-598	Diamant-Gravurstift Spitzform kurz für Marmor und Granit.
4194	Steinmetz & Bildhauer	04 Schleifen, Kanten & Polieren	Diamant-Gravurstifte	3	DSK 3mm Zylinder galvanisiert Ø5mm Korn K60	031-592	Diamant-Gravurstift Zylinderform flach für Marmor und Granit.
4195	Steinmetz & Bildhauer	04 Schleifen, Kanten & Polieren	Diamant-Gravurstifte	3	Diamantstift Zylinder rund, Schaft Ø 3 x30 mm	031-594	Diamant-Gravurstift Zylinderform rund für Marmor und Granit.
4059	Steinmetz & Bildhauer	04 Schleifen, Kanten & Polieren	Diamant-Lamellenscheiben	4	KGS Hybrid Flap Disc M14 WET & DRY		Lamellenschleifscheibe für schnelles, vibrationsfreies Schruppschleifen.
4823	Steinmetz & Bildhauer	04 Schleifen, Kanten & Polieren	Diamant-Schleifbänder	4	KGS DIABELT TELUM Spiral Ø 15 x 30 mm		Spiralschleifband für Detailschliff, Körnung 60-3000.
5073	Steinmetz & Bildhauer	04 Schleifen, Kanten & Polieren	Diamant-Schleifbänder	3	KGS TELUM Diamantschleifband Spiral ø30 x 30 mm Körnung 60-3000		Spiral-Diamantschleifband für Fein- bis Polierschliff.
4962	Steinmetz & Bildhauer	04 Schleifen, Kanten & Polieren	Diamant-Schleifbänder (CNC)	4	BETCUT Mini Drum Resin  Körnung 50-3000		Mini-Drum-Schleifband für CNC-Anlagen in 7 Körnungen.
5712	Steinmetz & Bildhauer	04 Schleifen, Kanten & Polieren	Diamant-Schleifbürsten	4	FERROFLEX Schleifbürsten Diamant ø 130 mm Aufnahme SF + M 14		Diamant-Schleifbürsten in sieben Körnungsstufen.
5520	Steinmetz & Bildhauer	04 Schleifen, Kanten & Polieren	Diamant-Schleifkegel (CONO)	3	CONO Diamant 2 x M14 Aufnahme, K 24-120		Beidseitiger Diamant-Schleifkegel für Marmor.
4264	Steinmetz & Bildhauer	04 Schleifen, Kanten & Polieren	Diamant-Schleifpads	4	BETCUT FLOWER PAD  ø 100 mm		Diamantschleifpad für Trocken- und Nassschliff, Ø 100 mm.
4296	Steinmetz & Bildhauer	04 Schleifen, Kanten & Polieren	Diamant-Schleifpads	4	BETCUT COMP WEISS Ø100 Step1-6		Diamantschleifsystem in 6 Stufen für Quarzkomposit.
4297	Steinmetz & Bildhauer	04 Schleifen, Kanten & Polieren	Diamant-Schleifpads	4	Diamantschleischeibe BETCUT SUPER WEISS Ø100 Flower-Muster		Universelle Diamantschleifscheibe für Nass- und Trockenschliff.
4560	Steinmetz & Bildhauer	04 Schleifen, Kanten & Polieren	Diamant-Schleifpads	4	BETCUT DRY FLASH 5 ø100 mm Pos.1-5		5-stufiges Trockenschleifsystem mit Velcrobelag.
7013	Steinmetz & Bildhauer	04 Schleifen, Kanten & Polieren	Diamant-Schleifpads Trocken	4	KS Dry Schleifpad Ø50mm Korn 1-7 und Buff		Trocken-Schleifpad Ø50mm für Granitkanten, ideal als Baustellen-Set.
7012	Steinmetz & Bildhauer	04 Schleifen, Kanten & Polieren	Diamant-Schleifscheiben	4	JAGUAR FLEX diam.100mm K30-3500 VEL		Diamant-Nassschleifscheibe 100mm für Marmor und Terrazzo.
3751	Steinmetz & Bildhauer	04 Schleifen, Kanten & Polieren	Diamant-Schleifstifte	3	Diamantschleifstift TreeBit	031-568	Galvanisierter Diamantschleifstift in Baumform für Marmor und Granit.
3775	Steinmetz & Bildhauer	04 Schleifen, Kanten & Polieren	Diamant-Schleifstifte	3	Diamant Schleifstift galvanisiert  D ø10 x 10 mm	031-464	Galvanisierter Diamantschleifstift, Zylinderform, für Marmor und Granit.
3797	Steinmetz & Bildhauer	04 Schleifen, Kanten & Polieren	Diamant-Schleifstifte	3	Bildhauerset Stift Nr. 2 ø 40x3.0mm Umfangscheibe galvanisiert	031-392	Galvanisierter Diamant-Schleifstift, Umfangscheibe für Marmor und Granit.
3804	Steinmetz & Bildhauer	04 Schleifen, Kanten & Polieren	Diamant-Schleifstifte	3	Bildhauerset Stift Nr. 9 galvanisiert ø 25x5 mm	031-404	Galvanisierter Diamant-Schleifstift in Keilform.
3810	Steinmetz & Bildhauer	04 Schleifen, Kanten & Polieren	Diamant-Schleifstifte	3	Bildhauerset Stift Nr. 4, galvanisiert 12x14 mm	031-414	Galvanisierter Diamant-Schleifstift in Kegelform.
3811	Steinmetz & Bildhauer	04 Schleifen, Kanten & Polieren	Diamant-Schleifstifte	3	Bildhauerset Stift Nr. 15, galvanisiert 16x10 mm	031-416	Galvanisierter Diamant-Schleifstift, Walzenform.
3813	Steinmetz & Bildhauer	04 Schleifen, Kanten & Polieren	Diamant-Schleifstifte	3	Bildhauerset Stift Nr. 19, galvanisiert 10x20	031-424	Galvanisierter Diamant-Schleifstift in Flammenform.
3815	Steinmetz & Bildhauer	04 Schleifen, Kanten & Polieren	Diamant-Schleifstifte	3	DSK 6mm Bildhauerset Stift Nr. 4 gesintert Ø 30mm x 1,5mm	031-430	Gesinterter Diamant-Schleifstift für lange Standzeit.
3819	Steinmetz & Bildhauer	04 Schleifen, Kanten & Polieren	Diamant-Schleifstifte	3	Diamantschleifstift Nr. 9 Keilform gesintert 25x5	031-436	Gesinterter Diamant-Schleifstift in Keilform.
3827	Steinmetz & Bildhauer	04 Schleifen, Kanten & Polieren	Diamant-Schleifstifte	3	Diamant-Schleifstift galvanisiert Ø 25x35 mm konisch Rundkegel	031-498	Galvanisierter Diamant-Schleifstift, konischer Rundkegel.
3836	Steinmetz & Bildhauer	04 Schleifen, Kanten & Polieren	Diamant-Schleifstifte	3	Diamant Schleifstift galvanisiert .Ø 8/4x5mm konisch	031-326	Galvanisierter Diamant-Schleifstift, konischer Belag.
3839	Steinmetz & Bildhauer	04 Schleifen, Kanten & Polieren	Diamant-Schleifstifte	3	DSK 6 Dia. Schleifstift galvanisiert. E ø10x1mm Scheibe	031-366	Galvanisierter Diamant-Schleifstift, Scheibenform Typ E.
3840	Steinmetz & Bildhauer	04 Schleifen, Kanten & Polieren	Diamant-Schleifstifte	3	Diamant Schleifstift galvanisiert  E ø10x2 Scheibe	031-368	Galvanisierter Diamant-Schleifstift, Scheibenform Typ E.
3843	Steinmetz & Bildhauer	04 Schleifen, Kanten & Polieren	Diamant-Schleifstifte	3	DSK 6 Diamantschleifstift  17g 4x17x12 Rundkegel gesintert	031-444	Gesinterter Diamant-Schleifstift in Rundkegelform.
5634	Steinmetz & Bildhauer	04 Schleifen, Kanten & Polieren	Diamant-Schleifstifte	2	DSK 3mm Kugelform galvanisiert Ø4mm Korn K80	031-591	Diamant-Schleifstift Kugel für feine Detailarbeiten.
1379	Steinmetz & Bildhauer	04 Schleifen, Kanten & Polieren	Diamant-Schleifteller	4	BETCUT Diamanttopfscheiben DIA Schleifteller ø100 mm, gewölbt universal		Gewölbter Diamantschleifteller für Trockenschliff auf Hartgestein.
3996	Steinmetz & Bildhauer	04 Schleifen, Kanten & Polieren	Diamant-Schleifteller	4	BETCUT DIA Schleifteller Turbo ø100 mm		Diamant-Schleifteller Turbo für Trockenschliff auf Hartgestein.
4028	Steinmetz & Bildhauer	04 Schleifen, Kanten & Polieren	Diamant-Schleifteller	4	BETCUT RUBBER TURBO DIA Schleifteller ø 100 mm M 14 IG		Diamantschleifteller auf Gummikörper für Trockenschliff auf Hartgestein.
4051	Steinmetz & Bildhauer	04 Schleifen, Kanten & Polieren	Diamant-Schleifteller	4	Diamantschleifteller ø 150 mm SF		Diamant-Schleifteller für Nassschliff, ideal für Wandarmmaschinen.
4060	Steinmetz & Bildhauer	04 Schleifen, Kanten & Polieren	Diamant-Schleifteller	4	Diamantschleifteller  Ø 200 mm QRS		Diamant-Schleifteller Ø200 mm für Wandarm- und Automatenschliff.
4061	Steinmetz & Bildhauer	04 Schleifen, Kanten & Polieren	Diamant-Schleifteller	4	Diamant-Schleifteller Ø 250mm QRS		Diamant-Schleifteller Ø250 mm für Wandarm- und Automatenschliff.
1534	Steinmetz & Bildhauer	04 Schleifen, Kanten & Polieren	Diamant-Schleifteller	3	BOW VAC Ø125 mm, Aufnahme M14	031-566	Galvanisierter Diamant-Schleifteller für Trockenschliff, Ø125 mm.
1705	Steinmetz & Bildhauer	04 Schleifen, Kanten & Polieren	Diamant-Schleifteller	3	BETCUT TOP-RUBBER ø100 mm	032-096	Vibrationsfreier Diamant-Schleifteller für Trocken- und Nassschliff.
2737	Steinmetz & Bildhauer	04 Schleifen, Kanten & Polieren	Diamant-Schleifteller	3	Diamant-Schleifteller Gabus Ø100 M 14 Trockenschliff		Diamant-Schleifteller für Granit-Trockenschliff.
2792	Steinmetz & Bildhauer	04 Schleifen, Kanten & Polieren	Diamant-Schleifteller	3	Diamant-Schleifteller Tornado Ø100 mm Aufnahme elastisch		Elastischer Diamantschleifteller für Granit-Nassschliff.
2799	Steinmetz & Bildhauer	04 Schleifen, Kanten & Polieren	Diamant-Schleifteller	3	Diamant-Schleifteller Tornado Ø100 mm Aufnahme hart		Harter Diamantschleifteller für Granit-Nassschliff.
4425	Steinmetz & Bildhauer	04 Schleifen, Kanten & Polieren	Diamant-Schleifteller	3	BETCUT DIA Schleifteller Turbo 125mm		Flacher Diamant-Schleifteller für Hartgestein, Trockenschliff.
4198	Steinmetz & Bildhauer	04 Schleifen, Kanten & Polieren	Diamant-Schleifteller	3	VAC BLADE 125 M14	031-564	Doppelseitige Trenn-Schruppscheibe für Trockenschliff, grob.
7069	Steinmetz & Bildhauer	04 Schleifen, Kanten & Polieren	Diamant-Schleifteller Trocken	4	FERRIX Diamantschleifteller ED dry Ø100mm M14 K100		Aggressiver Diamant-Trockenschleifteller Ø100mm für Fasenschliff.
7287	Steinmetz & Bildhauer	04 Schleifen, Kanten & Polieren	Diamant-Schleiftöpfe	4	FLEX Thermo-Super Diamant Schleiftopf Ø125/22.2mm	050-484	Diamant-Schleifteller für Beton- und Zementputz-Abtrag.
7288	Steinmetz & Bildhauer	04 Schleifen, Kanten & Polieren	Diamant-Schleiftöpfe	4	FLEX Abrasiv-Jet Ø125/22.2mm Diamant Schleiftopf	050-490	Diamant-Schleifteller für weiche Betonoberflächen.
7290	Steinmetz & Bildhauer	04 Schleifen, Kanten & Polieren	Diamant-Schleiftöpfe	4	FLEX Zinal Ø125/22.2mm Diamant-Schleiftopf	050-488	PKD-Schleifteller zum Entfernen empfindlicher Beläge.
7291	Steinmetz & Bildhauer	04 Schleifen, Kanten & Polieren	Diamant-Schleiftöpfe	4	FLEX Turbo-Jet Ø125/22.2mm Diamant-Schleiftopf	050-486 125	Turbo-Jet-Schleifteller für ruhigen Flächenschliff.
7292	Steinmetz & Bildhauer	04 Schleifen, Kanten & Polieren	Diamant-Schleiftöpfe	4	FLEX Turbo-Jet Ø150/22.2mm Diamant-Schleiftopf	050-486 150	Turbo-Jet-Schleifteller Ø150 mm für ruhigen Flächenschliff.
7295	Steinmetz & Bildhauer	04 Schleifen, Kanten & Polieren	Diamant-Schleiftöpfe	4	FLEX Master-Jet Ø125/22.2mm Diamant-Schleiftopf	050-492 125	Master-Jet-Schleifteller für harte Oberflächen und Betonsanierung.
7342	Steinmetz & Bildhauer	04 Schleifen, Kanten & Polieren	Diamant-Schleiftöpfe	4	FLEX PKD-Jet 6-Cut Ø150/22.2mm	050-602	PKD-Diamantscheibe zum Entfernen empfindlicher Beschichtungen.
2415	Steinmetz & Bildhauer	04 Schleifen, Kanten & Polieren	Diamant-Sichtschleifscheiben	3	Diamantschleifscheibe WAVE TIN 115	031-618	Zweiseitige Diamantscheibe mit Titanbeschichtung.
6052	Steinmetz & Bildhauer	04 Schleifen, Kanten & Polieren	Diamant-Triangles	3	KGS TELUM Diamond Triangle 80 x 80 x 80 mm		Diamant-Triangle für Entgratung und Kantenschliff, Nass/Trocken.
1848	Steinmetz & Bildhauer	04 Schleifen, Kanten & Polieren	Diamantfeilen	3	Gross Diamantfeilenset 250K35	041-344	5-teiliges grobes Diamantfeilenset, 25 cm, einseitig.
1849	Steinmetz & Bildhauer	04 Schleifen, Kanten & Polieren	Diamantfeilen	3	Gross Diamantfeilenset 250K60	041-346	5-teiliges mittleres Diamantfeilenset, 25 cm, einseitig.
1850	Steinmetz & Bildhauer	04 Schleifen, Kanten & Polieren	Diamantfeilen	3	Medium Diamantfeilenset 150K35	041-340	5-teiliges grobes Diamantfeilenset, 15 cm, einseitig.
1851	Steinmetz & Bildhauer	04 Schleifen, Kanten & Polieren	Diamantfeilen	3	Medium Diamantfeilenset 150K60	041-342	5-teiliges mittleres Diamantfeilenset, 15 cm, einseitig.
1302	Steinmetz & Bildhauer	04 Schleifen, Kanten & Polieren	Diamantraspeln	3	MILANI Diamantraspel Marmor		Diamantbelegte Raspel bleibt 15-mal länger scharf als Stahlraspeln.
6295	Steinmetz & Bildhauer	04 Schleifen, Kanten & Polieren	Diamantschleifbänder	4	Schleifband DIABELT ø100x38mm K60 - K 3000		Diamantschleifband Ø 100 mm in Körnungen 60-3000.
6380	Steinmetz & Bildhauer	04 Schleifen, Kanten & Polieren	Diamantschleifbänder	4	KGS TELUM Belt ø50mm x 42mm		TELUM Diamantschleifband für Radien an Natursteinplatten.
2708	Steinmetz & Bildhauer	04 Schleifen, Kanten & Polieren	Diamantschleifringe	3	KGS Diamant-Schleifring BSR-4 ø100 mm soft		Weicher Diamantschleifring mit Magnetaufnahme.
5992	Steinmetz & Bildhauer	04 Schleifen, Kanten & Polieren	Diamantschleifscheiben (vakuumgelötet)	3	Diamant Trenn- und Schleifscheibe Ø50 M14	031-956	Vakuumgelötete Diamant-Trenn- und Schleifscheibe Ø50mm.
5995	Steinmetz & Bildhauer	04 Schleifen, Kanten & Polieren	Diamantschleifscheiben (vakuumgelötet)	3	Diamant Trenn- und Schleifscheibe Ø 60 mm M14	031-958	Vakuumgelötete Diamant-Trenn- und Schleifscheibe Ø60mm.
5996	Steinmetz & Bildhauer	04 Schleifen, Kanten & Polieren	Diamantschleifscheiben (vakuumgelötet)	3	Diamant Trenn- und Schleifscheibe Ø80 M14	031-960	Vakuumgelötete Diamant-Trenn- und Schleifscheibe Ø80mm.
2803	Steinmetz & Bildhauer	04 Schleifen, Kanten & Polieren	Diamantschleifstifte	4	Diamant Schleifstift galvanisiert A 8mm spitz	031-448	Galvanisierter Diamantschleifstift für Marmor und Granit.
4011	Steinmetz & Bildhauer	04 Schleifen, Kanten & Polieren	Diamantschleifstifte	3	Diamantschleifstift PlanDisc ø 15mm - 40 mm		Diamantschleifstift PlanDisc mit hoher Standzeit, Schaft 6 mm.
2812	Steinmetz & Bildhauer	04 Schleifen, Kanten & Polieren	Diamantschleifteller	4	DIA Schleiftopf 125mm Aufnahme 22.2 mm / M14		Diamantschleifteller mit hoher Abtragsleistung, vibrationsarm.
2925	Steinmetz & Bildhauer	04 Schleifen, Kanten & Polieren	Diamantschleifteller	4	Diamantschleifteller BETCUT ø 50mm Aufnahme M 14 GB	032-162	Grober Diamantschleifteller zum Entfernen von Fliesenkleber und Beschichtungen.
3837	Steinmetz & Bildhauer	04 Schleifen, Kanten & Polieren	Diamanttrennscheiben Bildhauer	3	DSK 6mm Bildhauerset Trennscheibe Ø15 mm x 1,6 mm	031-502	Kleine gesinterte Diamanttrennscheibe für Bildhauerarbeiten.
3838	Steinmetz & Bildhauer	04 Schleifen, Kanten & Polieren	Diamanttrennscheiben Bildhauer	3	DSK 6mm Bildhauerset TURBO Ø16mm x 1,6mm	031-514	Turbo-Diamanttrennscheibe für Bildhauerarbeiten.
3845	Steinmetz & Bildhauer	04 Schleifen, Kanten & Polieren	Diamanttrennscheiben Bildhauer	3	Bildhauerset Trennscheibe klein Ø50 mm x 1,6mm	031-488	Kleine gesinterte Diamanttrennscheibe für Trockenschnitt.
3847	Steinmetz & Bildhauer	04 Schleifen, Kanten & Polieren	Diamanttrennscheiben Bildhauer	3	DSK 6mm Bildhauerset TURBO Ø30 mm x 2.0 mm	031-512	Turbo-Diamanttrennscheibe für Bildhauerarbeiten.
7361	Steinmetz & Bildhauer	04 Schleifen, Kanten & Polieren	Druckluft-Profilfräser	3	Ferrix Profilfräser Form 16 Ø37/6mm für Granit	031-307	Segmentierter Profilfräser für Granit, hoher Materialabtrag.
7351	Steinmetz & Bildhauer	04 Schleifen, Kanten & Polieren	Einscheiben-Poliermaschinen	1	KLINDEX KROMA 17" 2HP MAX 220V 50Hz BASIC SET	070-728	17-Zoll-Einscheibenmaschine mit 1900 Watt für hohe Beanspruchung.
5760	Steinmetz & Bildhauer	04 Schleifen, Kanten & Polieren	FERLOX-Schleifringe (Nass)	4	Schleifring FERLOX ø100mm Aufnahme SF K1-5		Kunstharzgebundener Nassschleifring Ø100mm für Satellitenschleifköpfe.
5960	Steinmetz & Bildhauer	04 Schleifen, Kanten & Polieren	FERLOX-Schleifringe (Nass)	4	Schleifring FERLOX Terzago ø 120 mm		Kunstharzgebundener Nassschleifring Ø120mm für Satellitenschleifköpfe, Terzago-Aufnahme.
3529	Steinmetz & Bildhauer	04 Schleifen, Kanten & Polieren	Fiberschleifmittel	4	SIA 125  St. 4700 SIARAL 8		Fiberschleifscheibe für Stein mit Sternloch-Aufnahme.
5927	Steinmetz & Bildhauer	04 Schleifen, Kanten & Polieren	Fiberschleifmittel SIC	4	HERMES Schleifpapier Scheibe Ø185 mm VEL		Klett-Schleifscheibe Ø185mm SIC für Kanten- und Flächenschliff an Winkelschleifern.
1934	Steinmetz & Bildhauer	04 Schleifen, Kanten & Polieren	Fiberschleifscheiben	4	HERMES Schleifpapier Scheibe ø115 VEL		Fiberschleifscheiben mit Klettverschluss für Kanten- und Flächenschliff.
1977	Steinmetz & Bildhauer	04 Schleifen, Kanten & Polieren	Fiberschleifscheiben	4	SIA 115 C 16 St. 4700 SIARAL 8		SIA-Fiberschleifscheiben mit Sternloch für die Steinbearbeitung.
5742	Steinmetz & Bildhauer	04 Schleifen, Kanten & Polieren	Fiberschleifscheiben SIC	4	ZEC flach Silizium ø178mm Körnung 16-220		SIC-Schleifscheibe ø178mm für Trockenschliff an Winkelschleifern, 5er-Pack.
4661	Steinmetz & Bildhauer	04 Schleifen, Kanten & Polieren	Fiberschleifscheiben SIC	4	ZEC flach Silizium ø115mm Körnung 16-120		Siliziumcarbid-Fiberscheibe zum Schleifen von hartem Stein.
5739	Steinmetz & Bildhauer	04 Schleifen, Kanten & Polieren	Fiberschleifscheiben SIC	4	ZEC flach Silizium ø127mm Körnung 16-120		Fiberschleifscheibe für härteren Stein, im 5er Pack.
7070	Steinmetz & Bildhauer	04 Schleifen, Kanten & Polieren	Fickert-Schleifsegmente	4	Schleifsegment FERLOX FICKERT V 140 Nr.0-Nr.8 und Brillo		Fickert-Schleifsegment für Wackelkopfmaschinen, Körnung 24-800.
6921	Steinmetz & Bildhauer	04 Schleifen, Kanten & Polieren	Flachkopfschleifer	2	FLEX SFE 8-2 115 Flachkopfschleifer 800 Watt	050-456	Flachkopfschleifer für enge Zwischenräume ab 15mm Spaltweite.
2975	Steinmetz & Bildhauer	04 Schleifen, Kanten & Polieren	Fäustel & Knüpfel	2	Stahlfäustel		Stahlfäustel für die Bearbeitung von kristallinen Gesteinen.
2976	Steinmetz & Bildhauer	04 Schleifen, Kanten & Polieren	Fäustel & Knüpfel	2	Holz-Knüpfel aus Weissbuche		Weissbuchen-Knüpfel für schonende Bearbeitung von Weichgestein.
2977	Steinmetz & Bildhauer	04 Schleifen, Kanten & Polieren	Fäustel & Knüpfel	2	Eisenfäustel		Eisenfäustel für direkte Kraftübertragung an Marmor und Hartkalkstein.
2978	Steinmetz & Bildhauer	04 Schleifen, Kanten & Polieren	Fäustel & Knüpfel	2	Kunststoffknüpfel braun		Kunststoffknüpfel für federnden Schlag, witterungsbeständig.
2980	Steinmetz & Bildhauer	04 Schleifen, Kanten & Polieren	Fäustel & Knüpfel	2	Rund-Stahlfäustel ( portugiesische Form )		Handlicher Stahl-Knüpfel für kleine Detailarbeiten an Marmor.
3944	Steinmetz & Bildhauer	04 Schleifen, Kanten & Polieren	Handschleifmittel	3	Schleiffix Handblock K60-240		Universeller Schleifhandblock zum Polieren und Glätten.
425	Steinmetz & Bildhauer	04 Schleifen, Kanten & Polieren	Handschleifmittel	3	KGS TELUM Handrutscher 130x55m Körnung 60-3000		Diamanthandrutscher zum manuellen Schleifen und Polieren.
1380	Steinmetz & Bildhauer	04 Schleifen, Kanten & Polieren	Handschleifpads	4	KGS Diamant Handrutscher 90x55mm		Handrutscher für manuelles Nassschleifen und Polieren.
1382	Steinmetz & Bildhauer	04 Schleifen, Kanten & Polieren	Handschleifpads	4	KGS DIFLEX HANDPAD Schleiffläche 130x55mm		Diamant-Schleifpad mit Klettaufnahme für flexiblen Handeinsatz.
1383	Steinmetz & Bildhauer	04 Schleifen, Kanten & Polieren	Handschleifpads	4	KGS DIFLEXHANDPAD 210 x 120mm Klett		Grossflächiges Diamant-Schleifpad mit Klettaufnahme.
308	Steinmetz & Bildhauer	04 Schleifen, Kanten & Polieren	Handschleifzubehör	3	Gummirad ø 75 / 25 x 38 mm	030-286	Gummi-Expansionsrad für Diamantschleifbänder.
309	Steinmetz & Bildhauer	04 Schleifen, Kanten & Polieren	Handschleifzubehör	3	Gummirad ø100/25x38 mm	030-288	Gummi-Expansionsrad für Diamantschleifbänder.
313	Steinmetz & Bildhauer	04 Schleifen, Kanten & Polieren	Handschleifzubehör	3	Holzrücken mit Velcro 130x55mm	030-434	Handschleifrücken aus Holz für KGS Velcro-Schleifpads.
2992	Steinmetz & Bildhauer	04 Schleifen, Kanten & Polieren	Handsetzer	3	REXID Handsetzer Schlägelkopf SK W 80°  leicht		Leichter REXID-Handsetzer für Sandstein, Marmor und Beton.
2993	Steinmetz & Bildhauer	04 Schleifen, Kanten & Polieren	Handsetzer	3	REXID Handsetzer Schlägelkopf SK W 90° mittel		Mittlerer REXID-Handsetzer für Sandstein, Marmor und Beton.
2994	Steinmetz & Bildhauer	04 Schleifen, Kanten & Polieren	Handsetzer	3	REXID Handsetzer SK  H 85° schwer		Schwerer REXID-Handsetzer für Hartgestein.
2970	Steinmetz & Bildhauer	04 Schleifen, Kanten & Polieren	Hartmetallstocker	3	Hartmetallstocker PL quadratisch, Aufnahme Ø 12.7 x 50 mm		Hartmetallstocker für maschinelles Stocken von Marmor und Granit.
2626	Steinmetz & Bildhauer	04 Schleifen, Kanten & Polieren	Hartmetallstocker	2	PL-Stocker 30 mm x30 mm mit 9 Zähnen	040-168	9-zähniger Hartmetallstocker für Pressluftgeräte.
2860	Steinmetz & Bildhauer	04 Schleifen, Kanten & Polieren	KGS Hybrid-Schleifscheiben	4	KGS Hybrid Schleifscheiben Ø100mm		Kunstharz-Schleifscheiben für hochglänzendes Finish ohne Verfärbung.
2820	Steinmetz & Bildhauer	04 Schleifen, Kanten & Polieren	KGS Speedline-Schleifscheiben	4	KGS SPEEDLINE® ø150 mm/25 mm ORG		Nassschleifscheibe in 5 Körnungsstufen für Profile und Kanten.
2826	Steinmetz & Bildhauer	04 Schleifen, Kanten & Polieren	KGS Speedline-Schleifscheiben	4	KGS SPEEDLINE ø100/25 QRS		Nassschleifscheibe für Politur von Profilen und Kanten.
2871	Steinmetz & Bildhauer	04 Schleifen, Kanten & Polieren	KGS Telum-Schleifbänder	4	KGS TELUM Belt Spiral ø75mm x 38mm		Diamantschleifband für Radien an Natursteinplatten.
2894	Steinmetz & Bildhauer	04 Schleifen, Kanten & Polieren	KGS Telum-Schleifbänder	4	KGS TELUM Belt Spiral Ø 25 x 25 mm		Kleines Diamantschleifband für Radien und Details.
2886	Steinmetz & Bildhauer	04 Schleifen, Kanten & Polieren	KGS Telum-Schleifscheiben	4	KGS TELUM Schleifscheiben  ø100 mm Klettverbindung		Diamantschleifscheibe zum Schleifen und Polieren von Granit und Marmor.
2893	Steinmetz & Bildhauer	04 Schleifen, Kanten & Polieren	KGS Telum-Schleifscheiben	4	KGS TELUM Schleifscheiben ø115mm Klettverbindung		Diamantschleifscheibe zum Schleifen und Polieren von Granit und Marmor.
5058	Steinmetz & Bildhauer	04 Schleifen, Kanten & Polieren	Kantenschleifscheiben	3	KGS Speedline MP+ 100 mm SF		Langlebige Kantenschleifscheibe statt Bakelit-Schleifring.
6471	Steinmetz & Bildhauer	04 Schleifen, Kanten & Polieren	Keramische Schleifscheiben	4	FELDMÜHLE ø150x20x20/16mm K80 grün	010-124 GRUEN K80	Keramische Schleifscheibe für das Nachschärfen von Hartmetallwerkzeugen.
6472	Steinmetz & Bildhauer	04 Schleifen, Kanten & Polieren	Keramische Schleifscheiben	4	FELDMÜHLE ø200x25x32 Nr.46+80 grün		Grüne Feldmühle-Schleifscheiben in zwei Körnungen für den Trockenschliff.
346	Steinmetz & Bildhauer	04 Schleifen, Kanten & Polieren	Kleinschleifkörper	4	Kleinschleifkörper KSK ø 50x10 K24/36 Siliziumkarbid	010-076	Runder Schleifstift aus Siliziumcarbid, Korn 24/36.
370	Steinmetz & Bildhauer	04 Schleifen, Kanten & Polieren	Kleinschleifkörper	3	KSK 6 Kegelform lang keramisch ø22x70mm K36	010-070	Kleinschleifkörper aus Siliziumcarbid in Kegelform.
371	Steinmetz & Bildhauer	04 Schleifen, Kanten & Polieren	Kleinschleifkörper	3	KSK 6 Kugelform keramisch ø25mm K36	010-074	Kleinschleifkörper aus Siliziumcarbid in Kugelform.
373	Steinmetz & Bildhauer	04 Schleifen, Kanten & Polieren	Kleinschleifkörper	3	KSK 6 Zylinder mit Rundung konvex keramisch ø25x25mm K36	010-073	Kleinschleifkörper aus Siliziumkarbid, Zylinderform konvex.
374	Steinmetz & Bildhauer	04 Schleifen, Kanten & Polieren	Kleinschleifkörper	3	KSK 6 Kegelform stumpf keramisch ø20x30mm K36	010-071	Kleinschleifkörper aus Siliziumcarbid, stumpfe Kegelform.
397	Steinmetz & Bildhauer	04 Schleifen, Kanten & Polieren	Kleinschleifkörper	2	KSK 6 Zylinder mit Rundung konkav keramisch ø25x25mm K36	010-077	Kleinschleifkörper für konkave Rundungen, Korn 24/36.
7195	Steinmetz & Bildhauer	04 Schleifen, Kanten & Polieren	Levighetor-Schleifsystem	3	KLINDEX Easy Kit Terrazzo X Levighetor 650	070-726 EASY KIT	Komplettes Schleif- und Polierset für den Levighetor 650.
7196	Steinmetz & Bildhauer	04 Schleifen, Kanten & Polieren	Levighetor-Schleifsystem	2	KLINDEX LEVIGHETOR 650/120 TOP QA VARIABLE SPEED	070-726 L650	Professionelle Ein-Phasen-Schleifmaschine für grosse Steinflächen.
3116	Steinmetz & Bildhauer	04 Schleifen, Kanten & Polieren	Nasssteinschleifer	2	FLEX LW 1202 Nasssteinschleifer mit Fi	050-004	Nasssteinschleifer für die Politur von Granit und Marmor.
3127	Steinmetz & Bildhauer	04 Schleifen, Kanten & Polieren	Nasssteinschleifer	2	FLEX L12-3 100 WET Schleifmaschine	050-032	Leichter Nass-Steinschleifer für Granit und Marmor.
4929	Steinmetz & Bildhauer	04 Schleifen, Kanten & Polieren	PKD-Schleiftöpfe	3	PKD Schleiftopf blau 180mm	031-606	PKD-Schleiftopf für schnellen Abtrag ohne Verkleben.
4931	Steinmetz & Bildhauer	04 Schleifen, Kanten & Polieren	PKD-Schleiftöpfe	3	PKD Schleiftopf schwarz 180mm	031-610	PKD-Schleiftopf mit 12 Segmenten für feineren Abtrag.
6966	Steinmetz & Bildhauer	04 Schleifen, Kanten & Polieren	Planetenschleifer Arbeitsplatten	2	KLINDEX Planetenschleifmaschine UFO 290	070-200	Hand-Planetenschleifer für Arbeitsplatten, Kanten und Ecken.
6982	Steinmetz & Bildhauer	04 Schleifen, Kanten & Polieren	Planetenschleifer Arbeitsplatten	2	Stehhandgriff mit Wassertank zu KLINDEX Planetkopfschleifmaschine UFO 290	070-202	Stehhandgriff mit Wassertank für den KLINDEX UFO 290.
91	Steinmetz & Bildhauer	04 Schleifen, Kanten & Polieren	Polierfilze & Lammfell	4	Lammfell ø125 mm	020-144	Lammfell-Polierscheibe für Marmor und Granit.
92	Steinmetz & Bildhauer	04 Schleifen, Kanten & Polieren	Polierfilze & Lammfell	4	Lammfell ø180 mm	020-066	Lammfell-Polierscheibe für Marmor und Granit.
7529	Steinmetz & Bildhauer	04 Schleifen, Kanten & Polieren	Poliermaschinen	3	FLEX L 1603 VR Polier Rotationsschleifer 230V	050-684	Rotationsschleifer für Polierarbeiten auf mineralischen Untergründen.
4036	Steinmetz & Bildhauer	04 Schleifen, Kanten & Polieren	Poliermittel	4	AKEMI Liqui polish		Universal-Polierpaste für Hart- und Weichgestein, mehrere Polierstufen.
7942	Steinmetz & Bildhauer	04 Schleifen, Kanten & Polieren	Polierpads Diamant	4	DIAREX Schleifbelag KS-Dry-Flash ø 50 mm		Klein-Schleifbelag für Kanten und Fasen, Körnung 100-3000.
4332	Steinmetz & Bildhauer	04 Schleifen, Kanten & Polieren	Polierpasten	4	Polierpaste für Granit + Marmor		Festpaste zum Abglänzen von Granit und Marmor.
162	Steinmetz & Bildhauer	04 Schleifen, Kanten & Polieren	Polierpulver	4	Marmorpolierpulver 5B 1 kg hellgelb	020-046	Polierpulver für den Hochglanz auf Marmoroberflächen.
163	Steinmetz & Bildhauer	04 Schleifen, Kanten & Polieren	Polierpulver	4	Zinnasche 3 kg	020-049	Zinnasche als klassisches Poliermehl für Naturstein.
4692	Steinmetz & Bildhauer	04 Schleifen, Kanten & Polieren	Polierpulver	4	Polierpulver weiss für Granit+Marmor	020-142	Polierpulver für hellen Hartstein, gibt Spiegelglanz zurück.
6420	Steinmetz & Bildhauer	04 Schleifen, Kanten & Polieren	Poliersysteme	3	Aufnahmeteller ø100/120x10 M14 für Lammfelle	050-158	Aufnahmeteller M14 für Lammfellhauben, Ø 100/120 mm.
4754	Steinmetz & Bildhauer	04 Schleifen, Kanten & Polieren	Poliervliese	3	FERROFLEXPAD natur 430mm	030-376	Naturborsten-Polierpad, Ø 430 mm, für Nass- und Trockenpolitur.
1338	Steinmetz & Bildhauer	04 Schleifen, Kanten & Polieren	Polierwachse	3	Schmelzwachs 1kg Hartwachs		Hartwachs zum Schmelzen für die Steinpolitur.
3421	Steinmetz & Bildhauer	04 Schleifen, Kanten & Polieren	Pressluft-Bildhauerwerkzeuge	2	PL-Hammer BHV 16	060-022	Handlicher Druckluft-Stockhammer für Detailarbeiten.
3516	Steinmetz & Bildhauer	04 Schleifen, Kanten & Polieren	Pressluft-Bildhauerwerkzeuge	2	REXID Pressluft PL-Schrifteisen W ø10.2		Schnittfreudiges Pressluft-Schrifteisen für Weichgestein.
3595	Steinmetz & Bildhauer	04 Schleifen, Kanten & Polieren	Pressluft-Bildhauerwerkzeuge	2	Ferrit Pressluft-Zahneisen 12,7 mm		Universelles Pressluft-Zahneisen mit Hartmetallstiften.
3596	Steinmetz & Bildhauer	04 Schleifen, Kanten & Polieren	Pressluft-Bildhauerwerkzeuge	2	Ferrit Pressluft-Spitzeisen Aufnahme 12,7 mm Universal		Universelles Pressluft-Spitzeisen für Hart- und Weichgestein.
3602	Steinmetz & Bildhauer	04 Schleifen, Kanten & Polieren	Pressluft-Bildhauerwerkzeuge	2	EUROP PL-Schrifteisen 4-20 mm* Aufnahme 12.7 mm		Pressluft-Schrifteisen mit gefasstem Widia für Hartgestein.
3603	Steinmetz & Bildhauer	04 Schleifen, Kanten & Polieren	Pressluft-Bildhauerwerkzeuge	2	EUROP PL-Schrifteisen 4-20 mm* Aufnahme 12,7 mm		Pressluft-Schrifteisen mit vorstehendem Widia für Kalkstein.
3604	Steinmetz & Bildhauer	04 Schleifen, Kanten & Polieren	Pressluft-Bildhauerwerkzeuge	2	Ferrit Pressluft-Schrifteisen 12,5 mm H Breite 4-20 mm		Pressluft-Schrifteisen mit Hartmetalleinlage für Granit.
298	Steinmetz & Bildhauer	04 Schleifen, Kanten & Polieren	Pressluft-Nassschleifer	2	WATER SANDER TOUEI WS-6S	060-062	Pressluftwinkelschleifer für die Nassbearbeitung von Stein.
6593	Steinmetz & Bildhauer	04 Schleifen, Kanten & Polieren	Pressluft-Stockgeräte	2	Stockgerät Pressluft MULTI	060-025	Pressluft-Stockgerät für die strukturierte Steinoberflächenbearbeitung.
281	Steinmetz & Bildhauer	04 Schleifen, Kanten & Polieren	Presslufthämmer	2	CUTURI PL-Hammer Typ U, Einsteckende 12,7mm	060-010	Presslufthammer für gröbere Stockarbeiten und Schriftreliefs.
282	Steinmetz & Bildhauer	04 Schleifen, Kanten & Polieren	Presslufthämmer	2	CUTURI PL-Hammer Typ T, Einsteckende 12,7mm	060-012	Presslufthammer für gröbere Stockarbeiten und Schriftreliefs.
283	Steinmetz & Bildhauer	04 Schleifen, Kanten & Polieren	Presslufthämmer	2	CUTURI PL-Hammer Typ S, Einsteckende 12,7mm	060-014	Grober Presslufthammer für Vorbereitungsarbeiten am Stein.
284	Steinmetz & Bildhauer	04 Schleifen, Kanten & Polieren	Presslufthämmer	2	CUTURI PL-Hammer Typ R, Einsteckende 12,7mm	060-016	Grober Presslufthammer für Vorbereitungsarbeiten am Stein.
285	Steinmetz & Bildhauer	04 Schleifen, Kanten & Polieren	Presslufthämmer	2	CUTURI PL-Hammer Typ Z, Einsteckende 16mm	060-018	Sehr grober Presslufthammer für schwere Stockarbeiten.
286	Steinmetz & Bildhauer	04 Schleifen, Kanten & Polieren	Presslufthämmer	2	PL-Hammer BHV 12	060-020	Handlicher Presslufthammer für feine Detail- und Stockarbeiten.
289	Steinmetz & Bildhauer	04 Schleifen, Kanten & Polieren	Presslufthämmer	2	Pressluft Hammer BHV 26	060-024	Kraftvoller Presslufthammer für gröbere Stockarbeiten.
3019	Steinmetz & Bildhauer	04 Schleifen, Kanten & Polieren	Presslufthämmer	2	PL-Hammer Pistole GS 45F, Einsteckende 12.7mm	060-042	Klassischer Schriftenhammer für vertiefte Schriften am Stein.
3028	Steinmetz & Bildhauer	04 Schleifen, Kanten & Polieren	Presslufthämmer	2	PL-Hammer Pistole GS 50 Einsteckende 12.7 mm	060-040	Leiser Meisselhammer für Schriften und Ornamentgestaltung.
3065	Steinmetz & Bildhauer	04 Schleifen, Kanten & Polieren	Presslufthämmer	2	PL-Hammer CP7111  Einsteckende 12,7mm	060-076	Leichter Chicago-Pneumatic-Presslufthammer für Fassadenrenovierung.
5154	Steinmetz & Bildhauer	04 Schleifen, Kanten & Polieren	Raspeln	3	Marmorraspel Milani 15cm ART 5 (B5)	041-354	Handgehauene Stahlraspel für Marmor und Speckstein.
5155	Steinmetz & Bildhauer	04 Schleifen, Kanten & Polieren	Raspeln	3	Marmorraspel Milani 25cm + 35cm B659		Handgehauene Stahlraspel in zwei Längen für Marmor.
1590	Steinmetz & Bildhauer	04 Schleifen, Kanten & Polieren	Raspeln & Feilen	3	Marmorraspel Milani 17cm B193	041-438	Handgehauene Stahlraspel für Marmor und Weichgestein.
1598	Steinmetz & Bildhauer	04 Schleifen, Kanten & Polieren	Raspeln & Feilen	3	Marmorraspel Milani 15cm ART 4	041-352	Doppelseitige Stahlraspel für Marmor und Weichgestein.
4286	Steinmetz & Bildhauer	04 Schleifen, Kanten & Polieren	Raspeln & Feilen	2	Marmorraspel Milani 25cm B660	041-404	Handraspel zur manuellen Formgebung an Marmor.
317	Steinmetz & Bildhauer	04 Schleifen, Kanten & Polieren	Raspeln & Feilen	2	Marmorraspel flach Messerform	040-894	Doppelseitige Stahlraspel für Marmor und Weichgestein.
318	Steinmetz & Bildhauer	04 Schleifen, Kanten & Polieren	Raspeln & Feilen	2	Marmorraspel gebogen oval	040-896	Gebogene Stahlraspel für gerundete Marmorflächen.
606	Steinmetz & Bildhauer	04 Schleifen, Kanten & Polieren	Raspeln (Bildhauer)	3	Marmorraspel Form-4 250mm W	040-898	Bildhauerraspel aus Stahl für Marmor und Weichgestein.
2996	Steinmetz & Bildhauer	04 Schleifen, Kanten & Polieren	Scharriereisen	3	Ferrit Scharriereisen Knüpfelkopf		Robustes Scharriereisen für Hartgestein, Granit und Beton.
6008	Steinmetz & Bildhauer	04 Schleifen, Kanten & Polieren	Scharriereisen (Handschlag)	3	FERROBLACK Scharriereisen 160mm	040-119	Handgefertigtes Scharriereisen mit WIDIA-Hartmetalleinsatz, Breite 160mm.
2932	Steinmetz & Bildhauer	04 Schleifen, Kanten & Polieren	Schlageisen	3	Ferrit Schlageisen KK K		Handschlageisen mit Klüpfelkopf für die Marmorbearbeitung.
2962	Steinmetz & Bildhauer	04 Schleifen, Kanten & Polieren	Schlageisen	3	Ferrit Schlageisen mit Schlägelkopf		Robustes Handschlageisen mit dicker Hartmetallplatte für Hartgestein.
2988	Steinmetz & Bildhauer	04 Schleifen, Kanten & Polieren	Schlageisen	3	REXID Schlageisen KK W		REXID-Schlageisen für Weichgestein, schlank und schnittfreudig.
2989	Steinmetz & Bildhauer	04 Schleifen, Kanten & Polieren	Schlageisen	3	REXID Schlageisen SK H		Stabiles REXID-Schlageisen für Hartgestein.
505	Steinmetz & Bildhauer	04 Schleifen, Kanten & Polieren	Schleifband-Zubehör	2	Gummiwalze ø 22 x 20 mm mit Schaft	030-296	Expansionsrad für Spiral-Diamantschleifhülsen.
506	Steinmetz & Bildhauer	04 Schleifen, Kanten & Polieren	Schleifband-Zubehör	2	Gummiwalze ø25x25 mit Schaft	030-298	Expansionsrad für Spiral-Diamantschleifhülsen.
1999	Steinmetz & Bildhauer	04 Schleifen, Kanten & Polieren	Schleifbogen & Schleifpapier	4	Schleiffpapier für Stein Hermes 280x230 mm		Wasserfester Schleifbogen für Nass- und Trockenschliff auf Stein.
2001	Steinmetz & Bildhauer	04 Schleifen, Kanten & Polieren	Schleifbogen & Schleifpapier	4	Schleifpapier für Stein SIA 280x230 mm		SIA-Schleifbogen mit hoher Abtragsleistung für Nass- und Trockenschliff.
2668	Steinmetz & Bildhauer	04 Schleifen, Kanten & Polieren	Schleifbänder	4	KGS DIABELT Spiral  ø 75 x 38 mm		Diamantschleifband für Expansionsrad ø75mm.
2676	Steinmetz & Bildhauer	04 Schleifen, Kanten & Polieren	Schleifbänder	4	KGS DIABELT Spiral 22 x 20 mm		Kleines Diamantschleifband für Expansionsrad ø22mm.
2682	Steinmetz & Bildhauer	04 Schleifen, Kanten & Polieren	Schleifbänder	4	KGS DIABELT ø 50 x 42 mm		Diamantschleifband für Expansionsrad ø50mm.
2691	Steinmetz & Bildhauer	04 Schleifen, Kanten & Polieren	Schleifbänder	4	KGS DIABELT Spiral 25 x 25 mm		Diamantschleifband, Spiralform 25x25mm.
2699	Steinmetz & Bildhauer	04 Schleifen, Kanten & Polieren	Schleifbänder	4	KGS DIABELT Spiral ø 45 x 30 mm		Diamantschleifband für Expansionsrad ø45mm.
4140	Steinmetz & Bildhauer	04 Schleifen, Kanten & Polieren	Schleifbänder	3	KGS DIABELT Diamantschleifbänder ø 150 × 38 mm		Diamantschleifband für Nassschliff, Korn 60-3000.
403	Steinmetz & Bildhauer	04 Schleifen, Kanten & Polieren	Schleifbänder	2	Gummirad ø 50x42 mm M14 IG für Schleifhülsen	030-284	Gummirad-Trägerkörper für Diamantschleifbänder KGS Diabelt.
3375	Steinmetz & Bildhauer	04 Schleifen, Kanten & Polieren	Schleifbänder & -räder	2	Gummirad ø 30 x 30 mm  mit Schaft:	030-280	Expansionsrad für SPIRAL-Schleifhülsen an kleinen Radien.
4126	Steinmetz & Bildhauer	04 Schleifen, Kanten & Polieren	Schleifbürsten	3	Ferroflex Schleifbürste SIC / QRS: ø 250 mm		Schleifbürste für antike, gebürstete Oberflächen ohne Säure.
4129	Steinmetz & Bildhauer	04 Schleifen, Kanten & Polieren	Schleifbürsten	3	Mattschleifbürste: ø 150 mm, Aufnahme: SF / M14		Mattschleifbürste für Mattschliff auf Granit.
4391	Steinmetz & Bildhauer	04 Schleifen, Kanten & Polieren	Schleifkronen Bakelit	2	MAXI Glockenschleifring ø390/320 x 125 mm		Bakelitgebundener Glockenschleifring für Trockenschliff.
4389	Steinmetz & Bildhauer	04 Schleifen, Kanten & Polieren	Schleifkronen mineralisch	3	MAXIMIN SK 250x55 mm zum schrauben		Verschraubbare Schleifkrone für Bodenschleifmaschinen.
3910	Steinmetz & Bildhauer	04 Schleifen, Kanten & Polieren	Schleifkörper Bakelit	4	FERBAC – Bakelitgebundene Schleifringe ø130/150 x 40 M14		Bakelitgebundene Schleifringe für Trockenschliff.
3911	Steinmetz & Bildhauer	04 Schleifen, Kanten & Polieren	Schleifkörper Bakelit	4	FERBAC Bakelitgebundene Schleifringe ø130/150 SF		Bakelitgebundene Schleifringe für Trockenschliff.
3912	Steinmetz & Bildhauer	04 Schleifen, Kanten & Polieren	Schleifkörper Bakelit	4	Ferrbac-Bakalitgebunde Schleifmittel HR 200 x 50 x 25 mm		Bakelitgebundener Handrutscher für Trockenschliff.
3913	Steinmetz & Bildhauer	04 Schleifen, Kanten & Polieren	Schleifkörper Bakelit	4	Ferrbac Bakelit Schleifringe ø 90 / 110 mm HT		Bakelit-Hochleistungsschleifringe für Trockenschliff.
3914	Steinmetz & Bildhauer	04 Schleifen, Kanten & Polieren	Schleifkörper Bakelit	4	MAXI HR 200mm x 50mm x 50mm		Bakelitgebundener MAXI-Handrutscher für Trockenschliff.
3915	Steinmetz & Bildhauer	04 Schleifen, Kanten & Polieren	Schleifkörper Bakelit	4	MAXI Bakelitgebundene Schleifringe 100 x 42  M14		Bakelitgebundene Schleifringe für Trockenschliff mit Metallaufnahmeplatte.
3923	Steinmetz & Bildhauer	04 Schleifen, Kanten & Polieren	Schleifkörper Bakelit	4	MAXI Handrutscher HR 200mmx50mmx25mm		Bakelitgebundener MAXI-Handrutscher für Trockenschliff.
3934	Steinmetz & Bildhauer	04 Schleifen, Kanten & Polieren	Schleifkörper Bakelit	4	MAXI Handrutscher HR bakalitgebunden 150mm x 50mm x 50mm		Bakelitgebundener MAXI-Handrutscher für Trockenschliff.
3935	Steinmetz & Bildhauer	04 Schleifen, Kanten & Polieren	Schleifkörper Bakelit	4	MAXI SR ø130/100x40  M14		Bakelitgebundene MAXI-Schleifringe für Trockenschliff.
3941	Steinmetz & Bildhauer	04 Schleifen, Kanten & Polieren	Schleifkörper Bakelit	4	MAXI HR 150x50x25 mm		Bakelitgebundener MAXI-Handrutscher für Trockenschliff.
3945	Steinmetz & Bildhauer	04 Schleifen, Kanten & Polieren	Schleifkörper Bakelit	4	MAXI Bakelitgebundene Schleifringe ø190/155x50 K60-220 M14		Bakelitgebundene MAXI-Topfscheibe für Trockenschliff.
3947	Steinmetz & Bildhauer	04 Schleifen, Kanten & Polieren	Schleifkörper Bakelit	4	FERBAC Kegel Bakalit  ø 50 mm x 100 mm Aufnahme M14		Bakelitgebundener Schleifkegel für Trockenschliff.
4015	Steinmetz & Bildhauer	04 Schleifen, Kanten & Polieren	Schleifkörper Bakelit	4	MAXI SR ø130/100x40 SF Bakalitgebunden		Bakelitgebundener Schleifring für Trockenschliff, Korn 16-220.
1923	Steinmetz & Bildhauer	04 Schleifen, Kanten & Polieren	Schleifkörper Keramisch	3	HR Keramikbindung 200x50x25 mm		Keramischer Handrutscher für Feinschliff auf Hartgestein.
1939	Steinmetz & Bildhauer	04 Schleifen, Kanten & Polieren	Schleifkörper Keramisch	3	Rutscherplatten 315 x 260 x 30mm		Keramische Rutscherplatte zum Anschleifen von Stahlwerkzeugen.
3952	Steinmetz & Bildhauer	04 Schleifen, Kanten & Polieren	Schleifkörper Keramisch	3	FELDMUEHLE ø150mm x 25mm x 32mm grün		Keramische Feldmühle-Schleifscheibe für Trockenschliff.
3953	Steinmetz & Bildhauer	04 Schleifen, Kanten & Polieren	Schleifkörper Keramisch	3	FELDMUEHLE ø150mm x 20mm x 32mm		Keramische Feldmühle-Schleifscheibe zum Anschleifen von Hartmetall.
3954	Steinmetz & Bildhauer	04 Schleifen, Kanten & Polieren	Schleifkörper Keramisch	3	FELDMUEHLE ø175x25x32mm		Keramische Feldmühle-Schleifscheibe für Trockenschliff.
3955	Steinmetz & Bildhauer	04 Schleifen, Kanten & Polieren	Schleifkörper Keramisch	3	FELDMUEHLE ø200x32x32mm		Keramische Feldmühle-Schleifscheibe in Grün und Rot.
3940	Steinmetz & Bildhauer	04 Schleifen, Kanten & Polieren	Schleifkörper Kunstharz	4	Schleifring TORNADO: ø 95 / 110 × 40 mm		Kunstharz-Schleifring mit magnetischem Tornado-Schnellwechsel.
3946	Steinmetz & Bildhauer	04 Schleifen, Kanten & Polieren	Schleifkörper Kunstharz	4	FERLOX Schleifringe ø100x30 mm Aufnahme SF		Kunstharzgebundene Schleifringe für Nassschliff.
3948	Steinmetz & Bildhauer	04 Schleifen, Kanten & Polieren	Schleifkörper Kunstharz	4	FERLOX SR ø130x30 SF		Kunstharzgebundene Schleifringe für Nass-Politur von Granit und Marmor.
3949	Steinmetz & Bildhauer	04 Schleifen, Kanten & Polieren	Schleifkörper Kunstharz	4	Schleifring SR: ø 100 × 20 mm, Loch 30 mm, zylindrisch,		Kunstharzgebundene Schleifringe für Nass-Politur von Granit.
329	Steinmetz & Bildhauer	04 Schleifen, Kanten & Polieren	Schleifkörper keramisch	3	FELDMUEHLE ø175x25x32mm Nr.60 rot	010-096 ROT K60	Edelkorund-Schleifscheibe zum Nachschleifen von HSS-Werkzeugen.
2675	Steinmetz & Bildhauer	04 Schleifen, Kanten & Polieren	Schleifpads	4	KGS Flexis® DIFLEX TRIANGLE 80 x 80 x 80 mm		Diamant-Dreieckspad für Nassschliff und Politur.
7283	Steinmetz & Bildhauer	04 Schleifen, Kanten & Polieren	Schleifpapier Klett	4	FLEX Schleifpapier Klett gelb Xtreme Premium Ø225mm		Klett-Schleifpapier Ø225 mm zum schnellen Verschleifen.
4125	Steinmetz & Bildhauer	04 Schleifen, Kanten & Polieren	Schleifpulver	3	Silizumcarbid-Pulver: loses Korn 1 Kilogramm		Loses Siliziumcarbid-Schleifpulver für Trommeln und Scheiben.
1875	Steinmetz & Bildhauer	04 Schleifen, Kanten & Polieren	Schleifringe Bakelit	4	FERBAC – Bakelitgebundene Schleifringe ø100 x 40 M14		Zylindrische Bakelit-Schleifringe für die Trockenbearbeitung.
1883	Steinmetz & Bildhauer	04 Schleifen, Kanten & Polieren	Schleifringe Bakelit	4	FERBAC – Bakelitgebundene Schleifringe ø100 x 40 SF		Zylindrische Bakelit-Schleifringe für die Trockenbearbeitung.
1891	Steinmetz & Bildhauer	04 Schleifen, Kanten & Polieren	Schleifringe Bakelit	4	FERBAC – Bakelitgebundene Schleifringe ø100/130x40 M14		Konische Bakelit-Schleifringe für die Trockenbearbeitung.
1899	Steinmetz & Bildhauer	04 Schleifen, Kanten & Polieren	Schleifringe Bakelit	4	FERBAC – Bakelitgebundene Schleifringe ø100/130x40 SF		Konische Bakelit-Schleifringe für die Trockenbearbeitung.
1907	Steinmetz & Bildhauer	04 Schleifen, Kanten & Polieren	Schleifringe Bakelit	4	FERBAC – Bakelitgebundene Schleifringe ø130 x 40 mm Aufnahme M14		Zylindrische Bakelit-Schleifringe Ø130 mm für die Trockenbearbeitung.
1915	Steinmetz & Bildhauer	04 Schleifen, Kanten & Polieren	Schleifringe Bakelit	4	FERBAC – Bakelitgebundene Schleifringe ø130 x 40 SF		Zylindrische Bakelit-Schleifringe Ø130 mm für die Trockenbearbeitung.
1944	Steinmetz & Bildhauer	04 Schleifen, Kanten & Polieren	Schleifringe Keramisch	4	Keramischgebundene Schleifringe  ø100 x 40 mm M14		Keramische Schleifringe mit guter Standzeit für alle Gesteine.
1952	Steinmetz & Bildhauer	04 Schleifen, Kanten & Polieren	Schleifringe Keramisch	4	Keramik SR ø100 SF		Keramische Schleifringe Ø100 mm mit SF-Aufnahme.
1960	Steinmetz & Bildhauer	04 Schleifen, Kanten & Polieren	Schleifringe Keramisch	4	Keramischgebundene Schleifringe ø100/130 x 40 mm M14		Keramische Konus-Schleifringe mit guter Standzeit für alle Gesteine.
1968	Steinmetz & Bildhauer	04 Schleifen, Kanten & Polieren	Schleifringe Keramisch	4	Keramik SR ø100/130x40 SF		Keramische Konus-Schleifringe mit SF-Aufnahme.
401	Steinmetz & Bildhauer	04 Schleifen, Kanten & Polieren	Schleifringe Kunstharz	4	FERLOX SR ø100mm SF oxal	010-043 OXAL	Kunstharzgebundener Polierstein mit Oxalsäure für Marmor.
4017	Steinmetz & Bildhauer	04 Schleifen, Kanten & Polieren	Schleifringe Kunstharz	4	FERLOX SR ø130 SF PSH		Kunstharzgebundener Schleifring für Nassschliff, Korn 24-600.
4337	Steinmetz & Bildhauer	04 Schleifen, Kanten & Polieren	Schleifringe kunstharzgeb.	4	Schleifring FERLOX TERZAGO ø100		Schleifring für Satellitenschleifköpfe in FERLOX-Bindung.
4357	Steinmetz & Bildhauer	04 Schleifen, Kanten & Polieren	Schleifringe kunstharzgeb.	4	FERLOX Cassani-Segmente		Kunstharzsegmente für Bodenschleifmaschinen an Marmor.
4359	Steinmetz & Bildhauer	04 Schleifen, Kanten & Polieren	Schleifringe kunstharzgeb.	4	FERLOX Frankfurt-Segmente		Kunstharzsegmente Frankfurt-System für Marmorschliff.
4360	Steinmetz & Bildhauer	04 Schleifen, Kanten & Polieren	Schleifringe kunstharzgeb.	4	FERLOX Muenchen-Segmente		Kunstharzsegmente München-System für Marmor und Granit.
4361	Steinmetz & Bildhauer	04 Schleifen, Kanten & Polieren	Schleifringe kunstharzgeb.	4	FERLOX SR ø100/130x46 SF		Schleifring mit SF-Verschluss, Körnung 24-800.
4364	Steinmetz & Bildhauer	04 Schleifen, Kanten & Polieren	Schleifringe kunstharzgeb.	4	DIAHARD XT Ø100mm 1-6 SF		Diamantschleifring für flache Kanten am Kantenpolierautomat.
4365	Steinmetz & Bildhauer	04 Schleifen, Kanten & Polieren	Schleifringe kunstharzgeb.	4	FERLOX SR ø95/120 M14 konisch		Konischer Schleifring TORNADO-System, Aufnahme M14.
4378	Steinmetz & Bildhauer	04 Schleifen, Kanten & Polieren	Schleifringe kunstharzgeb.	4	FERLOX SR ø100/30 mm PSH SF-Aufnahme		Kunstharzgebundener Schleifring PSH-System.
4379	Steinmetz & Bildhauer	04 Schleifen, Kanten & Polieren	Schleifringe kunstharzgeb.	4	FERLOX SR ø150 mm x 35 mm SF		Grosser kunstharzgebundener Schleifring, Ø 150 mm.
4380	Steinmetz & Bildhauer	04 Schleifen, Kanten & Polieren	Schleifringe kunstharzgeb.	3	FERLOX SR ø150/40 mm LSH Ringform		Kunstharzgebundener Schleifring LSH-Ringform.
4356	Steinmetz & Bildhauer	04 Schleifen, Kanten & Polieren	Schleifringe mineralisch	4	UNICO SR ø150 SF mineralisch		Schleifring für Kantenschleifautomaten, Ø 150 mm.
4376	Steinmetz & Bildhauer	04 Schleifen, Kanten & Polieren	Schleifringe mineralisch	4	TORNADO SR Magn.ø100/110		Magnetgebundener Schleifring, Ø 100/110 mm.
4377	Steinmetz & Bildhauer	04 Schleifen, Kanten & Polieren	Schleifringe mineralisch	4	MAXI SR 100x30x20 KL SF		Zylindrischer mineralischer Schleifring, Aufnahme SF.
4381	Steinmetz & Bildhauer	04 Schleifen, Kanten & Polieren	Schleifringe mineralisch	4	TRIS SR ø150 SF  Min.		Dreisegment-Schleifring, mineralisch, Ø 150 mm.
4394	Steinmetz & Bildhauer	04 Schleifen, Kanten & Polieren	Schleifringe mineralisch	4	MAXIMIN Schleifring ø100x40 mm SF		Mineralischer Schleifring, Ø 100 mm, Aufnahme SF.
4479	Steinmetz & Bildhauer	04 Schleifen, Kanten & Polieren	Schleifringe mineralisch	4	FERLOX SR ø100x30 SF SH 2M-8M		Mineralischer Schleifring, Körnungsreihe 2M bis 8M.
6212	Steinmetz & Bildhauer	04 Schleifen, Kanten & Polieren	Schleifscheiben Feldmühle	4	FELDMÜHLE ø175x20 Nr.60 grün	010-134 GRUEN K60	Feldmühle-Schleifscheibe grün, Ø 175 mm, Körnung 60.
6216	Steinmetz & Bildhauer	04 Schleifen, Kanten & Polieren	Schleifscheiben Feldmühle	4	FELDMÜHLE ø150mm x 6mm x 35 mm	010-115 GRUEN K80	Feldmühle-Schleifscheibe grün, Ø 150 mm, Körnung 80.
6217	Steinmetz & Bildhauer	04 Schleifen, Kanten & Polieren	Schleifscheiben Feldmühle	4	FELDMÜHLE ø200x20x32 mm	010-104 GRUEN K60	Feldmühle-Schleifscheibe grün, Ø 200 mm, Körnung 60.
6225	Steinmetz & Bildhauer	04 Schleifen, Kanten & Polieren	Schleifscheiben Feldmühle	4	FELDMÜHLE ø150x25x32 mm Nr.46 grün	010-106 GRUEN K46	Feldmühle-Schleifscheibe grün, Ø 150 mm, Körnung 46.
4067	Steinmetz & Bildhauer	04 Schleifen, Kanten & Polieren	Schleifscheiben KH	4	BETCUT 3-STEP PAD Ø100		3-Stufen-Polierpad für Naturstein, Composite und Keramik.
4068	Steinmetz & Bildhauer	04 Schleifen, Kanten & Polieren	Schleifscheiben KH	4	BETCUT COPPER Ø 100 mm + BECUT PREMIUM Ø 100 mm		Zweistufiges Polierpad-System für Naturstein und Granit, nass.
2654	Steinmetz & Bildhauer	04 Schleifen, Kanten & Polieren	Schleifscheiben flexibel	4	DIFLEX Scheibe ø100x25 Klett		Flexible Nassschleifscheiben für diverse Materialien.
2656	Steinmetz & Bildhauer	04 Schleifen, Kanten & Polieren	Schleifscheiben flexibel	4	KGS DIFLEX ø115x25 Klett, Korn 60-3000		Flexible Nassschleifscheiben, Körnung 60-3000.
2667	Steinmetz & Bildhauer	04 Schleifen, Kanten & Polieren	Schleifscheiben flexibel	4	KGS DIFLEX ø140mm x25mm Körnung 60-3000		Grosse flexible Nassschleifscheiben, ø140mm.
4012	Steinmetz & Bildhauer	04 Schleifen, Kanten & Polieren	Schleifscheiben flexibel	4	KGS SWIFLEX SDA Klett, Ø115 mm		Flexible Diamantschleifscheibe für Trocken- und Nassschliff.
4013	Steinmetz & Bildhauer	04 Schleifen, Kanten & Polieren	Schleifscheiben flexibel	4	KGS SWIFLEX SDA-R Ø115 mm		Starre Diamantschleifscheibe für Trocken- und Nassschliff, Korn bis 3000.
4063	Steinmetz & Bildhauer	04 Schleifen, Kanten & Polieren	Schleifscheiben flexibel	4	KGS SWIFLEX XX QRS  ø 100 × 15mm		Flexible Diamantscheibe zum Trockenpolieren, Box mit 3 Stück.
4064	Steinmetz & Bildhauer	04 Schleifen, Kanten & Polieren	Schleifscheiben flexibel	4	KGS SWIFLEX TX QRS K 60-200, ø 100 mm		Diamant-Vorschliffpad K60-200, Box mit 3 Stück.
5436	Steinmetz & Bildhauer	04 Schleifen, Kanten & Polieren	Schleifsegmente mineralisch	4	Schleifsegment Cassani Mineral Nr. 0 bis  Nr. 5		Mineralische Schleifsegmente in sechs Körnungsstufen.
378	Steinmetz & Bildhauer	04 Schleifen, Kanten & Polieren	Schleifzubehör	3	Gummirad ø 45mm x 30 mm mit Schaft	030-282	Gummi-Expansionsrad zur Aufnahme von Schleifhülsen.
379	Steinmetz & Bildhauer	04 Schleifen, Kanten & Polieren	Schleifzubehör	3	Gummiwalze ø15x30 mm mit Schaft	030-300	Gummi-Expansionsrad für Spiral-Schleifhülsen.
2943	Steinmetz & Bildhauer	04 Schleifen, Kanten & Polieren	Schrifteisen	3	FERROORANGE-PL-Schrifteisen M 12,7mm		Pressluft-Schrifteisen mit WIDIA-Hartmetall für Marmor und Kalkstein.
2944	Steinmetz & Bildhauer	04 Schleifen, Kanten & Polieren	Schrifteisen	3	FERROORANGE PL-Schrifteisen M 7,4mm		Pressluft-Schrifteisen mit WIDIA-Hartmetall, Aufnahme 7,4 mm.
2945	Steinmetz & Bildhauer	04 Schleifen, Kanten & Polieren	Schrifteisen	3	FERROBLAU Pressluft-Schrifteisen G Aufnahme 7,4 mm		Pressluft-Schrifteisen mit WIDIA-Hartmetall für Granit.
2946	Steinmetz & Bildhauer	04 Schleifen, Kanten & Polieren	Schrifteisen	3	FERROBLAU-PL-Schrifteisen G 12,7mm für Granit		Pressluft-Schrifteisen mit WIDIA-Hartmetall für Granit.
2949	Steinmetz & Bildhauer	04 Schleifen, Kanten & Polieren	Schrifteisen	3	Ferrit Handschrifteisen SK H		Handschrifteisen mit Hartmetalleinlage für Hartgestein.
2957	Steinmetz & Bildhauer	04 Schleifen, Kanten & Polieren	Schrifteisen	3	Ferrit Handschrifteisen KK		Handschrifteisen mit Hartmetalleinlage für Kalkstein.
2985	Steinmetz & Bildhauer	04 Schleifen, Kanten & Polieren	Schrifteisen	3	REXID Schrifteisen KK W		Schlankes REXID-Schrifteisen für Weichgestein.
2986	Steinmetz & Bildhauer	04 Schleifen, Kanten & Polieren	Schrifteisen	3	REXID Schrifteisen SK H		Robustes REXID-Schrifteisen für Hartgestein.
5988	Steinmetz & Bildhauer	04 Schleifen, Kanten & Polieren	Schrifteisen (Handschlag)	3	FERROBLACK Schrifteisen 6-12 mm Knüpfelkopf		Handgefertigtes Schlageisen mit WIDIA-Hartmetalleinsatz für Schriften.
5751	Steinmetz & Bildhauer	04 Schleifen, Kanten & Polieren	Schrifteisen (Pressluft)	3	Ferrit PL Schrifteisen 8-12mm M 10.2 mm		Pressluft-Schrifteisen mit Hartmetallauflage für Schriften in Stein.
5752	Steinmetz & Bildhauer	04 Schleifen, Kanten & Polieren	Schrifteisen (Pressluft)	3	Ferrit PL Schrift 4-12mm G 10.2		Pressluft-Schrifteisen für Granit-Schriften, Hartmetallauflage.
6125	Steinmetz & Bildhauer	04 Schleifen, Kanten & Polieren	Schrifteisen (Pressluft)	3	Ferrit PL Schrift 25 + 30 mm G 10.2		Breite Pressluft-Schrifteisen für Granit-Grossschriften, 25 und 30mm.
129	Steinmetz & Bildhauer	04 Schleifen, Kanten & Polieren	Schärfsteine	2	Schärfstein 150x80x25mm weiss	030-524	Bringt stumpfen Diamantwerkzeugen die Schärfe zurück.
2968	Steinmetz & Bildhauer	04 Schleifen, Kanten & Polieren	Spitzeisen	3	Ferrit Spitzeisen mit Schlägelkopf		Handspitzeisen mit Hartmetalleinsatz für Hartgestein und Granit.
2995	Steinmetz & Bildhauer	04 Schleifen, Kanten & Polieren	Spitzeisen	3	REXID Spitzeisen Schlägelkopf SK W		REXID-Spitzeisen mit Hartmetallstiften für Weichgestein.
1223	Steinmetz & Bildhauer	04 Schleifen, Kanten & Polieren	Stahlraspeln	3	Marmorraspel Milani 18cm B666	041-330	Handgehauene Stahlraspel für Marmor, Holz und Weichgestein.
1224	Steinmetz & Bildhauer	04 Schleifen, Kanten & Polieren	Stahlraspeln	3	Marmorraspel Milani 15cm B196	041-338	Handgehauene Stahlraspel für Marmor, Holz und Weichgestein.
1226	Steinmetz & Bildhauer	04 Schleifen, Kanten & Polieren	Stahlraspeln	3	Marmorraspel Milani 20cm B656	041-350	Handgehauene Multi-Stahlraspel für Marmor, Holz und Weichgestein.
1227	Steinmetz & Bildhauer	04 Schleifen, Kanten & Polieren	Stahlraspeln	3	Marmorraspel Milani 25cm A015	041-356	Grosse handgehauene Stahlraspel für Marmor, Holz und Weichgestein.
1248	Steinmetz & Bildhauer	04 Schleifen, Kanten & Polieren	Stahlraspeln	3	Marmorraspel Milani 18cm B657	041-378	Handgehauene Multi-Stahlraspel für Marmor, Holz und Weichgestein.
1259	Steinmetz & Bildhauer	04 Schleifen, Kanten & Polieren	Stahlraspeln	3	Marmorraspel Milani 25cm B657	041-400	Grosse handgehauene Multi-Stahlraspel für Marmor, Holz und Weichgestein.
1280	Steinmetz & Bildhauer	04 Schleifen, Kanten & Polieren	Stahlraspeln	3	Marmorraspel Milani 15cm B183	041-430	Handgehauene Multi-Stahlraspel für Marmor, Holz und Weichgestein.
1282	Steinmetz & Bildhauer	04 Schleifen, Kanten & Polieren	Stahlraspeln	3	Marmorraspel Milani 15cm B185	041-432	Handgehauene Multi-Stahlraspel für Marmor, Holz und Weichgestein.
1285	Steinmetz & Bildhauer	04 Schleifen, Kanten & Polieren	Stahlraspeln	3	Marmorraspel Milani 17cm B186	041-434	Handgehauene Multi-Stahlraspel für Marmor, Holz und Weichgestein.
1287	Steinmetz & Bildhauer	04 Schleifen, Kanten & Polieren	Stahlraspeln	3	Marmorraspel Milani 17cm B192	041-436	Handgehauene Multi-Stahlraspel für Marmor, Holz und Weichgestein.
1288	Steinmetz & Bildhauer	04 Schleifen, Kanten & Polieren	Stahlraspeln	3	Marmorraspel Milani 18cm B188	041-440	Handgehauene Multi-Stahlraspel für Marmor, Holz und Weichgestein.
1290	Steinmetz & Bildhauer	04 Schleifen, Kanten & Polieren	Stahlraspeln	3	Marmorraspel Milani 18cm B190	041-442	Handgehauene Multi-Stahlraspel für Marmor, Holz und Weichgestein.
1291	Steinmetz & Bildhauer	04 Schleifen, Kanten & Polieren	Stahlraspeln	3	Marmorraspel Milani 18cm B191	041-444	Handgehauene Multi-Stahlraspel für Marmor, Holz und Weichgestein.
1356	Steinmetz & Bildhauer	04 Schleifen, Kanten & Polieren	Stahlraspeln	3	Eisenraspeln Marmor MILANI B660 Multi Hartmetallfeilen		Handgehauene Stahlraspel für Marmor, Speckstein und Holz.
1357	Steinmetz & Bildhauer	04 Schleifen, Kanten & Polieren	Stahlraspeln	3	Marmorraspel Milani B656 Hartmetallfeilen		Handgehauene Stahlraspel in vier Längen für Marmor und Holz.
1359	Steinmetz & Bildhauer	04 Schleifen, Kanten & Polieren	Stahlraspeln	3	Marmorraspel Milani B663 Hartmetallfeilen		Handgehauene Stahlraspel für Marmor, Speckstein und Holz.
1360	Steinmetz & Bildhauer	04 Schleifen, Kanten & Polieren	Stahlraspeln	3	Marmorraspel Milani B664		Handgehauene Stahlraspel in vier Längen für Marmor und Holz.
1361	Steinmetz & Bildhauer	04 Schleifen, Kanten & Polieren	Stahlraspeln	3	Marmorraspel Milani B665		Handgehauene Stahlraspel in vier Längen für Marmor und Holz.
1362	Steinmetz & Bildhauer	04 Schleifen, Kanten & Polieren	Stahlraspeln	3	Marmorraspel Milani B666		Handgehauene Stahlraspel in fünf Längen für Marmor und Holz.
1363	Steinmetz & Bildhauer	04 Schleifen, Kanten & Polieren	Stahlraspeln	3	Marmorraspel Milani B667		Handgehauene Stahlraspel in sechs Längen für Marmor und Holz.
6289	Steinmetz & Bildhauer	04 Schleifen, Kanten & Polieren	Stocker	3	PL-Stocker Ø10mm 4 Zähne HM EE ø12,5 mm	040-607	Hartmetall-Stocker für Pressluftwerkzeuge, Ø 10 mm.
6437	Steinmetz & Bildhauer	04 Schleifen, Kanten & Polieren	Stocker	3	HM PL-Stocker langer Schaft 10x2,5mm Zähne 2x4 PL 12,5	040-171	Hartmetall-Stocker mit langem Schaft für Pressluftwerkzeuge.
5828	Steinmetz & Bildhauer	04 Schleifen, Kanten & Polieren	Stocker (Pressluft)	3	PL-Stocker HM Ø12mm 9 Zähne EE ø12.5 mm	040-605	Pressluft-Stocker mit Hartmetallzähnen für strukturierte Steinoberflächen.
5943	Steinmetz & Bildhauer	04 Schleifen, Kanten & Polieren	Stocker (Pressluft)	3	PL Stocker kurz 14x14mm 9 Zähne EE 12.5	040-169	Kurzer Pressluft-Stocker 14x14mm mit 9 WIDIA-Zähnen.
3138	Steinmetz & Bildhauer	04 Schleifen, Kanten & Polieren	Stockmaschinen	3	FLEX Stockteller zu ST 604 Ø150 mm ohne Haube	050-002	Ersatz-Stockteller mit 4 Stationen für FLEX ST 604.
3145	Steinmetz & Bildhauer	04 Schleifen, Kanten & Polieren	Stockmaschinen	3	FLEX Stockstation mit 2 Rädern	050-018	Ersatz-Stockstation mit 2 Rädern für FLEX ST 604/1104.
6323	Steinmetz & Bildhauer	04 Schleifen, Kanten & Polieren	Stockmaschinen	2	FLEX ST 804 Stockmaschine Ø150mm mit 4 Stockstationen	050-013	Stockmaschine mit 4 Stockstationen für Granit und Beton.
3129	Steinmetz & Bildhauer	04 Schleifen, Kanten & Polieren	Stockmaschinen	2	FLEX ST 1503 Stockmaschine Ø100 mm	050-028	Stockmaschine zum Aufrauen von Naturstein- und Betonoberflächen.
6050	Steinmetz & Bildhauer	04 Schleifen, Kanten & Polieren	Stockmaschinen-Zubehör	3	FLEX Ersatzstockräder Satz 6 + 8 Stück		Ersatzstockräder-Satz für FLEX-Stockmaschinen ST604/804/1104/1503.
4524	Steinmetz & Bildhauer	04 Schleifen, Kanten & Polieren	Stockteller & Zubehör	2	FLEX Stockteller Ø100/3 Stat.	050-002 100MM	Stockplatte mit 3 Stationen für den Flex-Stockvorsatz ST 1503.
5026	Steinmetz & Bildhauer	04 Schleifen, Kanten & Polieren	Trockenschleif-/Polierscheiben (Swiflex)	3	KGS SWIFLEX ø115/15 LW QRS Körnung 50-3000		Swiflex-Scheibe fürs Trockenschleifen ohne Wasseranschluss.
509	Steinmetz & Bildhauer	04 Schleifen, Kanten & Polieren	Trockenschleif-/Polierscheiben (Swiflex)	3	Diamantschleifteller  SWIFLEX ø100 mm Aufnahme M14 SCW	032-598	Grober Diamantteller für kraftvollen Trockenabtrag.
2448	Steinmetz & Bildhauer	04 Schleifen, Kanten & Polieren	Trockenschleifscheiben flexibel	4	KGS SWIFLEX SDA-R im 6-er SET Ø115	030-812	6er-Set flexible Schleifscheiben, trocken/nass.
4261	Steinmetz & Bildhauer	04 Schleifen, Kanten & Polieren	Werkzeugschärfen	2	Hartmetall-Diamantschleifscheibe ø150/ Keilform	031-256	Diamantschleifscheibe zum Anschleifen von Widia-Werkzeugen.
2937	Steinmetz & Bildhauer	04 Schleifen, Kanten & Polieren	Zahneisen	3	Ferrit Zahneisen Klüpfelkopf Universal		Zahneisen mit Hartmetalleinsatz für Marmor und Hartgestein.
2990	Steinmetz & Bildhauer	04 Schleifen, Kanten & Polieren	Zahneisen	3	REXID Zahneisen KK W		Feines REXID-Zahneisen für Profile auf Weichgestein.
2991	Steinmetz & Bildhauer	04 Schleifen, Kanten & Polieren	Zahneisen	3	REXID Zahneisen Sandstein KK		REXID-Zahneisen speziell für Sandstein.
3894	Steinmetz & Bildhauer	04 Schleifen, Kanten & Polieren	Zubehör Schleifscheiben	2	Abrichter für Schleifscheiben	040-890	Abrichter zur Glättung keramisch gebundener Schleifscheiben.
7380	Steinmetz & Bildhauer	05 Verlegen, Heben & Transportieren	Schonhämmer	2	SIMPLEX Schonhammer mit Stahlgussgehäuse / Holzstiel Ø50mm-80mm		Robuster Schonhammer mit Stahlgussgehäuse, drei Grössen.
6202	Steinmetz & Bildhauer	05 Verlegen, Heben & Transportieren	Steinzangen	1	Steinzange für Granit T035W	041-448	Steinzange für Granit mit 550 mm Länge.
3429	Steinmetz & Bildhauer	05 Verlegen, Heben & Transportieren	Transportgeräte	2	FERRO-Transportroller 1001 SV	080-044	Transportroller für schwere Steinplatten bis 1000 kg.
297	Steinmetz & Bildhauer	05 Verlegen, Heben & Transportieren	Transportroller	2	FERRO-Transportroller 1000	080-042	Transportroller mit 1000 kg Tragkraft für Steinplatten und Blöcke.
6159	Steinmetz & Bildhauer	05 Verlegen, Heben & Transportieren	Vakuum-Verlegesystem (GRABO)	3	NEMO GRABO - RockSeal	081-372	GRABO-Dichtung für raue Oberflächen bis 10 mm Profil.
2276	Steinmetz & Bildhauer	05 Verlegen, Heben & Transportieren	Werkstatteinrichtung	2	Bildhauerdrehbock CAVALLETTO	080-026	Drehbarer Arbeitstisch für Bildhauerarbeiten, 750kg.
7258	Steinmetz & Bildhauer	06 Kleben, Fugen & Gehrung	1K-MS-Klebstoffe	4	WEISS Cosmo®HD-100.400 Beutel 600ml, weiss, 1-K-MS-Klebstoff	021-170 400B	Elastischer, natursteinverträglicher 1K-MS-Klebstoff für Montage.
6316	Steinmetz & Bildhauer	06 Kleben, Fugen & Gehrung	AKEMI Farbpasten	3	AKEMI Farbpaste für Polyester  30ml		Farbpaste zum Einfärben von AKEMI-Klebern, UV-beständig.
6651	Steinmetz & Bildhauer	06 Kleben, Fugen & Gehrung	AKEMI Farbsysteme	2	AKEMI Farbkonzentrat 50ml flüssig (AUSLAUFARTIKEL)		Flüssiges Farbkonzentrat zum Einfärben von Marmorkitt, nur Restmengen.
6165	Steinmetz & Bildhauer	06 Kleben, Fugen & Gehrung	AKEMI Härter	4	AKEMI Polyester Härter flüssig		Härter für AKEMI Marmorkitt- und Klebesysteme.
652	Steinmetz & Bildhauer	06 Kleben, Fugen & Gehrung	AKEMI Klebe-Zubehör	3	AKEMI Misch-Messbecher 500ml	020-654	Messbecher zum exakten Abmessen von Marmorkitt und AKEPOX-Kleber.
666	Steinmetz & Bildhauer	06 Kleben, Fugen & Gehrung	AKEMI Klebe-Zubehör	3	AKEMI Härter B flüssig 20g	020-362	Flüssiger Härter für transparenten AKEMI Marmorkitt 1000.
6965	Steinmetz & Bildhauer	06 Kleben, Fugen & Gehrung	AKEMI Klebstoffe	4	AKEMI EVERCLEAR 510 1:1 Kartusche 395ml	020-955	UV-stabiler PUR-Gelkleber ohne Randzonenverfärbung, einfärbbar.
3442	Steinmetz & Bildhauer	06 Kleben, Fugen & Gehrung	AKEMI Klebstoffzubehör	2	AKEMI Dosierpumpe für Härter	020-366	Dosierpumpe für exakte Härterdosierung.
624	Steinmetz & Bildhauer	06 Kleben, Fugen & Gehrung	AKEMI Marmorkitt	4	AKEMI Super-Acryl dünnflüssig 900ml	020-278	Dünnflüssiger Acryl-Steinkitt für Marmor und Travertin.
104	Steinmetz & Bildhauer	06 Kleben, Fugen & Gehrung	AKEMI Marmorkitt/Klebstoffe	4	AKEMI MS76 490ml Kartusche flüssig	020-370	Flüssiger Armierungskleber für breite Nutarmierungen von Arbeitsplatten.
1111	Steinmetz & Bildhauer	06 Kleben, Fugen & Gehrung	AKEMI Marmorkitt/Klebstoffe	4	AKEMI MS76 flüssig 1kg	020-328	Flüssiger 2K-Kleber für Stein, Holz und Metall, ideal für Armierungen.
1299	Steinmetz & Bildhauer	06 Kleben, Fugen & Gehrung	AKEMI Marmorkitt/Klebstoffe	4	AKEMI 1000 Transparent flüssig		Transparenter Steinkleber zum Verkleben und Laminieren von Naturstein.
1304	Steinmetz & Bildhauer	06 Kleben, Fugen & Gehrung	AKEMI Marmorkitt/Klebstoffe	3	AKEMI Universal 1000 fliessfähig		Fliessfähiger Steinkitt zum Verkitten und horizontalen Verkleben.
1306	Steinmetz & Bildhauer	06 Kleben, Fugen & Gehrung	AKEMI Marmorkitt/Klebstoffe	3	AKEMI 1000 Tixo cremig		Standfester Steinkitt zur Restauration und Kantenmodellierung.
1308	Steinmetz & Bildhauer	06 Kleben, Fugen & Gehrung	AKEMI Marmorkitt/Klebstoffe	3	AKEMI Marmorkitt 1000 L-Spezial		Standfeste Gelmasse für vertikale Verkittung und Kantenmodellierung.
1310	Steinmetz & Bildhauer	06 Kleben, Fugen & Gehrung	AKEMI Marmorkitt/Klebstoffe	3	Akemi Marmorkitt 1000 S		Steifer Steinkitt für vertikale Verkittung und Lochfüllung.
1312	Steinmetz & Bildhauer	06 Kleben, Fugen & Gehrung	AKEMI Marmorkitt/Klebstoffe	3	AKEMI Härterpasten pastös		Passender Härter für zahlreiche AKEMI-Steinkitte und -Kleber.
1405	Steinmetz & Bildhauer	06 Kleben, Fugen & Gehrung	AKEMI Steinfestiger & Füller	4	AKEMI AKEPOX® 1016 Micro Filler 1kg	020-388	Dünnflüssiger 2K-Steinfestiger für feinste Haarrisse und Mikrofissuren.
1437	Steinmetz & Bildhauer	06 Kleben, Fugen & Gehrung	AKEMI Steinfestiger & Füller	4	AKEMI EVERCLEAR 505 flüssig	020-952	UV-stabiler PUR-Füller für helle, transparente Natursteine.
695	Steinmetz & Bildhauer	06 Kleben, Fugen & Gehrung	AKEMI Steinkleber	3	AKEMI MS76 pastös  1,5kg	020-326	2K-Stein- und Marmorkleber, pastös, mit guter Metallhaftung.
772	Steinmetz & Bildhauer	06 Kleben, Fugen & Gehrung	AKEPOX Klebesystem	4	AKEMI AKEPOX® 5010	020-438	2K-Konstruktionskleber für vergilbungsarme Sichtfugenverklebung.
747	Steinmetz & Bildhauer	06 Kleben, Fugen & Gehrung	AKEPOX Klebesystem	3	AKEPOX Mischdüse gerade	020-474	Mischdüse für 50-ml-AKEPOX-Kartuschen, gerade.
1314	Steinmetz & Bildhauer	06 Kleben, Fugen & Gehrung	AKEPOX Konstruktionskleber	4	AKEMI AKEPOX® 2000 honiggelb flüssig		Flüssiger 2K-Epoxidkleber für Laminieren und Rissfüllung.
1316	Steinmetz & Bildhauer	06 Kleben, Fugen & Gehrung	AKEPOX Konstruktionskleber	4	AKEMI AKEPOX® 2010 gelartig		Gelartiger Kleber für feine vertikale Klebefugen, leicht einfärbbar.
1319	Steinmetz & Bildhauer	06 Kleben, Fugen & Gehrung	AKEPOX Konstruktionskleber	4	AKEMI AKEPOX® 3000,  Mini Quick		Schnell härtender Fixierkleber für Metallbuchstaben und Stein.
1315	Steinmetz & Bildhauer	06 Kleben, Fugen & Gehrung	AKEPOX Konstruktionskleber	3	AKEMI AKEPOX® 2020 grau dickflüssig		Dickflüssiger Konstruktionskleber für Fugen und Verstärkungsstähle.
1317	Steinmetz & Bildhauer	06 Kleben, Fugen & Gehrung	AKEPOX Konstruktionskleber	3	AKEPOX 2040 hellgrau pastös		Pastöser Kleber für senkrechte Flächen und Fliesen.
1322	Steinmetz & Bildhauer	06 Kleben, Fugen & Gehrung	AKEPOX Konstruktionskleber	3	AKEMI AKEPOX® 2030 creme grau-grün		Kartuschenkleber mit hoher Haftung auf Metall und feuchtem Stein.
1318	Steinmetz & Bildhauer	06 Kleben, Fugen & Gehrung	AKEPOX Konstruktionskleber	2	AKEMI AKEPOX® Farbpaste pastös 30ml		Farbpaste zur präzisen Einfärbung von AKEPOX-Klebern.
2109	Steinmetz & Bildhauer	06 Kleben, Fugen & Gehrung	Akepox-Kleber	4	AKEMI AKEPOX® 2030 grün-grau 3kg	020-398	Konstruktionskleber für vertikale Verklebungen.
2125	Steinmetz & Bildhauer	06 Kleben, Fugen & Gehrung	Akepox-Kleber	4	AKEMI AKEPOX® 1005 transparent	020-378	Dünnflüssiger Füller für feine Risse und Poren.
2127	Steinmetz & Bildhauer	06 Kleben, Fugen & Gehrung	Akepox-Kleber	4	AKEMI AKEPOX® 5000 transparent wasserhell 1,5kg	020-386	Flüssiger 2K-Kleber für Sichtfugen und Armierung.
2129	Steinmetz & Bildhauer	06 Kleben, Fugen & Gehrung	Akepox-Kleber	4	AKEPOX 5010 milchweiss 2,25kg transparent MAGIC CC 2200	020-406	Gelartiger Konstruktionskleber für weissen Stein.
2122	Steinmetz & Bildhauer	06 Kleben, Fugen & Gehrung	Akepox-Mischdüsen	4	AKEMI AKEPOX® Mischdüse 200+400ml	020-476	Materialsparende Mischdüse für Akepox-Kartuschen.
2386	Steinmetz & Bildhauer	06 Kleben, Fugen & Gehrung	Akepox-Mischdüsen	4	AKEPOX Mischdüse  für 50ml Kartuschen gebogen	020-472	Gebogene Feinmischdüse mit Dentalspitze.
2329	Steinmetz & Bildhauer	06 Kleben, Fugen & Gehrung	Armierungsgewebe	3	FERROLAM Roving-Gewebe Rolle	020-002	E-Glas-Armierungsgewebe für Steinverstärkung.
7502	Steinmetz & Bildhauer	06 Kleben, Fugen & Gehrung	Fugenwerkzeuge	3	FERROSIL Fugenprofi 4-teilig	021-193 FQ	Vierteiliges Set für professionelles Verfugen.
1320	Steinmetz & Bildhauer	06 Kleben, Fugen & Gehrung	Gehrungs- und Sichtfugenkleber	4	AKEMI AKEPOX® 2010 Gel Mix, Mini Quick		Kartuschen-Kleber für präzise Klebefugen und Gehrungsarbeiten.
1321	Steinmetz & Bildhauer	06 Kleben, Fugen & Gehrung	Gehrungs- und Sichtfugenkleber	4	AKEMI AKEPOX® 5010 Gel Mix,		Vergilbungsarmer Gehrungs- und Sichtfugenkleber, lebensmittelecht.
2102	Steinmetz & Bildhauer	06 Kleben, Fugen & Gehrung	Gehrungsverklebung	5	AKEMI COLOUR BOND Mischdüse	020-808	Original-Mischdüse für COLOUR BOND 10:1.
2139	Steinmetz & Bildhauer	06 Kleben, Fugen & Gehrung	Gehrungsverklebung	4	AKEMI PLATINUM P+ L-Spezial 170 Gramm	020-302	Schnelltrocknender Gelkleber, auch vertikal einsetzbar.
2155	Steinmetz & Bildhauer	06 Kleben, Fugen & Gehrung	Gehrungsverklebung	4	AKEMI PLATINUM P+ flüssig	020-950	Schnelltrocknender Flüssigkleber für horizontal.
2157	Steinmetz & Bildhauer	06 Kleben, Fugen & Gehrung	Gehrungsverklebung	4	AKEMI MS76 490ml Kartusche dünnflüssig	020-368	Armierungskleber für Nutarmierung und Gehrung.
2387	Steinmetz & Bildhauer	06 Kleben, Fugen & Gehrung	Gehrungsverklebung	4	AKEMI MS76 490ml 1 Mischdüse	020-926	Original-Mischdüse für MS76 490ml-Kartuschen.
3887	Steinmetz & Bildhauer	06 Kleben, Fugen & Gehrung	Gehrungsverklebung (Colour Bond)	5	AKEMI COLOUR BOND Maxi Power / +P6		Vorgefärbter 2K-Kleber für unsichtbare Klebefugen bei Naturstein und Quarzkomposit.
645	Steinmetz & Bildhauer	06 Kleben, Fugen & Gehrung	Kartuschenpistolen	2	Profi 310ml Kartuschen Presse Premium-Pistole für Silikon 310 ml	020-734	Kartuschenpresse mit No-Drop-Technik, Kraftübersetzung bis 18:1.
2117	Steinmetz & Bildhauer	06 Kleben, Fugen & Gehrung	Kartuschenpistolen	2	AKEMI Skelett-Pistole MRX	020-374	Skelettpistole für 2K-Kartuschen 2:1.
2120	Steinmetz & Bildhauer	06 Kleben, Fugen & Gehrung	Kartuschenpistolen	2	AKEMI Pistole Gel Mix + Mini Quick	020-372	Pistole für AKEPOX Gel Mix + Mini Quick 50ml.
2123	Steinmetz & Bildhauer	06 Kleben, Fugen & Gehrung	Kartuschenpistolen	2	AKEMI Skelett-Pistole MRX 10:1	020-376	Skelettpistole für MS76 490ml, 10:1.
2147	Steinmetz & Bildhauer	06 Kleben, Fugen & Gehrung	Marmorkitt	4	AKEMI 1000 Transparent dünnflüssig 900ml	020-274	Extra dünnflüssiger Steinkleber als Grundierung.
2149	Steinmetz & Bildhauer	06 Kleben, Fugen & Gehrung	Marmorkitt	4	AKEMI 1000 Transparent wasserhell	020-276	Kristallklarer Kleber für helle Natursteine.
2151	Steinmetz & Bildhauer	06 Kleben, Fugen & Gehrung	Marmorkitt	4	AKEMI Marmorkitt 1000 L-Spezial 900ml	020-308	Standfeste Spachtelmasse für vertikale Verklebung.
2291	Steinmetz & Bildhauer	06 Kleben, Fugen & Gehrung	Marmorkitt	4	AKEMI EVERCLEAR 510 GEL 1080g	020-954	Vergilbungsfreier Kleber für helle Natursteine.
2522	Steinmetz & Bildhauer	06 Kleben, Fugen & Gehrung	Marmorkitt	4	AKEMI Marmorkitt 1000 THIXIO: mit Steinstruktur		Strukturimitierender Steinkitt für Restaurationen.
7674	Steinmetz & Bildhauer	06 Kleben, Fugen & Gehrung	Montagekleber	4	WEISS COSMO® PU-100.110, 1-K-PUR Montageklebstoff, beige	021-172	1K-PUR-Montagekleber für dauerhafte Verklebungen unter Belastung.
7430	Steinmetz & Bildhauer	06 Kleben, Fugen & Gehrung	Silikon-Fugendichtstoffe	4	AKEMI Marmor Silikon 310ml Kartusche		Fugendichtstoff für Naturstein ohne Randzonenverfärbung.
3550	Steinmetz & Bildhauer	06 Kleben, Fugen & Gehrung	Steinkitte	3	FERROLIT Steinkitt flüssig paglierino / jurahell		Flüssiger Steinkitt in Jurahell, im 29-kg-Grossgebinde.
1301	Steinmetz & Bildhauer	06 Kleben, Fugen & Gehrung	Steinkitte	3	FERROLIT Steinkitte solido transparent		Transparenter Steinkitt zum Ausbessern und Verkitten von Stein.
2558	Steinmetz & Bildhauer	06 Kleben, Fugen & Gehrung	Steinkitte FERROLIT	3	FERROLIT flüssig transp. 10kg	020-110	Flüssiger transparenter Steinkitt, 10kg.
1402	Steinmetz & Bildhauer	07 Reinigen, Schützen & Reparieren	AKEMI Pflege & Versiegelung	4	AKEMI Super-Gloss 750ml	020-754	Hochglanzlack zur Farbtonvertiefung auf Naturstein-Kleinflächen.
3237	Steinmetz & Bildhauer	07 Reinigen, Schützen & Reparieren	AKEMI Pflege & Versiegelung	4	AKEMI TOP SHIELD Impregnation Pad	020-972	Speziell für den gleichmässigen Auftrag von TOP SHIELD.
3544	Steinmetz & Bildhauer	07 Reinigen, Schützen & Reparieren	AKEMI Pflege & Versiegelung	4	AKEMI TOP SHIELD transparent 250ml	020-970	Hochleistungsimprägnierung, lebensmittelecht, sehr ergiebig.
622	Steinmetz & Bildhauer	07 Reinigen, Schützen & Reparieren	AKEMI Reiniger	4	AKEMI Reiniger A 1lt	020-738	Reiniger für frische Klebstoff- und Dichtungsmassenreste.
1497	Steinmetz & Bildhauer	07 Reinigen, Schützen & Reparieren	AKEMI Reiniger Naturstein	4	AKEMI Natural Stone Basic Cleaner	020-618	Alkalischer Grundreiniger für Naturstein- und Fliesenflächen.
1409	Steinmetz & Bildhauer	07 Reinigen, Schützen & Reparieren	AKEMI Spezialreiniger	4	AKEMI Rostentferner Marmor	020-944	Entfernt punktuell Rostflecken auf säureempfindlichem Naturstein.
6196	Steinmetz & Bildhauer	07 Reinigen, Schützen & Reparieren	AKEMI Steinfestiger	4	AKEMI Steinfestiger K	021-116	Steinfestiger zur Festigung von Sandstein, vergilbungsfrei.
7248	Steinmetz & Bildhauer	07 Reinigen, Schützen & Reparieren	AKEMI-Auftragswerkzeuge	3	AKEMI Impregnation Application Mob / Mikrofasermopp	020-974	Mikrofasermopp für grossflächigen Imprägnierungs-Auftrag.
7249	Steinmetz & Bildhauer	07 Reinigen, Schützen & Reparieren	AKEMI-Auftragswerkzeuge	3	AKEMI Impregnation Finish Mob	020-975	Mopp zur Aufnahme überschüssiger Imprägnierung.
7253	Steinmetz & Bildhauer	07 Reinigen, Schützen & Reparieren	AKEMI-Auftragswerkzeuge	3	AKEMI klappbarer Kunststoff-Mopphalter mit Fixierklipp 40x11cm	020-979 KH	Klapphalter für alle AKEMI-Reinigungs- und Auftragsmopps.
7254	Steinmetz & Bildhauer	07 Reinigen, Schützen & Reparieren	AKEMI-Auftragswerkzeuge	3	AKEMI Teleskopstiel aus eloxiertem Aluminium	020-979 TS	Verstellbarer Teleskopstiel für AKEMI-Mopphalter.
7255	Steinmetz & Bildhauer	07 Reinigen, Schützen & Reparieren	AKEMI-Auftragswerkzeuge	2	AKEMI Square Bucket 8 Liter rechteckig	020-690 8	8-Liter-Eimer für kleinflächigen AKEMI-Produktauftrag.
7256	Steinmetz & Bildhauer	07 Reinigen, Schützen & Reparieren	AKEMI-Auftragswerkzeuge	2	AKEMI Square Bucket 10 Liter	020-690 10	10-Liter-Eimer für grossflächigen AKEMI-Produktauftrag.
3622	Steinmetz & Bildhauer	07 Reinigen, Schützen & Reparieren	AKEMI-Reinigungssystem	4	AKEMI PRO SCRUB	020-932	Abrasives Reinigungsmittel für polierten Naturstein und Quarzkomposit.
7250	Steinmetz & Bildhauer	07 Reinigen, Schützen & Reparieren	AKEMI-Reinigungswerkzeuge	3	AKEMI Igel-Mikrofasermop	020-976	Igelmopp für intensive Reinigung rauer Oberflächen.
7251	Steinmetz & Bildhauer	07 Reinigen, Schützen & Reparieren	AKEMI-Reinigungswerkzeuge	3	AKEMI Cleaning Mob polished	020-977	Mopp für tägliche Reinigung polierter Steinoberflächen.
7252	Steinmetz & Bildhauer	07 Reinigen, Schützen & Reparieren	AKEMI-Reinigungswerkzeuge	3	AKEMI Cleaning Mob rough	020-978	Mopp für tägliche Reinigung rauer Steinoberflächen.
4273	Steinmetz & Bildhauer	07 Reinigen, Schützen & Reparieren	Ausbesserwachs	4	Baohartwachs in diverse Farben		Schnellhärtendes Wachs zum Ausbessern kleiner Steinschäden.
3866	Steinmetz & Bildhauer	07 Reinigen, Schützen & Reparieren	Entfetter & Kleberückstandsentferner	3	Seal- & Bond Remover 500 ml	021-038	Entfetter zum Entfernen von Kleber- und Dichtmassenrückständen.
1769	Steinmetz & Bildhauer	07 Reinigen, Schützen & Reparieren	FERROLIT Steinkitte	3	FERROLIT flüssig nero 1.3kg		Flüssiger schwarzer Steinkitt mit Härter zum Ausbessern.
1837	Steinmetz & Bildhauer	07 Reinigen, Schützen & Reparieren	FERROLIT Steinkitte	3	FERROLIT TIXO scuro  juradunkel		Spachtelfähiger Steinkitt in juradunkler Farbe.
2491	Steinmetz & Bildhauer	07 Reinigen, Schützen & Reparieren	Farbtonvertiefer	3	AKEMI Farbtonvertiefer		Vertieft Farbtöne ohne Glanzbildung.
2156	Steinmetz & Bildhauer	07 Reinigen, Schützen & Reparieren	Grabschmuck-Reinigung	3	SEPIA-Schalen im Beutel	020-064	Radiert Farbüberstände nach dem Beschriften weg.
4561	Steinmetz & Bildhauer	07 Reinigen, Schützen & Reparieren	Grabschmuck-Zubehör	2	SEPIA-Schalen pro Stück	020-062	Sepia-Schale zum Wegradieren überschüssiger Farbe auf Stein.
7073	Steinmetz & Bildhauer	07 Reinigen, Schützen & Reparieren	Heissluftgebläse	2	FLEX HG 530 18.0 Heissluftföhn - Akku	050-380 AK	Akku-Heissluftföhn mit LED-Licht, 2 Temperaturstufen bis 530°C.
3831	Steinmetz & Bildhauer	07 Reinigen, Schützen & Reparieren	Imprägnierung	3	AKEMI Protector W 5 Liter	020-616	Vorimprägnierung gegen Hinterfeuchtung vor dem Verlegen.
3868	Steinmetz & Bildhauer	07 Reinigen, Schützen & Reparieren	Imprägnierung	3	AKEMI IMPREGNATOR		Wasserbasierte Basisimprägnierung für Naturstein und Terrazzo.
1185	Steinmetz & Bildhauer	07 Reinigen, Schützen & Reparieren	Imprägnierung & Farbtonvertiefer	3	AKEMI Farbtonvertiefer Plus		Vertieft Farbe und Struktur von poliertem Naturstein dauerhaft.
5611	Steinmetz & Bildhauer	07 Reinigen, Schützen & Reparieren	Imprägnierung & Pflege	3	AKEMI Handpadhalter + Pad dazu		Padhalter für die Auftragung von Imprägnierung.
7367	Steinmetz & Bildhauer	07 Reinigen, Schützen & Reparieren	Imprägnierungen	4	AKEMI Anti Fleck Super		Fleckschutz-Imprägnierung für saugfähigen Natur- und Kunststein.
8074	Steinmetz & Bildhauer	07 Reinigen, Schützen & Reparieren	Imprägnierungs-Zubehör	3	AKEMI Impregnation Pad MINI und Refill		Applikationspad für gleichmässigen Imprägnierungs-Auftrag.
682	Steinmetz & Bildhauer	07 Reinigen, Schützen & Reparieren	Kristallisation Böden	3	AKEMI Basis-Kristallisator 5lt	020-576	Basis-Kristallisator erhöht Verschleissfestigkeit und Glanz von Kalksteinböden.
685	Steinmetz & Bildhauer	07 Reinigen, Schützen & Reparieren	Kristallisation Böden	3	AKEMI Finish Kristallisator 5lt	020-578	Finish-Kristallisator steigert Glanz und Rutschhemmung nach Basisbehandlung.
2218	Steinmetz & Bildhauer	07 Reinigen, Schützen & Reparieren	Pflege & Versiegeln	3	AKEMI SPIDER BLACK	020-598	Kaschiert Feinrisse auf dunklem, poliertem Stein.
2495	Steinmetz & Bildhauer	07 Reinigen, Schützen & Reparieren	Pflege & Versiegeln	3	AKEMI Steinpflegemittel 10-2012		Farbtonvertiefendes Pflege- und Poliermittel.
2501	Steinmetz & Bildhauer	07 Reinigen, Schützen & Reparieren	Pflegeimprägnierung	3	AKEMI Triple Effect		Gebrauchsfertiges Pflege- und Imprägnierspray.
5311	Steinmetz & Bildhauer	07 Reinigen, Schützen & Reparieren	Rasierklingen/Ziehklingen	4	Rasierklinge Nr.4439x18.7mm	100-024	Rasierklingen zum Abziehen und Reinigen von Oberflächen.
8404	Steinmetz & Bildhauer	07 Reinigen, Schützen & Reparieren	Reinigungsmittel Naturstein	3	AKEMI Quartz Intensive Cleaner 1l	020-832	Säurefreier Intensivreiniger für Quarzkomposit-Oberflächen.
3232	Steinmetz & Bildhauer	07 Reinigen, Schützen & Reparieren	Reinigungszubehör	4	Reinigungsschwamm	100-194	Saugfähiger, biologisch abbaubarer Reinigungsschwamm.
3234	Steinmetz & Bildhauer	07 Reinigen, Schützen & Reparieren	Reinigungszubehör	4	Reinigungsschwamm, grosssporig	100-196	Robuster Grossflächenschwamm für grössere Reinigungsarbeiten.
5891	Steinmetz & Bildhauer	07 Reinigen, Schützen & Reparieren	Reinigungszubehör	2	AKEMI Dosierhilfe für Reinigungskonzentrate 1000 ml	020-929	Dosierhilfe für exaktes Abmessen von AKEMI Reinigungskonzentraten.
3331	Steinmetz & Bildhauer	07 Reinigen, Schützen & Reparieren	Reparaturkleber & Kitte	3	AKEMI Super Glue Filler	021-062	Stahlhartes Reparaturgranulat für Splitterbrüche aller Art.
3333	Steinmetz & Bildhauer	07 Reinigen, Schützen & Reparieren	Reparaturkleber & Kitte	3	AFIN Super Glue MVX Pen	021-058	Geruchloser Sekundenkleber im Pen für vielseitige Materialien.
3335	Steinmetz & Bildhauer	07 Reinigen, Schützen & Reparieren	Reparaturkleber & Kitte	3	AFIN Super Glue Plus 20gr	021-056	Hochviskoser, NSF-zertifizierter Sekundenkleber.
2913	Steinmetz & Bildhauer	07 Reinigen, Schützen & Reparieren	Spachtel & Rührwerkzeuge	3	AKEMI Holzspatel	020-656	Holzspatel zum Anrühren kleiner Kitt- und Klebemengen.
2912	Steinmetz & Bildhauer	07 Reinigen, Schützen & Reparieren	Spachtel & Rührwerkzeuge	2	Japanspachtel 4-Teilig	020-752	4-teiliges Japanspachtel-Set von AKEMI für Kitt- und Klebearbeiten.
4213	Steinmetz & Bildhauer	07 Reinigen, Schützen & Reparieren	Spezialreiniger	4	AKEMI GOOD-BYE STAIN	020-934	Spezialreiniger gegen organische Flecken auf Naturstein und Keramik.
4259	Steinmetz & Bildhauer	07 Reinigen, Schützen & Reparieren	Spezialreiniger	4	AKEMI Reiniger I		Alkoholreiniger für Werkstücke vor der Imprägnierung.
2330	Steinmetz & Bildhauer	07 Reinigen, Schützen & Reparieren	Spezialreiniger	3	AKEMI Imprägnierungs-Entferner	020-558	Entfernt Imprägnierungsflecken und Lackreste.
2477	Steinmetz & Bildhauer	07 Reinigen, Schützen & Reparieren	Spezialreiniger	3	AKEMI Wachsentferner		Entfernt Wachs, Teer und Polituren von Stein.
4035	Steinmetz & Bildhauer	07 Reinigen, Schützen & Reparieren	Steinkitt/Reparatur	3	FERROLIT Steinkitt Spachtel weiss		Steinkitt zum Verkitten, Verkleben und Ausbessern von Naturstein.
5718	Steinmetz & Bildhauer	07 Reinigen, Schützen & Reparieren	StoneLux-Reparatur	4	StoneLux 2.0 Compacc Kit	020-194 KIT COMP	Kompaktes Reparaturset mit fünf Techniken für Stein und Keramik.
5719	Steinmetz & Bildhauer	07 Reinigen, Schützen & Reparieren	StoneLux-Reparatur	4	StoneLux 2.0 Profi Set PRO	020-194 SET PRO	Profi-Reparaturset mit Keramikmodul und Akku-Feinschleifgerät.
5720	Steinmetz & Bildhauer	07 Reinigen, Schützen & Reparieren	StoneLux-Reparatur	4	StoneLux 2.0 Professional Kit  (ohne Ceramic Kit)	020-194 KIT PROF	Professional-Reparaturset mit 10 Farben, ohne Keramikmodul.
7772	Steinmetz & Bildhauer	07 Reinigen, Schützen & Reparieren	StoneLux-Reparatur	4	AKEMI Platinum Maxi Power P+ transparent flüssig 170g	020-303	Schnelltrocknender Klarkleber mit hoher Haftung auf Marmor.
6496	Steinmetz & Bildhauer	07 Reinigen, Schützen & Reparieren	StoneLux-Reparatur	4	StoneLux 2.0 Primer Universal 1ml	020-196 PRIMER UNIV.	Universeller Haftvermittler-Stift für die StoneLux-Reparaturtechnik.
6501	Steinmetz & Bildhauer	07 Reinigen, Schützen & Reparieren	StoneLux-Reparatur	4	StoneLux 2.0 Primer granit 1ml	020-196 PRIMER GRAN.	Haftvermittler-Stift speziell für Granit-Reparaturen im StoneLux-System.
6503	Steinmetz & Bildhauer	07 Reinigen, Schützen & Reparieren	StoneLux-Reparatur	4	StoneLux 2.0 Sealer 5 ml	020-237	Sealer für die Microdefekt-Technik bei Haarrissen und Kleinstdefekten.
6504	Steinmetz & Bildhauer	07 Reinigen, Schützen & Reparieren	StoneLux-Reparatur	4	StoneLux 2.0  Seperator Pen 1ml	020-243	Antihaftstift für die Stempeltechnik bei strukturierten Keramikoberflächen.
1339	Steinmetz & Bildhauer	07 Reinigen, Schützen & Reparieren	StoneLux-Reparatur	4	StoneLux® 2.0 filler + Applikator		Reduziert die Tiefe von Reparaturstellen im StoneLux-System.
1340	Steinmetz & Bildhauer	07 Reinigen, Schützen & Reparieren	StoneLux-Reparatur	4	Slx StoneLux® 2.0 colour Spritze 2 ml in erdigen Farbebtönen		Lichthärtender Reparaturkleber zur Farbanpassung von Kanten und Kratzern.
6251	Steinmetz & Bildhauer	07 Reinigen, Schützen & Reparieren	StoneLux-Reparatur	3	StoneLux, Sichtfolie XL 5 Stk	020-244 XL	Sichtfolie für CO2-freies Aushärten bei StoneLux-Reparaturen.
6252	Steinmetz & Bildhauer	07 Reinigen, Schützen & Reparieren	StoneLux-Reparatur	3	StoneLux,Struk.Granulat X1		Struktur-Granulat für Kristallkörnungen bei StoneLux-Reparaturen.
6254	Steinmetz & Bildhauer	07 Reinigen, Schützen & Reparieren	StoneLux-Reparatur	3	StoneLux,Struk.Granulat X2		Struktur-Granulat 0,16-0,63 mm für StoneLux-Reparaturen.
6255	Steinmetz & Bildhauer	07 Reinigen, Schützen & Reparieren	StoneLux-Reparatur	3	StoneLux,Struk.Granulat X3		Struktur-Granulat 0,64-1,00 mm für StoneLux-Reparaturen.
6256	Steinmetz & Bildhauer	07 Reinigen, Schützen & Reparieren	StoneLux-Reparatur	3	StoneLux,Struk.Granulat X4		Struktur-Granulat über 1 mm für StoneLux-Reparaturen.
6334	Steinmetz & Bildhauer	07 Reinigen, Schützen & Reparieren	StoneLux-Reparatur	3	StoneLux 2.0 Trikot Beutel mit 10 Stk Putztücher	020-229	Fusselfreie Trikot-Putztücher für StoneLux-Reparaturen.
3900	Steinmetz & Bildhauer	07 Reinigen, Schützen & Reparieren	StoneLux-Reparatur	3	AKEMI Spectrum Pastes Bonding & Repair Set	020-426	Komplettes Farb- und Reparaturset für Epoxyacrylat-Kleber.
7493	Steinmetz & Bildhauer	07 Reinigen, Schützen & Reparieren	StoneLux-Reparatur	3	Akemi Release Agent 150ml	020-239	Trennmittel für rückstandsfreie Strukturabformung bei Reparaturen.
7622	Steinmetz & Bildhauer	07 Reinigen, Schützen & Reparieren	StoneLux-Reparatur	3	AKEMI Verdünnung S	020-658 S	Spezialverdünnung für das gesamte AKEMI-Kittsystem.
6508	Steinmetz & Bildhauer	07 Reinigen, Schützen & Reparieren	StoneLux-Reparatur	3	StoneLux Bluetron Schutzbrille IR/UV 5	020-255 SCHUTZBRILLE	Spezial-Schutzbrille IR 5.0 fürs StoneLux Bluetron Belichtungsgerät.
6155	Steinmetz & Bildhauer	07 Reinigen, Schützen & Reparieren	StoneLux-Reparatur	2	StoneLux Schutzschild rot zu Handlichtgerät	020-253	Ersatz-Schutzschild für StoneLux-Handlichtgerät (alte Pistole).
6169	Steinmetz & Bildhauer	07 Reinigen, Schützen & Reparieren	StoneLux-Reparatur	2	StoneLux Bluetron Schutzschild rot	020-255	Ersatz-Schutzschild für StoneLux Bluetron.
3632	Steinmetz & Bildhauer	07 Reinigen, Schützen & Reparieren	StoneLux-Reparatur	2	Kunststoffspritzen 5ml	021-154	Einweg-Dosierspritzen für präzises Auftragen von Reparaturmasse.
6499	Steinmetz & Bildhauer	07 Reinigen, Schützen & Reparieren	StoneLux-Reparatur	2	StoneLux Bluetron Ladegerät 12 Volt EU	020-255 LADEGER.	Ersatzladegerät für das StoneLux Bluetron Belichtungsgerät.
6502	Steinmetz & Bildhauer	07 Reinigen, Schützen & Reparieren	StoneLux-Reparatur	2	StoneLux 2.0 Reinigungsbürste	020-231	Reinigungsbürste für Reparaturstelle und Hobelklinge im StoneLux-System.
6237	Steinmetz & Bildhauer	08 Staub & Absaugung	Absaughauben	2	Absaughaube Ø150 FLEX SE 14 2+ LD 18-7 150 R	050-106 HAUBE	Antistatische Absaughaube ohne Adapter, Ø 150 mm.
6238	Steinmetz & Bildhauer	08 Staub & Absaugung	Absaughauben	2	FLEX Gummimanschette LD ø125	050-099	Elastischer Absaugring als Schutz vor Staub und Splittern.
5706	Steinmetz & Bildhauer	08 Staub & Absaugung	Stationäre Entstauber	2	FERROBLOC WALLY DDF2/W 2.2KW mit OWR Filterpatronen	080-015	Mobile Saugwand für dauerhaften Staubschutz im Atelier.
301	Steinmetz & Bildhauer	08 Staub & Absaugung	Staub-Filtergeräte	2	FERROBLOC S-2500 MONOCOMPACT	080-012	Mobiles Staub-Filtergerät für Bildhaueratelier und Steinwerkstatt.
6065	Steinmetz & Bildhauer	09 Maschinen & Energie (Akku, 230 V, Druckluft, Benzin)	Akku-Geradschleifer	2	FLEX DGE 18.0-EC C Akku Geradeschleifer	050-270	Akku-Geradschleifer mit Langhals, 4 Drehzahlstufen, 18V.
7072	Steinmetz & Bildhauer	09 Maschinen & Energie (Akku, 230 V, Druckluft, Benzin)	Akku-Winkelschleifer	2	FLEX LB 125 Winkelschleifer 18.0-EC 5.0 SET	050-464	Akku-Winkelschleifer-Set 125mm inkl. 2 Akkus und Ladegerät.
5785	Steinmetz & Bildhauer	09 Maschinen & Energie (Akku, 230 V, Druckluft, Benzin)	Akku-Winkelschleifer 18V	2	FLEX LBE 125 18.0-EC C Akku Winkelschleifer	050-103	Akku-Winkelschleifer Ø125mm, bürstenlos, 18V FLEX-System, ohne Akku.
6009	Steinmetz & Bildhauer	09 Maschinen & Energie (Akku, 230 V, Druckluft, Benzin)	Akku-Winkelschleifer 18V	2	FLEX L 125 18.0-EC C Akku Winkelschleifer	050-320	Akku-Winkelschleifer Ø125mm, bürstenlos, kompakter Griffbereich, 18V.
4108	Steinmetz & Bildhauer	09 Maschinen & Energie (Akku, 230 V, Druckluft, Benzin)	Aufnahme-Adapter	2	Adapter R½" AG / M14 AG	050-166	Gewindeadapter R1/2 AG auf M14 AG.
4208	Steinmetz & Bildhauer	09 Maschinen & Energie (Akku, 230 V, Druckluft, Benzin)	Aufnahmeteller	2	Werkzeug-Aufnahmeteller: Gummikupplung ø 75 mm	050-062	Vulkanisierte Gummikupplung als Werkzeug-Aufnahmeteller.
4209	Steinmetz & Bildhauer	09 Maschinen & Energie (Akku, 230 V, Druckluft, Benzin)	Aufnahmeteller	2	Werkzeug-Aufnahmeteller 100mm/130mm auf SF		Aufnahmeteller mit Bajonettwechsel, Gummi/Aluminium.
4211	Steinmetz & Bildhauer	09 Maschinen & Energie (Akku, 230 V, Druckluft, Benzin)	Aufnahmeteller	2	Werkzeug-Aufnahmeteller SF  Ø100 mm M14		Flacher Aufnahmeteller mit Bajonettwechsel M14 auf SF.
398	Steinmetz & Bildhauer	09 Maschinen & Energie (Akku, 230 V, Druckluft, Benzin)	Bodenschleifmaschinen	3	Bodenschleifmaschine MEC7-CE	070-016	ACHILLI Bodenschleifmaschine für Marmor, 4 kW, 380 V.
1745	Steinmetz & Bildhauer	09 Maschinen & Energie (Akku, 230 V, Druckluft, Benzin)	Druckluft-Geradeschleifer	2	Geradeschleifer UG-300 6mm / 3mm	060-174	Kompakter Druckluft-Geradeschleifer mit 35000 U/min für Feinarbeiten.
1746	Steinmetz & Bildhauer	09 Maschinen & Energie (Akku, 230 V, Druckluft, Benzin)	Druckluft-Geradeschleifer	2	Schleifturbine-Geradeschleifer	060-046	Mini-Druckluftschleifer mit 65000 U/min für feinste Diamantstifte.
4212	Steinmetz & Bildhauer	09 Maschinen & Energie (Akku, 230 V, Druckluft, Benzin)	Druckluftwerkzeuge	3	Pressluft-Geradeschleifer mit Einsteckende 6mm	060-176	Präziser Geradeschleifer für Schriftornamente und Feinarbeiten.
5186	Steinmetz & Bildhauer	09 Maschinen & Energie (Akku, 230 V, Druckluft, Benzin)	Elektrowerkzeuge (Steinbearbeitung)	2	FLEX	050-104	Flex-Markenwerkzeug für die professionelle Steinbearbeitung.
5744	Steinmetz & Bildhauer	09 Maschinen & Energie (Akku, 230 V, Druckluft, Benzin)	Geradschleifer 230V	2	FLEX DGE 8-32 Geradschleifer	050-035	Elektronischer 230V-Geradschleifer mit Langhals für schwer zugängliche Stellen.
292	Steinmetz & Bildhauer	09 Maschinen & Energie (Akku, 230 V, Druckluft, Benzin)	Kompressoren	2	GENTILIN C330/24 230 Volt	060-160	Mobiler 24-Liter-Kolbenkompressor für den universellen Einsatz.
5261	Steinmetz & Bildhauer	09 Maschinen & Energie (Akku, 230 V, Druckluft, Benzin)	Kühlwasserpumpen	2	Wasserpumpe WP3/S3 230V50Hz 60W	070-010	Wartungsfreie Kühlwasserpumpe für Steintrennmaschinen.
5899	Steinmetz & Bildhauer	09 Maschinen & Energie (Akku, 230 V, Druckluft, Benzin)	Nass-Schleifmaschine	2	FLEX L12-3 100 WET  mit integriertem FI im Kabel	050-107	Nass-Schleifmaschine Ø115mm mit integriertem FI-Schutzschalter im Kabel.
6051	Steinmetz & Bildhauer	09 Maschinen & Energie (Akku, 230 V, Druckluft, Benzin)	Polierer 230V	2	FLEX L 1503 VR Polierer (Maschine zu Stockmaschine ST 1503)	050-029	230V-Polierer für Polierkörper bis Ø140mm, kompatibel zur Stockmaschine ST 1503.
4301	Steinmetz & Bildhauer	09 Maschinen & Energie (Akku, 230 V, Druckluft, Benzin)	Pressluft-Handhämmer	3	CUTURI PL-Hammer TYP P Ø 5 mm		Kleiner Presslufthammer für feine Schriften und Feinarbeiten.
4362	Steinmetz & Bildhauer	09 Maschinen & Energie (Akku, 230 V, Druckluft, Benzin)	Pressluft-Handhämmer	3	PL Hammer Pistole GS 45F EE10.2mm x 36mm	060-048	Feinanlaufender Schriftenhammer für vertiefte Steinschriften.
4544	Steinmetz & Bildhauer	09 Maschinen & Energie (Akku, 230 V, Druckluft, Benzin)	Pressluft-Handhämmer	3	PL-Hammer CP7111 Einsteckende 13 (konisch)	060-080	Chicago-Pneumatic-Hammer für Spitz-, Schlag- und Stockarbeiten.
5928	Steinmetz & Bildhauer	09 Maschinen & Energie (Akku, 230 V, Druckluft, Benzin)	Pressluft-Meisselhammer	2	Meisselhammer FK 703.5A EE RK13	060-703.5 A RK13	Pressluft-Meisselhammer für Bildhauer- und Steinmetzarbeiten aller Art.
6154	Steinmetz & Bildhauer	09 Maschinen & Energie (Akku, 230 V, Druckluft, Benzin)	Pressluft-Meisselhämmer	2	Meisselhammer FK 702.5 A EE RK13	060-702.5 A RK13	Pressluft-Meisselhammer für Steinmetz- und Bildhauerarbeiten aller Art.
609	Steinmetz & Bildhauer	09 Maschinen & Energie (Akku, 230 V, Druckluft, Benzin)	Pressluft-Zubehör	4	Pneumatik-Oel für Cuturi PL-Hammer	060-068	Pneumatik-Feinöl für Cuturi-Pressluftwerkzeuge.
278	Steinmetz & Bildhauer	09 Maschinen & Energie (Akku, 230 V, Druckluft, Benzin)	Pressluftwerkzeuge	2	CUTURI PL-Hammer Typ E, Einsteckende 7.4 mm	060-004	Kleiner Presslufthammer für feine Schriften.
279	Steinmetz & Bildhauer	09 Maschinen & Energie (Akku, 230 V, Druckluft, Benzin)	Pressluftwerkzeuge	2	CUTURI PL-Hammer Typ A, Einsteckende 12.7mm	060-006	Presslufthammer für Schriften und Skulpturarbeiten.
280	Steinmetz & Bildhauer	09 Maschinen & Energie (Akku, 230 V, Druckluft, Benzin)	Pressluftwerkzeuge	2	CUTURI PL-Hammer Typ V, Einsteckende 12,7mm	060-008	Mittlerer Presslufthammer, Stocken bis 20mm.
1016	Steinmetz & Bildhauer	09 Maschinen & Energie (Akku, 230 V, Druckluft, Benzin)	Pressluftwerkzeuge	2	Schlagkopfkupplung für Presslufteisen.	040-906	Macht aus einem Handmeissel einen Druckluft-Meissel.
121	Steinmetz & Bildhauer	09 Maschinen & Energie (Akku, 230 V, Druckluft, Benzin)	Pressluftwerkzeuge	2	PL-Hammer Pistole GS 40 Einsteckende 12,7 mm	060-038	Fein schlagender Drucklufthammer für die Ornament- und Skulpturenfeinbearbeitung.
6172	Steinmetz & Bildhauer	09 Maschinen & Energie (Akku, 230 V, Druckluft, Benzin)	Sandstrahlanlagen	1	Ferroblast Sandstrahlanlage 2	070-702	Sandstrahlanlage für staubfreies Strahlen von Schriften und Ornamenten.
4142	Steinmetz & Bildhauer	09 Maschinen & Energie (Akku, 230 V, Druckluft, Benzin)	Spannflansche	2	Spannflansch für FLEX Ø 45mm  M14	050-048	Spannflansch-Set für FLEX-Winkelschleifer, Aufnahme M14.
5617	Steinmetz & Bildhauer	09 Maschinen & Energie (Akku, 230 V, Druckluft, Benzin)	Winkelschleifer (230V)	2	FLEX Aktion LD 18-7 125 R	050-000 AKT03	1800-Watt-Winkelschleifer für Boden- und Wandanschlüsse.
5636	Steinmetz & Bildhauer	09 Maschinen & Energie (Akku, 230 V, Druckluft, Benzin)	Winkelschleifer (230V)	2	FLEX L 26-6 230 TK-S Winkelschleifer	050-031	Robuster Winkelschleifer mit Anti-Kickback und SoftVib-Griff.
6043	Steinmetz & Bildhauer	09 Maschinen & Energie (Akku, 230 V, Druckluft, Benzin)	Winkelschleifer 230V	3	FLEX Aktion L 26-6 230 T-Rex	050-000 AKT09	2600W-Winkelschleifer T-Rex mit enormen Kraftreserven, Ø230mm.
5754	Steinmetz & Bildhauer	09 Maschinen & Energie (Akku, 230 V, Druckluft, Benzin)	Winkelschleifer 230V	2	FLEX LB 17-11 Winkelschleifer Ø125mm Aufnahme M 14	050-179	230V-Winkelschleifer Ø125mm mit mechanischer Bremse und Anti-Kickback.
5755	Steinmetz & Bildhauer	09 Maschinen & Energie (Akku, 230 V, Druckluft, Benzin)	Winkelschleifer 230V	2	FLEX LBE 17-11 Winkelschleifer Ø125mm  Aufnahme M 14	050-181	Regelbarer 230V-Winkelschleifer Ø125mm mit mechanischer Bremse.
6029	Steinmetz & Bildhauer	09 Maschinen & Energie (Akku, 230 V, Druckluft, Benzin)	Winkelschleifer 230V	2	FLEX  Winkelschleifer L2200 230	050-268	Robuster 230V-Winkelschleifer Ø230mm mit Stahlgetriebe.
7003	Steinmetz & Bildhauer	10 Arbeitsschutz (PSA)	Bildhauer-Schutzkleidung	3	Bildhauer Lederschürze lang	041-860	Lange Lederschürze für Bildhauer, robust mit Einstecktasche.
7004	Steinmetz & Bildhauer	10 Arbeitsschutz (PSA)	Bildhauer-Schutzkleidung	3	Bildhauer Lederhalbschürze kurz	041-862	Kurze Lederhalbschürze für Bildhauer, weiches Leder mit Stifttasche.
128	Steinmetz & Bildhauer	10 Arbeitsschutz (PSA)	Handschuhe	3	Schutzhandschuhe Nitril-Vollbeschichtung	090-058	Robuste Nitril-Vollbeschichtung schützt Hände zuverlässig.
4097	Steinmetz & Bildhauer	11 Baustellen- & Werkstattbedarf	Handwerkzeuge Allgemein	2	Stechbeitel BAHCO 22mm	100-116	Stechbeitel BAHCO mit gehärteter, nachschärfbarer Klinge.
8362	Steinmetz & Bildhauer	11 Baustellen- & Werkstattbedarf	Hämmer & Fäustel	2	PICARD Fäustel BlackTec® 3-Komponenten-Stiel		Schwingungsreduzierter Fäustel mit 3-Komponenten-Stiel.
8353	Steinmetz & Bildhauer	11 Baustellen- & Werkstattbedarf	Hämmer & Fäustel	1	PICARD EST 1857 Fäustel 1000g Geschmiedeter Hammerkopf	041-568	Handgeschmiedeter Fäustel, Sonderedition EST 1857.
8283	Steinmetz & Bildhauer	11 Baustellen- & Werkstattbedarf	Lager- & Transportsysteme	1	FERRORACK Plattenlager 3m	081-440	Plattenlager für Plattenstapel, Länge 3 m, feuerverzinkt.
8312	Steinmetz & Bildhauer	11 Baustellen- & Werkstattbedarf	Schlegel & Klopfhölzer	2	HALDER Schlegel Ø80mm/100mm/100mm / 3.6kg/5.46kg/6.5kg		Rückschlagarmer Schlegel mit stahlschrotgefülltem Kopf.
2071	Steinmetz & Bildhauer	11 Baustellen- & Werkstattbedarf	Sprühgeräte	2	Foxy Plus Sprühkopf	100-114	Ersatzkopf für Foxy Plus Sprüher.
2072	Steinmetz & Bildhauer	11 Baustellen- & Werkstattbedarf	Sprühgeräte	2	Flüssigkeitszerstäuber 5dl Foxy	100-112	Sprüht 360° aus jeder Position.
8279	Steinmetz & Bildhauer	11 Baustellen- & Werkstattbedarf	Stockhämmer & Einsätze	3	BEKA Stockhammer Einsatz 35x35/4x4G		Auswechselbarer Stockhammer-Einsatz für Granit, 4-13 Zähne.
8262	Steinmetz & Bildhauer	11 Baustellen- & Werkstattbedarf	Stockhämmer & Einsätze	2	Stockhammer BEKA 35x35mm doppelseitig mit Holzstiel	040-720 D	Doppelseitiger Stockhammer System Beka, Einsatz auswechselbar.
8263	Steinmetz & Bildhauer	11 Baustellen- & Werkstattbedarf	Stockhämmer & Einsätze	2	Stockhammer BEKA 35x35mm einseitig mit Holzstiel	040-720 E	Einseitiger Stockhammer System Beka, mit Holzstiel.
1176	Steinmetz & Bildhauer	11 Baustellen- & Werkstattbedarf	Werkstatteinrichtung	2	FERROLAM Abroller für GFK	100-018	Rollt GFK-Profile ab und schneidet sie direkt auf Mass.
7007	Steinmetz & Bildhauer	11 Baustellen- & Werkstattbedarf	Werkzeugtaschen	2	Bildhauer Lederrolltasche für Steinwerkzeuge 10 Einsteckplätze	041-868	Lederrolltasche für Steinwerkzeug mit 10 Einsteckplätzen.
5158	Steinmetz & Bildhauer	12 Sanitär- & Montagesysteme	Sockel-Dübelsysteme	3	MILANI Stahlbolzen		Dübelsystem zum sicheren Aufsockeln von Skulpturen.
1085	Steinmetz & Bildhauer	13 Lackieren & Beschichten	Grabschmuck-Beschriftung	3	AKEMI Lettering Primer Spray	020-644	Grundiert Stein vor dem Beschriften für kräftigere Schriftfarbe.
6375	Steinmetz & Bildhauer	13 Lackieren & Beschichten	Grabschmuck-Farben	3	AKEMI Spraydose Schriftfarben 400ml		Schriftfarbe als Spray für Grabsteine und Denkmäler.
657	Steinmetz & Bildhauer	13 Lackieren & Beschichten	Grabschmuck-Schriftfarben	3	AKEMI Schriftfarbe  antik-gold 400ml	020-622 GOLD	Sprühbare Schriftfarbe antik-gold für dauerhaft sichtbare Grabschriften.
658	Steinmetz & Bildhauer	13 Lackieren & Beschichten	Grabschmuck-Schriftfarben	3	AKEMI Schriftfarbe antik-silber  400ml	020-622 SILBER	Sprühbare Schriftfarbe antik-silber für dauerhaft sichtbare Grabschriften.
6712	Steinmetz & Bildhauer	13 Lackieren & Beschichten	Grabschmuck-Schriftfarben	3	AKEMI Lettering Gloss Spray 400ml	020-619	Transparentlack erhöht Glanz und Witterungsbeständigkeit von AKEMI Schriftfarben.
6713	Steinmetz & Bildhauer	13 Lackieren & Beschichten	Grabschmuck-Schriftfarben	1	AKEMI Schriftfarben Farbfächer Colourchart	020-927	Farbfächer mit 21 Mustern zur Auswahl der AKEMI Schriftfarben.
2282	Steinmetz & Bildhauer	13 Lackieren & Beschichten	Schriftfarben	3	Akemi Schriftfarben Verdünnung	020-621	Verdünner für AKEMI Schriftfarben.
4062	Steinmetz & Bildhauer	13 Lackieren & Beschichten	Schriftfarben	3	AKEMI Schriftfarben Pinselware 100ml		Schriftfarbe für Grabsteine und Denkmäler, hohe Deckkraft.
7100	Steinmetz & Bildhauer	14 Modellieren & Formen (Ton, Keramik, StoneLux-Art)	Bildhauer-Handwerkzeuge	2	Ferrit Stahl-Fläche 100mm 2 Versionen		Nachschleifbare Stahl-Bildhauerfläche 100mm, 2 Zahnvarianten.
7670	Steinmetz & Bildhauer	14 Modellieren & Formen (Ton, Keramik, StoneLux-Art)	Bildhauer-Presslufteisen	3	Pressluft Schrifteisen FERROBLAU G 12mm PL12,7	041-491	Pressluft-Schrifteisen mit WIDIA-Hartmetall für Granitschrift.
1638	Steinmetz & Bildhauer	14 Modellieren & Formen (Ton, Keramik, StoneLux-Art)	Bildhauer-Sets	3	Guillet Bildhauerset No. 1	040-004	12-teiliges Bildhauer-Grundset für den Einstieg in die Steinbearbeitung.
182	Steinmetz & Bildhauer	14 Modellieren & Formen (Ton, Keramik, StoneLux-Art)	Bildhauer-Sets	3	Guillet Bildhauerset No. 2	040-006	12-teiliges Bildhauerset für erweiterte Steinbearbeitung.
7006	Steinmetz & Bildhauer	14 Modellieren & Formen (Ton, Keramik, StoneLux-Art)	Bildhauer-Zubehör	2	Bildhauer Canvaskissen aus Baumwolle 40x40cm	041-866	Sandkissen aus Baumwolle als Werkstückauflage für Bildhauer.
1733	Steinmetz & Bildhauer	14 Modellieren & Formen (Ton, Keramik, StoneLux-Art)	Fäustel & Klüpfel	2	Milani Künstlerfäustel Eisen 500 Gramm	040-924	Gedämpfter Eisenfäustel für Marmorarbeiten und Detailausarbeitung.
1438	Steinmetz & Bildhauer	14 Modellieren & Formen (Ton, Keramik, StoneLux-Art)	Handmeissel & Schrifteisen	2	MILANI Hand Zahneisen 10mm 3 Zähne	041-472	Handgefertigtes Zahneisen mit Hartmetalleinsatz für präzise Bearbeitung.
1501	Steinmetz & Bildhauer	14 Modellieren & Formen (Ton, Keramik, StoneLux-Art)	Handmeissel & Schrifteisen	2	Bossierspitzeisen Hand mit Schlägelkopf SK für Granit		Bossierspitzeisen aus Hartmetall für Granit und hohe Beanspruchung.
1510	Steinmetz & Bildhauer	14 Modellieren & Formen (Ton, Keramik, StoneLux-Art)	Meissel-Adapter	2	Schlagkopf Kupplung ø7,4x45mm	040-902	Adapter macht aus einem Handmeissel einen Druckluft-Meissel.
1511	Steinmetz & Bildhauer	14 Modellieren & Formen (Ton, Keramik, StoneLux-Art)	Meissel-Adapter	2	Schlagkopf Kupplung ø12,7x50mm	040-900	Adapter macht aus einem Handmeissel einen Druckluft-Meissel.
1155	Steinmetz & Bildhauer	14 Modellieren & Formen (Ton, Keramik, StoneLux-Art)	Modellier- und Gipsspachtel	2	Modellier/Gipsspachtel 15cm157	041-294	Flexibler Modellier- und Gipsspachtel von MILANI, beidseitig nutzbar.
1197	Steinmetz & Bildhauer	14 Modellieren & Formen (Ton, Keramik, StoneLux-Art)	Modellier- und Gipsspachtel	2	Modellier/Gipsspachtel A047	041-308	Modellierspachtel mit flexibler und schneidender Seite.
1199	Steinmetz & Bildhauer	14 Modellieren & Formen (Ton, Keramik, StoneLux-Art)	Modellier- und Gipsspachtel	2	Modellier / Gipsspachtel 29cm A051	041-312	Grosser Modellierspachtel mit flexibler und schneidender Seite.
1200	Steinmetz & Bildhauer	14 Modellieren & Formen (Ton, Keramik, StoneLux-Art)	Modellier- und Gipsspachtel	2	Milani Modellier / Gipsspachtel15cm	041-316	Kompakter Modellier- und Gipsspachtel von MILANI.
1201	Steinmetz & Bildhauer	14 Modellieren & Formen (Ton, Keramik, StoneLux-Art)	Modellier- und Gipsspachtel	2	MILANI Modellier / Gipsspachtel 15cm 88	041-318	Kompakter Modellier- und Gipsspachtel von MILANI.
1202	Steinmetz & Bildhauer	14 Modellieren & Formen (Ton, Keramik, StoneLux-Art)	Modellier- und Gipsspachtel	2	Modellier/Gipsspachtel15cm 149	041-320	Kompakter Modellier- und Gipsspachtel von MILANI.
1231	Steinmetz & Bildhauer	14 Modellieren & Formen (Ton, Keramik, StoneLux-Art)	Modellier- und Gipsspachtel	2	Modellier/Gipsspachtel22cm A045	041-322	Modellierspachtel mit flexibler und schneidender Seite.
1365	Steinmetz & Bildhauer	14 Modellieren & Formen (Ton, Keramik, StoneLux-Art)	Modellier- und Gipsspachtel	2	MILANI Modellier/Gipsspachtel		Modellierspachtel mit flexibler und schneidender Seite.
7099	Steinmetz & Bildhauer	14 Modellieren & Formen (Ton, Keramik, StoneLux-Art)	Pressluft-Bildhauerwerkzeuge	2	Guillet Pressluft Zahneisen  2 Zähne Aufnahme D139HK Konus 6-Kant		Pressluft-Zahneisen mit 2 Zähnen für Bildhauerarbeiten.
1440	Steinmetz & Bildhauer	14 Modellieren & Formen (Ton, Keramik, StoneLux-Art)	Pressluft-Meissel EUROP	2	EUROP Pressluft Schrifteisen 15mm Aufnahme 10,2mm	040-056	Pressluftschrifteisen mit Widia-Einsatz für Marmor und Kalkstein.
1624	Steinmetz & Bildhauer	14 Modellieren & Formen (Ton, Keramik, StoneLux-Art)	Pressluft-Meissel EUROP	2	EUROP PL Schrifteisen 10mm Aufnahme 10.2mm	040-090	Pressluftschrifteisen mit Widia-Einsatz, 10 mm Breite.
1637	Steinmetz & Bildhauer	14 Modellieren & Formen (Ton, Keramik, StoneLux-Art)	Pressluft-Meissel Guillet	2	GUILLET PL Schlageisen 20mm	040-294	Pressluft-Schlageisen mit Widia-Einsatz und Klüpfelkopf.
194	Steinmetz & Bildhauer	14 Modellieren & Formen (Ton, Keramik, StoneLux-Art)	REXID Hartmetallwerkzeuge	2	REXID Zweispitzhammer W	040-366	Widia-Zweispitzhammer zum Strukturieren von Weichgestein.
1761	Steinmetz & Bildhauer	14 Modellieren & Formen (Ton, Keramik, StoneLux-Art)	Stockhämmer	2	Stockhammer KONUS 20 x 20 mm	040-718	Leichter Stockhammer für auswechselbare Einsätze 20x20 mm.
594	Steinmetz & Bildhauer	14 Modellieren & Formen (Ton, Keramik, StoneLux-Art)	StoneLux-Reparatur	4	StoneLux, Sichtfolie 5 Stk.	020-244	StoneLux Sichtfolie zum luftdichten Aushärten von Reparaturmaterial.
595	Steinmetz & Bildhauer	14 Modellieren & Formen (Ton, Keramik, StoneLux-Art)	StoneLux-Reparatur	4	Slx StoneLux® 2.0 Plastik Kanülen 10 Stk.	020-246	Plastik-Kanülen für StoneLux 2.0 Spritzen zur präzisen Dosierung.
598	Steinmetz & Bildhauer	14 Modellieren & Formen (Ton, Keramik, StoneLux-Art)	StoneLux-Reparatur	4	Slx StoneLux® 2.0 Composite Hobelklinge	020-254	Ersatzklinge für den StoneLux Composite Hobel, beidseitig nutzbar.
6092	Steinmetz & Bildhauer	14 Modellieren & Formen (Ton, Keramik, StoneLux-Art)	StoneLux-Reparatur	4	StoneLux 2.0 Ceramic diverse Farben, Spritze 2ml		StoneLux 2.0 Ceramic-Reparaturpaste in Trendfarben für Sinterkeramik und Fliesen.
591	Steinmetz & Bildhauer	14 Modellieren & Formen (Ton, Keramik, StoneLux-Art)	StoneLux-Reparatur	3	Slx StoneLux® Composite Hobel	020-228	StoneLux Composite Hobel zum Abtragen von Materialüberschüssen ohne Glanzveränderung.
596	Steinmetz & Bildhauer	14 Modellieren & Formen (Ton, Keramik, StoneLux-Art)	StoneLux-Reparatur	3	Slx StoneLux® 2.0 Anmischplatte Plexiglas	020-248	Plexiglas-Anmischplatte für StoneLux 2.0 Reparaturmaterialien.
597	Steinmetz & Bildhauer	14 Modellieren & Formen (Ton, Keramik, StoneLux-Art)	StoneLux-Reparatur	3	Slx StoneLux® 2.0 Applikationsinstrument	020-250	Applikationsinstrument zum Anmischen und Auftragen von StoneLux-Reparaturmaterial.
7834	Steinmetz & Bildhauer	14 Modellieren & Formen (Ton, Keramik, StoneLux-Art)	StoneLux-Reparatur	3	AKEMI Hobel	021-230	Spezialhobel für glanzgradschonende Materialabtragung.
580	Steinmetz & Bildhauer	14 Modellieren & Formen (Ton, Keramik, StoneLux-Art)	StoneLux-Reparatur	2	StoneLux, Pyrosol-Gas 50ml	020-198	Pyrosol-Gas Haftvermittler für ältere StoneLux-Reparatursysteme.
